# Blender 5.0.1
# www.blender.org
mtllib car_interior.mtl
o CarFloor
v -0.700000 -0.025000 1.100000
v -0.700000 0.025000 1.100000
v -0.700000 -0.025000 -1.100000
v -0.700000 0.025000 -1.100000
v 0.700000 -0.025000 1.100000
v 0.700000 0.025000 1.100000
v 0.700000 -0.025000 -1.100000
v 0.700000 0.025000 -1.100000
vn -1.0000 -0.0000 -0.0000
vn -0.0000 -0.0000 -1.0000
vn 1.0000 -0.0000 -0.0000
vn -0.0000 -0.0000 1.0000
vn -0.0000 -1.0000 -0.0000
vn -0.0000 1.0000 -0.0000
vt 0.375000 0.000000
vt 0.625000 0.000000
vt 0.625000 0.250000
vt 0.375000 0.250000
vt 0.625000 0.500000
vt 0.375000 0.500000
vt 0.625000 0.750000
vt 0.375000 0.750000
vt 0.625000 1.000000
vt 0.375000 1.000000
vt 0.125000 0.500000
vt 0.125000 0.750000
vt 0.875000 0.500000
vt 0.875000 0.750000
s 0
usemtl CarCarpet
f 1/1/1 2/2/1 4/3/1 3/4/1
f 3/4/2 4/3/2 8/5/2 7/6/2
f 7/6/3 8/5/3 6/7/3 5/8/3
f 5/8/4 6/7/4 2/9/4 1/10/4
f 3/11/5 7/6/5 5/8/5 1/12/5
f 8/5/6 4/13/6 2/14/6 6/7/6
o DoorPanel_L
v -0.775000 0.000000 1.000000
v -0.775000 1.000000 1.000000
v -0.775000 0.000000 -1.000000
v -0.775000 1.000000 -1.000000
v -0.725000 0.000000 1.000000
v -0.725000 1.000000 1.000000
v -0.725000 0.000000 -1.000000
v -0.725000 1.000000 -1.000000
vn -1.0000 -0.0000 -0.0000
vn -0.0000 -0.0000 -1.0000
vn 1.0000 -0.0000 -0.0000
vn -0.0000 -0.0000 1.0000
vn -0.0000 -1.0000 -0.0000
vn -0.0000 1.0000 -0.0000
vt 0.375000 0.000000
vt 0.625000 0.000000
vt 0.625000 0.250000
vt 0.375000 0.250000
vt 0.625000 0.500000
vt 0.375000 0.500000
vt 0.625000 0.750000
vt 0.375000 0.750000
vt 0.625000 1.000000
vt 0.375000 1.000000
vt 0.125000 0.500000
vt 0.125000 0.750000
vt 0.875000 0.500000
vt 0.875000 0.750000
s 0
usemtl Dashboard
f 9/15/7 10/16/7 12/17/7 11/18/7
f 11/18/8 12/17/8 16/19/8 15/20/8
f 15/20/9 16/19/9 14/21/9 13/22/9
f 13/22/10 14/21/10 10/23/10 9/24/10
f 11/25/11 15/20/11 13/22/11 9/26/11
f 16/19/12 12/27/12 10/28/12 14/21/12
o DoorPanel_R
v 0.725000 0.000000 1.000000
v 0.725000 1.000000 1.000000
v 0.725000 0.000000 -1.000000
v 0.725000 1.000000 -1.000000
v 0.775000 0.000000 1.000000
v 0.775000 1.000000 1.000000
v 0.775000 0.000000 -1.000000
v 0.775000 1.000000 -1.000000
vn -1.0000 -0.0000 -0.0000
vn -0.0000 -0.0000 -1.0000
vn 1.0000 -0.0000 -0.0000
vn -0.0000 -0.0000 1.0000
vn -0.0000 -1.0000 -0.0000
vn -0.0000 1.0000 -0.0000
vt 0.375000 0.000000
vt 0.625000 0.000000
vt 0.625000 0.250000
vt 0.375000 0.250000
vt 0.625000 0.500000
vt 0.375000 0.500000
vt 0.625000 0.750000
vt 0.375000 0.750000
vt 0.625000 1.000000
vt 0.375000 1.000000
vt 0.125000 0.500000
vt 0.125000 0.750000
vt 0.875000 0.500000
vt 0.875000 0.750000
s 0
usemtl Dashboard
f 17/29/13 18/30/13 20/31/13 19/32/13
f 19/32/14 20/31/14 24/33/14 23/34/14
f 23/34/15 24/33/15 22/35/15 21/36/15
f 21/36/16 22/35/16 18/37/16 17/38/16
f 19/39/17 23/34/17 21/36/17 17/40/17
f 24/33/18 20/41/18 18/42/18 22/35/18
o RoofLiner
v -0.700000 1.125000 1.000000
v -0.700000 1.175000 1.000000
v -0.700000 1.125000 -1.000000
v -0.700000 1.175000 -1.000000
v 0.700000 1.125000 1.000000
v 0.700000 1.175000 1.000000
v 0.700000 1.125000 -1.000000
v 0.700000 1.175000 -1.000000
vn -1.0000 -0.0000 -0.0000
vn -0.0000 -0.0000 -1.0000
vn 1.0000 -0.0000 -0.0000
vn -0.0000 -0.0000 1.0000
vn -0.0000 -1.0000 -0.0000
vn -0.0000 1.0000 -0.0000
vt 0.375000 0.000000
vt 0.625000 0.000000
vt 0.625000 0.250000
vt 0.375000 0.250000
vt 0.625000 0.500000
vt 0.375000 0.500000
vt 0.625000 0.750000
vt 0.375000 0.750000
vt 0.625000 1.000000
vt 0.375000 1.000000
vt 0.125000 0.500000
vt 0.125000 0.750000
vt 0.875000 0.500000
vt 0.875000 0.750000
s 0
usemtl Dashboard
f 25/43/19 26/44/19 28/45/19 27/46/19
f 27/46/20 28/45/20 32/47/20 31/48/20
f 31/48/21 32/47/21 30/49/21 29/50/21
f 29/50/22 30/49/22 26/51/22 25/52/22
f 27/53/23 31/48/23 29/50/23 25/54/23
f 32/47/24 28/55/24 26/56/24 30/49/24
o Windshield
v -0.675000 0.850000 -0.700000
v 0.675000 0.850000 -0.700000
v -0.675000 0.850000 -1.500000
v 0.675000 0.850000 -1.500000
vn -0.0000 1.0000 -0.0000
vt 0.000000 0.000000
vt 1.000000 0.000000
vt 1.000000 1.000000
vt 0.000000 1.000000
s 0
usemtl WindowGlass
f 33/57/25 34/58/25 36/59/25 35/60/25
o RearWindow
v -0.675000 0.850000 1.400000
v 0.675000 0.850000 1.400000
v -0.675000 0.850000 0.800000
v 0.675000 0.850000 0.800000
vn -0.0000 1.0000 -0.0000
vt 0.000000 0.000000
vt 1.000000 0.000000
vt 1.000000 1.000000
vt 0.000000 1.000000
s 0
usemtl WindowGlass
f 37/61/26 38/62/26 40/63/26 39/64/26
o DriverSeatBase
v -0.675000 0.225000 0.000000
v -0.675000 0.475000 0.000000
v -0.675000 0.225000 -0.600000
v -0.675000 0.475000 -0.600000
v -0.125000 0.225000 0.000000
v -0.125000 0.475000 0.000000
v -0.125000 0.225000 -0.600000
v -0.125000 0.475000 -0.600000
vn -1.0000 -0.0000 -0.0000
vn -0.0000 -0.0000 -1.0000
vn 1.0000 -0.0000 -0.0000
vn -0.0000 -0.0000 1.0000
vn -0.0000 -1.0000 -0.0000
vn -0.0000 1.0000 -0.0000
vt 0.375000 0.000000
vt 0.625000 0.000000
vt 0.625000 0.250000
vt 0.375000 0.250000
vt 0.625000 0.500000
vt 0.375000 0.500000
vt 0.625000 0.750000
vt 0.375000 0.750000
vt 0.625000 1.000000
vt 0.375000 1.000000
vt 0.125000 0.500000
vt 0.125000 0.750000
vt 0.875000 0.500000
vt 0.875000 0.750000
s 0
usemtl SeatFabric
f 41/65/27 42/66/27 44/67/27 43/68/27
f 43/68/28 44/67/28 48/69/28 47/70/28
f 47/70/29 48/69/29 46/71/29 45/72/29
f 45/72/30 46/71/30 42/73/30 41/74/30
f 43/75/31 47/70/31 45/72/31 41/76/31
f 48/69/32 44/77/32 42/78/32 46/71/32
o DriverSeatBack
v -0.675000 0.424867 0.038883
v -0.675000 1.101015 -0.142290
v -0.675000 0.398985 -0.057710
v -0.675000 1.075133 -0.238883
v -0.125000 0.424867 0.038883
v -0.125000 1.101015 -0.142290
v -0.125000 0.398985 -0.057710
v -0.125000 1.075133 -0.238883
vn -1.0000 -0.0000 -0.0000
vn -0.0000 -0.2588 -0.9659
vn 1.0000 -0.0000 -0.0000
vn -0.0000 0.2588 0.9659
vn -0.0000 -0.9659 0.2588
vn -0.0000 0.9659 -0.2588
vt 0.375000 0.000000
vt 0.625000 0.000000
vt 0.625000 0.250000
vt 0.375000 0.250000
vt 0.625000 0.500000
vt 0.375000 0.500000
vt 0.625000 0.750000
vt 0.375000 0.750000
vt 0.625000 1.000000
vt 0.375000 1.000000
vt 0.125000 0.500000
vt 0.125000 0.750000
vt 0.875000 0.500000
vt 0.875000 0.750000
s 0
usemtl SeatFabric
f 49/79/33 50/80/33 52/81/33 51/82/33
f 51/82/34 52/81/34 56/83/34 55/84/34
f 55/84/35 56/83/35 54/85/35 53/86/35
f 53/86/36 54/85/36 50/87/36 49/88/36
f 51/89/37 55/84/37 53/86/37 49/90/37
f 56/83/38 52/91/38 50/92/38 54/85/38
o DriverHeadrest
v -0.600000 0.960000 0.010000
v -0.600000 1.140000 0.010000
v -0.600000 0.960000 -0.110000
v -0.600000 1.140000 -0.110000
v -0.200000 0.960000 0.010000
v -0.200000 1.140000 0.010000
v -0.200000 0.960000 -0.110000
v -0.200000 1.140000 -0.110000
vn -1.0000 -0.0000 -0.0000
vn -0.0000 -0.0000 -1.0000
vn 1.0000 -0.0000 -0.0000
vn -0.0000 -0.0000 1.0000
vn -0.0000 -1.0000 -0.0000
vn -0.0000 1.0000 -0.0000
vt 0.375000 0.000000
vt 0.625000 0.000000
vt 0.625000 0.250000
vt 0.375000 0.250000
vt 0.625000 0.500000
vt 0.375000 0.500000
vt 0.625000 0.750000
vt 0.375000 0.750000
vt 0.625000 1.000000
vt 0.375000 1.000000
vt 0.125000 0.500000
vt 0.125000 0.750000
vt 0.875000 0.500000
vt 0.875000 0.750000
s 0
usemtl SeatFabric
f 57/93/39 58/94/39 60/95/39 59/96/39
f 59/96/40 60/95/40 64/97/40 63/98/40
f 63/98/41 64/97/41 62/99/41 61/100/41
f 61/100/42 62/99/42 58/101/42 57/102/42
f 59/103/43 63/98/43 61/100/43 57/104/43
f 64/97/44 60/105/44 58/106/44 62/99/44
o PassengerSeatBase
v 0.125000 0.225000 0.000000
v 0.125000 0.475000 0.000000
v 0.125000 0.225000 -0.600000
v 0.125000 0.475000 -0.600000
v 0.675000 0.225000 0.000000
v 0.675000 0.475000 0.000000
v 0.675000 0.225000 -0.600000
v 0.675000 0.475000 -0.600000
vn -1.0000 -0.0000 -0.0000
vn -0.0000 -0.0000 -1.0000
vn 1.0000 -0.0000 -0.0000
vn -0.0000 -0.0000 1.0000
vn -0.0000 -1.0000 -0.0000
vn -0.0000 1.0000 -0.0000
vt 0.375000 0.000000
vt 0.625000 0.000000
vt 0.625000 0.250000
vt 0.375000 0.250000
vt 0.625000 0.500000
vt 0.375000 0.500000
vt 0.625000 0.750000
vt 0.375000 0.750000
vt 0.625000 1.000000
vt 0.375000 1.000000
vt 0.125000 0.500000
vt 0.125000 0.750000
vt 0.875000 0.500000
vt 0.875000 0.750000
s 0
usemtl SeatFabric
f 65/107/45 66/108/45 68/109/45 67/110/45
f 67/110/46 68/109/46 72/111/46 71/112/46
f 71/112/47 72/111/47 70/113/47 69/114/47
f 69/114/48 70/113/48 66/115/48 65/116/48
f 67/117/49 71/112/49 69/114/49 65/118/49
f 72/111/50 68/119/50 66/120/50 70/113/50
o PassengerSeatBack
v 0.125000 0.424867 0.038883
v 0.125000 1.101015 -0.142290
v 0.125000 0.398985 -0.057710
v 0.125000 1.075133 -0.238883
v 0.675000 0.424867 0.038883
v 0.675000 1.101015 -0.142290
v 0.675000 0.398985 -0.057710
v 0.675000 1.075133 -0.238883
vn -1.0000 -0.0000 -0.0000
vn -0.0000 -0.2588 -0.9659
vn 1.0000 -0.0000 -0.0000
vn -0.0000 0.2588 0.9659
vn -0.0000 -0.9659 0.2588
vn -0.0000 0.9659 -0.2588
vt 0.375000 0.000000
vt 0.625000 0.000000
vt 0.625000 0.250000
vt 0.375000 0.250000
vt 0.625000 0.500000
vt 0.375000 0.500000
vt 0.625000 0.750000
vt 0.375000 0.750000
vt 0.625000 1.000000
vt 0.375000 1.000000
vt 0.125000 0.500000
vt 0.125000 0.750000
vt 0.875000 0.500000
vt 0.875000 0.750000
s 0
usemtl SeatFabric
f 73/121/51 74/122/51 76/123/51 75/124/51
f 75/124/52 76/123/52 80/125/52 79/126/52
f 79/126/53 80/125/53 78/127/53 77/128/53
f 77/128/54 78/127/54 74/129/54 73/130/54
f 75/131/55 79/126/55 77/128/55 73/132/55
f 80/125/56 76/133/56 74/134/56 78/127/56
o PassengerHeadrest
v 0.200000 0.960000 0.010000
v 0.200000 1.140000 0.010000
v 0.200000 0.960000 -0.110000
v 0.200000 1.140000 -0.110000
v 0.600000 0.960000 0.010000
v 0.600000 1.140000 0.010000
v 0.600000 0.960000 -0.110000
v 0.600000 1.140000 -0.110000
vn -1.0000 -0.0000 -0.0000
vn -0.0000 -0.0000 -1.0000
vn 1.0000 -0.0000 -0.0000
vn -0.0000 -0.0000 1.0000
vn -0.0000 -1.0000 -0.0000
vn -0.0000 1.0000 -0.0000
vt 0.375000 0.000000
vt 0.625000 0.000000
vt 0.625000 0.250000
vt 0.375000 0.250000
vt 0.625000 0.500000
vt 0.375000 0.500000
vt 0.625000 0.750000
vt 0.375000 0.750000
vt 0.625000 1.000000
vt 0.375000 1.000000
vt 0.125000 0.500000
vt 0.125000 0.750000
vt 0.875000 0.500000
vt 0.875000 0.750000
s 0
usemtl SeatFabric
f 81/135/57 82/136/57 84/137/57 83/138/57
f 83/138/58 84/137/58 88/139/58 87/140/58
f 87/140/59 88/139/59 86/141/59 85/142/59
f 85/142/60 86/141/60 82/143/60 81/144/60
f 83/145/61 87/140/61 85/142/61 81/146/61
f 88/139/62 84/147/62 82/148/62 86/141/62
o RearSeat
v -0.650000 0.225000 0.850000
v -0.650000 0.475000 0.850000
v -0.650000 0.225000 0.350000
v -0.650000 0.475000 0.350000
v 0.650000 0.225000 0.850000
v 0.650000 0.475000 0.850000
v 0.650000 0.225000 0.350000
v 0.650000 0.475000 0.350000
vn -1.0000 -0.0000 -0.0000
vn -0.0000 -0.0000 -1.0000
vn 1.0000 -0.0000 -0.0000
vn -0.0000 -0.0000 1.0000
vn -0.0000 -1.0000 -0.0000
vn -0.0000 1.0000 -0.0000
vt 0.375000 0.000000
vt 0.625000 0.000000
vt 0.625000 0.250000
vt 0.375000 0.250000
vt 0.625000 0.500000
vt 0.375000 0.500000
vt 0.625000 0.750000
vt 0.375000 0.750000
vt 0.625000 1.000000
vt 0.375000 1.000000
vt 0.125000 0.500000
vt 0.125000 0.750000
vt 0.875000 0.500000
vt 0.875000 0.750000
s 0
usemtl SeatFabric
f 89/149/63 90/150/63 92/151/63 91/152/63
f 91/152/64 92/151/64 96/153/64 95/154/64
f 95/154/65 96/153/65 94/155/65 93/156/65
f 93/156/66 94/155/66 90/157/66 89/158/66
f 91/159/67 95/154/67 93/156/67 89/160/67
f 96/153/68 92/161/68 90/162/68 94/155/68
o RearSeatBack
v -0.650000 0.462480 0.892652
v -0.650000 0.954884 0.805828
v -0.650000 0.445116 0.794172
v -0.650000 0.937519 0.707348
v 0.650000 0.462480 0.892652
v 0.650000 0.954884 0.805828
v 0.650000 0.445116 0.794172
v 0.650000 0.937519 0.707348
vn -1.0000 -0.0000 -0.0000
vn -0.0000 -0.1736 -0.9848
vn 1.0000 -0.0000 -0.0000
vn -0.0000 0.1736 0.9848
vn -0.0000 -0.9848 0.1736
vn -0.0000 0.9848 -0.1736
vt 0.375000 0.000000
vt 0.625000 0.000000
vt 0.625000 0.250000
vt 0.375000 0.250000
vt 0.625000 0.500000
vt 0.375000 0.500000
vt 0.625000 0.750000
vt 0.375000 0.750000
vt 0.625000 1.000000
vt 0.375000 1.000000
vt 0.125000 0.500000
vt 0.125000 0.750000
vt 0.875000 0.500000
vt 0.875000 0.750000
s 0
usemtl SeatFabric
f 97/163/69 98/164/69 100/165/69 99/166/69
f 99/166/70 100/165/70 104/167/70 103/168/70
f 103/168/71 104/167/71 102/169/71 101/170/71
f 101/170/72 102/169/72 98/171/72 97/172/72
f 99/173/73 103/168/73 101/170/73 97/174/73
f 104/167/74 100/175/74 98/176/74 102/169/74
o Dashboard
v -0.700000 0.325000 -0.550000
v -0.700000 0.575000 -0.550000
v -0.700000 0.325000 -0.850000
v -0.700000 0.575000 -0.850000
v 0.700000 0.325000 -0.550000
v 0.700000 0.575000 -0.550000
v 0.700000 0.325000 -0.850000
v 0.700000 0.575000 -0.850000
vn -1.0000 -0.0000 -0.0000
vn -0.0000 -0.0000 -1.0000
vn 1.0000 -0.0000 -0.0000
vn -0.0000 -0.0000 1.0000
vn -0.0000 -1.0000 -0.0000
vn -0.0000 1.0000 -0.0000
vt 0.375000 0.000000
vt 0.625000 0.000000
vt 0.625000 0.250000
vt 0.375000 0.250000
vt 0.625000 0.500000
vt 0.375000 0.500000
vt 0.625000 0.750000
vt 0.375000 0.750000
vt 0.625000 1.000000
vt 0.375000 1.000000
vt 0.125000 0.500000
vt 0.125000 0.750000
vt 0.875000 0.500000
vt 0.875000 0.750000
s 0
usemtl Dashboard
f 105/177/75 106/178/75 108/179/75 107/180/75
f 107/180/76 108/179/76 112/181/76 111/182/76
f 111/182/77 112/181/77 110/183/77 109/184/77
f 109/184/78 110/183/78 106/185/78 105/186/78
f 107/187/79 111/182/79 109/184/79 105/188/79
f 112/181/80 108/189/80 106/190/80 110/183/80
o DashScreen
v 0.000000 0.500000 -0.470000
v 0.400000 0.500000 -0.470000
v 0.000000 0.500000 -0.670000
v 0.400000 0.500000 -0.670000
vn -0.0000 1.0000 -0.0000
vt 0.000000 0.000000
vt 1.000000 0.000000
vt 1.000000 1.000000
vt 0.000000 1.000000
s 0
usemtl DashScreen
f 113/191/81 114/192/81 116/193/81 115/194/81
o SteeringWheel
v -0.195000 0.550000 -0.600000
v -0.198349 0.550000 -0.587500
v -0.207500 0.550000 -0.578349
v -0.220000 0.550000 -0.575000
v -0.232500 0.550000 -0.578349
v -0.241651 0.550000 -0.587500
v -0.245000 0.550000 -0.600000
v -0.241651 0.550000 -0.612500
v -0.232500 0.550000 -0.621651
v -0.220000 0.550000 -0.625000
v -0.207500 0.550000 -0.621651
v -0.198349 0.550000 -0.612500
v -0.196754 0.576758 -0.600000
v -0.200074 0.576321 -0.587500
v -0.209147 0.575126 -0.578349
v -0.221540 0.573495 -0.575000
v -0.233933 0.571863 -0.578349
v -0.243005 0.570669 -0.587500
v -0.246326 0.570232 -0.600000
v -0.243005 0.570669 -0.612500
v -0.233933 0.571863 -0.621651
v -0.221540 0.573495 -0.625000
v -0.209147 0.575126 -0.621651
v -0.200074 0.576321 -0.612500
v -0.201985 0.603058 -0.600000
v -0.205220 0.602191 -0.587500
v -0.214059 0.599823 -0.578349
v -0.226133 0.596587 -0.575000
v -0.238207 0.593352 -0.578349
v -0.247046 0.590984 -0.587500
v -0.250282 0.590117 -0.600000
v -0.247046 0.590984 -0.612500
v -0.238207 0.593352 -0.621651
v -0.226133 0.596587 -0.625000
v -0.214059 0.599823 -0.621651
v -0.205220 0.602191 -0.612500
v -0.210605 0.628450 -0.600000
v -0.213699 0.627168 -0.587500
v -0.222153 0.623667 -0.578349
v -0.233702 0.618883 -0.575000
v -0.245250 0.614100 -0.578349
v -0.253704 0.610598 -0.587500
v -0.256799 0.609316 -0.600000
v -0.253704 0.610598 -0.612500
v -0.245250 0.614100 -0.621651
v -0.233702 0.618883 -0.625000
v -0.222153 0.623667 -0.621651
v -0.213699 0.627168 -0.612500
v -0.222465 0.652500 -0.600000
v -0.225365 0.650825 -0.587500
v -0.233290 0.646250 -0.578349
v -0.244115 0.640000 -0.575000
v -0.254941 0.633750 -0.578349
v -0.262865 0.629175 -0.587500
v -0.265766 0.627500 -0.600000
v -0.262865 0.629175 -0.612500
v -0.254941 0.633750 -0.621651
v -0.244115 0.640000 -0.625000
v -0.233290 0.646250 -0.621651
v -0.225365 0.650825 -0.612500
v -0.237363 0.674796 -0.600000
v -0.240020 0.672757 -0.587500
v -0.247279 0.667187 -0.578349
v -0.257196 0.659577 -0.575000
v -0.267113 0.651968 -0.578349
v -0.274373 0.646397 -0.587500
v -0.277030 0.644358 -0.600000
v -0.274373 0.646397 -0.612500
v -0.267113 0.651968 -0.621651
v -0.257196 0.659577 -0.625000
v -0.247279 0.667187 -0.621651
v -0.240020 0.672757 -0.612500
v -0.255043 0.694957 -0.600000
v -0.257411 0.692589 -0.587500
v -0.263882 0.686118 -0.578349
v -0.272721 0.677279 -0.575000
v -0.281560 0.668440 -0.578349
v -0.288030 0.661970 -0.587500
v -0.290398 0.659602 -0.600000
v -0.288030 0.661970 -0.612500
v -0.281560 0.668440 -0.621651
v -0.272721 0.677279 -0.625000
v -0.263882 0.686118 -0.621651
v -0.257411 0.692589 -0.612500
v -0.275204 0.712637 -0.600000
v -0.277243 0.709980 -0.587500
v -0.282813 0.702721 -0.578349
v -0.290423 0.692804 -0.575000
v -0.298032 0.682887 -0.578349
v -0.303603 0.675627 -0.587500
v -0.305642 0.672970 -0.600000
v -0.303603 0.675627 -0.612500
v -0.298032 0.682887 -0.621651
v -0.290423 0.692804 -0.625000
v -0.282813 0.702721 -0.621651
v -0.277243 0.709980 -0.612500
v -0.297500 0.727535 -0.600000
v -0.299175 0.724635 -0.587500
v -0.303750 0.716710 -0.578349
v -0.310000 0.705885 -0.575000
v -0.316250 0.695059 -0.578349
v -0.320825 0.687135 -0.587500
v -0.322500 0.684234 -0.600000
v -0.320825 0.687135 -0.612500
v -0.316250 0.695059 -0.621651
v -0.310000 0.705885 -0.625000
v -0.303750 0.716710 -0.621651
v -0.299175 0.724635 -0.612500
v -0.321550 0.739395 -0.600000
v -0.322832 0.736301 -0.587500
v -0.326333 0.727847 -0.578349
v -0.331117 0.716298 -0.575000
v -0.335900 0.704750 -0.578349
v -0.339402 0.696296 -0.587500
v -0.340684 0.693201 -0.600000
v -0.339402 0.696296 -0.612500
v -0.335900 0.704750 -0.621651
v -0.331117 0.716298 -0.625000
v -0.326333 0.727847 -0.621651
v -0.322832 0.736301 -0.612500
v -0.346942 0.748015 -0.600000
v -0.347809 0.744780 -0.587500
v -0.350177 0.735941 -0.578349
v -0.353413 0.723867 -0.575000
v -0.356648 0.711793 -0.578349
v -0.359016 0.702954 -0.587500
v -0.359883 0.699719 -0.600000
v -0.359016 0.702954 -0.612500
v -0.356648 0.711793 -0.621651
v -0.353413 0.723867 -0.625000
v -0.350177 0.735941 -0.621651
v -0.347809 0.744780 -0.612500
v -0.373242 0.753246 -0.600000
v -0.373679 0.749925 -0.587500
v -0.374874 0.740853 -0.578349
v -0.376505 0.728460 -0.575000
v -0.378137 0.716067 -0.578349
v -0.379331 0.706995 -0.587500
v -0.379768 0.703674 -0.600000
v -0.379331 0.706995 -0.612500
v -0.378137 0.716067 -0.621651
v -0.376505 0.728460 -0.625000
v -0.374874 0.740853 -0.621651
v -0.373679 0.749925 -0.612500
v -0.400000 0.755000 -0.600000
v -0.400000 0.751651 -0.587500
v -0.400000 0.742500 -0.578349
v -0.400000 0.730000 -0.575000
v -0.400000 0.717500 -0.578349
v -0.400000 0.708349 -0.587500
v -0.400000 0.705000 -0.600000
v -0.400000 0.708349 -0.612500
v -0.400000 0.717500 -0.621651
v -0.400000 0.730000 -0.625000
v -0.400000 0.742500 -0.621651
v -0.400000 0.751651 -0.612500
v -0.426758 0.753246 -0.600000
v -0.426321 0.749925 -0.587500
v -0.425126 0.740853 -0.578349
v -0.423495 0.728460 -0.575000
v -0.421863 0.716067 -0.578349
v -0.420669 0.706995 -0.587500
v -0.420232 0.703674 -0.600000
v -0.420669 0.706995 -0.612500
v -0.421863 0.716067 -0.621651
v -0.423495 0.728460 -0.625000
v -0.425126 0.740853 -0.621651
v -0.426321 0.749925 -0.612500
v -0.453058 0.748015 -0.600000
v -0.452191 0.744780 -0.587500
v -0.449823 0.735941 -0.578349
v -0.446587 0.723867 -0.575000
v -0.443352 0.711793 -0.578349
v -0.440984 0.702954 -0.587500
v -0.440117 0.699719 -0.600000
v -0.440984 0.702954 -0.612500
v -0.443352 0.711793 -0.621651
v -0.446587 0.723867 -0.625000
v -0.449823 0.735941 -0.621651
v -0.452191 0.744780 -0.612500
v -0.478450 0.739395 -0.600000
v -0.477168 0.736301 -0.587500
v -0.473667 0.727847 -0.578349
v -0.468883 0.716298 -0.575000
v -0.464099 0.704750 -0.578349
v -0.460598 0.696296 -0.587500
v -0.459316 0.693201 -0.600000
v -0.460598 0.696296 -0.612500
v -0.464099 0.704750 -0.621651
v -0.468883 0.716298 -0.625000
v -0.473667 0.727847 -0.621651
v -0.477168 0.736301 -0.612500
v -0.502500 0.727535 -0.600000
v -0.500825 0.724635 -0.587500
v -0.496250 0.716710 -0.578349
v -0.490000 0.705885 -0.575000
v -0.483750 0.695059 -0.578349
v -0.479175 0.687135 -0.587500
v -0.477500 0.684234 -0.600000
v -0.479175 0.687135 -0.612500
v -0.483750 0.695059 -0.621651
v -0.490000 0.705885 -0.625000
v -0.496250 0.716710 -0.621651
v -0.500825 0.724635 -0.612500
v -0.524796 0.712637 -0.600000
v -0.522757 0.709980 -0.587500
v -0.517187 0.702721 -0.578349
v -0.509577 0.692804 -0.575000
v -0.501968 0.682887 -0.578349
v -0.496397 0.675627 -0.587500
v -0.494358 0.672970 -0.600000
v -0.496397 0.675627 -0.612500
v -0.501968 0.682887 -0.621651
v -0.509577 0.692804 -0.625000
v -0.517187 0.702721 -0.621651
v -0.522757 0.709980 -0.612500
v -0.544957 0.694957 -0.600000
v -0.542589 0.692589 -0.587500
v -0.536118 0.686118 -0.578349
v -0.527279 0.677279 -0.575000
v -0.518440 0.668440 -0.578349
v -0.511970 0.661970 -0.587500
v -0.509602 0.659602 -0.600000
v -0.511970 0.661970 -0.612500
v -0.518440 0.668440 -0.621651
v -0.527279 0.677279 -0.625000
v -0.536118 0.686118 -0.621651
v -0.542589 0.692589 -0.612500
v -0.562637 0.674796 -0.600000
v -0.559980 0.672757 -0.587500
v -0.552721 0.667187 -0.578349
v -0.542804 0.659577 -0.575000
v -0.532887 0.651968 -0.578349
v -0.525627 0.646397 -0.587500
v -0.522970 0.644358 -0.600000
v -0.525627 0.646397 -0.612500
v -0.532887 0.651968 -0.621651
v -0.542804 0.659577 -0.625000
v -0.552721 0.667187 -0.621651
v -0.559980 0.672757 -0.612500
v -0.577535 0.652500 -0.600000
v -0.574635 0.650825 -0.587500
v -0.566710 0.646250 -0.578349
v -0.555885 0.640000 -0.575000
v -0.545059 0.633750 -0.578349
v -0.537135 0.629175 -0.587500
v -0.534234 0.627500 -0.600000
v -0.537135 0.629175 -0.612500
v -0.545059 0.633750 -0.621651
v -0.555885 0.640000 -0.625000
v -0.566710 0.646250 -0.621651
v -0.574635 0.650825 -0.612500
v -0.589395 0.628450 -0.600000
v -0.586301 0.627168 -0.587500
v -0.577847 0.623667 -0.578349
v -0.566298 0.618883 -0.575000
v -0.554750 0.614100 -0.578349
v -0.546296 0.610598 -0.587500
v -0.543201 0.609316 -0.600000
v -0.546296 0.610598 -0.612500
v -0.554750 0.614100 -0.621651
v -0.566298 0.618883 -0.625000
v -0.577847 0.623667 -0.621651
v -0.586301 0.627168 -0.612500
v -0.598015 0.603058 -0.600000
v -0.594780 0.602191 -0.587500
v -0.585941 0.599823 -0.578349
v -0.573867 0.596587 -0.575000
v -0.561793 0.593352 -0.578349
v -0.552954 0.590984 -0.587500
v -0.549718 0.590117 -0.600000
v -0.552954 0.590984 -0.612500
v -0.561793 0.593352 -0.621651
v -0.573867 0.596587 -0.625000
v -0.585941 0.599823 -0.621651
v -0.594780 0.602191 -0.612500
v -0.603246 0.576758 -0.600000
v -0.599926 0.576321 -0.587500
v -0.590853 0.575126 -0.578349
v -0.578460 0.573495 -0.575000
v -0.566067 0.571863 -0.578349
v -0.556995 0.570669 -0.587500
v -0.553674 0.570232 -0.600000
v -0.556995 0.570669 -0.612500
v -0.566067 0.571863 -0.621651
v -0.578460 0.573495 -0.625000
v -0.590853 0.575126 -0.621651
v -0.599926 0.576321 -0.612500
v -0.605000 0.550000 -0.600000
v -0.601651 0.550000 -0.587500
v -0.592500 0.550000 -0.578349
v -0.580000 0.550000 -0.575000
v -0.567500 0.550000 -0.578349
v -0.558349 0.550000 -0.587500
v -0.555000 0.550000 -0.600000
v -0.558349 0.550000 -0.612500
v -0.567500 0.550000 -0.621651
v -0.580000 0.550000 -0.625000
v -0.592500 0.550000 -0.621651
v -0.601651 0.550000 -0.612500
v -0.603246 0.523242 -0.600000
v -0.599926 0.523679 -0.587500
v -0.590853 0.524874 -0.578349
v -0.578460 0.526505 -0.575000
v -0.566067 0.528137 -0.578349
v -0.556995 0.529331 -0.587500
v -0.553674 0.529768 -0.600000
v -0.556995 0.529331 -0.612500
v -0.566067 0.528137 -0.621651
v -0.578460 0.526505 -0.625000
v -0.590853 0.524874 -0.621651
v -0.599926 0.523679 -0.612500
v -0.598015 0.496942 -0.600000
v -0.594780 0.497809 -0.587500
v -0.585941 0.500177 -0.578349
v -0.573867 0.503413 -0.575000
v -0.561793 0.506648 -0.578349
v -0.552954 0.509016 -0.587500
v -0.549718 0.509883 -0.600000
v -0.552954 0.509016 -0.612500
v -0.561793 0.506648 -0.621651
v -0.573867 0.503413 -0.625000
v -0.585941 0.500177 -0.621651
v -0.594780 0.497809 -0.612500
v -0.589395 0.471550 -0.600000
v -0.586301 0.472832 -0.587500
v -0.577847 0.476333 -0.578349
v -0.566298 0.481117 -0.575000
v -0.554750 0.485901 -0.578349
v -0.546296 0.489402 -0.587500
v -0.543201 0.490684 -0.600000
v -0.546296 0.489402 -0.612500
v -0.554750 0.485901 -0.621651
v -0.566298 0.481117 -0.625000
v -0.577847 0.476333 -0.621651
v -0.586301 0.472832 -0.612500
v -0.577535 0.447500 -0.600000
v -0.574635 0.449175 -0.587500
v -0.566710 0.453750 -0.578349
v -0.555885 0.460000 -0.575000
v -0.545059 0.466250 -0.578349
v -0.537135 0.470825 -0.587500
v -0.534234 0.472500 -0.600000
v -0.537135 0.470825 -0.612500
v -0.545059 0.466250 -0.621651
v -0.555885 0.460000 -0.625000
v -0.566710 0.453750 -0.621651
v -0.574635 0.449175 -0.612500
v -0.562637 0.425204 -0.600000
v -0.559980 0.427243 -0.587500
v -0.552721 0.432813 -0.578349
v -0.542804 0.440423 -0.575000
v -0.532887 0.448032 -0.578349
v -0.525627 0.453603 -0.587500
v -0.522970 0.455642 -0.600000
v -0.525627 0.453603 -0.612500
v -0.532887 0.448032 -0.621651
v -0.542804 0.440423 -0.625000
v -0.552721 0.432813 -0.621651
v -0.559980 0.427243 -0.612500
v -0.544957 0.405043 -0.600000
v -0.542589 0.407412 -0.587500
v -0.536118 0.413882 -0.578349
v -0.527279 0.422721 -0.575000
v -0.518440 0.431560 -0.578349
v -0.511970 0.438030 -0.587500
v -0.509602 0.440398 -0.600000
v -0.511970 0.438030 -0.612500
v -0.518440 0.431560 -0.621651
v -0.527279 0.422721 -0.625000
v -0.536118 0.413882 -0.621651
v -0.542589 0.407412 -0.612500
v -0.524796 0.387363 -0.600000
v -0.522757 0.390020 -0.587500
v -0.517187 0.397280 -0.578349
v -0.509577 0.407196 -0.575000
v -0.501968 0.417113 -0.578349
v -0.496397 0.424373 -0.587500
v -0.494358 0.427030 -0.600000
v -0.496397 0.424373 -0.612500
v -0.501968 0.417113 -0.621651
v -0.509577 0.407196 -0.625000
v -0.517187 0.397280 -0.621651
v -0.522757 0.390020 -0.612500
v -0.502500 0.372465 -0.600000
v -0.500825 0.375365 -0.587500
v -0.496250 0.383290 -0.578349
v -0.490000 0.394115 -0.575000
v -0.483750 0.404941 -0.578349
v -0.479175 0.412865 -0.587500
v -0.477500 0.415766 -0.600000
v -0.479175 0.412865 -0.612500
v -0.483750 0.404941 -0.621651
v -0.490000 0.394115 -0.625000
v -0.496250 0.383290 -0.621651
v -0.500825 0.375365 -0.612500
v -0.478450 0.360605 -0.600000
v -0.477168 0.363699 -0.587500
v -0.473667 0.372153 -0.578349
v -0.468883 0.383702 -0.575000
v -0.464099 0.395250 -0.578349
v -0.460598 0.403704 -0.587500
v -0.459316 0.406799 -0.600000
v -0.460598 0.403704 -0.612500
v -0.464099 0.395250 -0.621651
v -0.468883 0.383702 -0.625000
v -0.473667 0.372153 -0.621651
v -0.477168 0.363699 -0.612500
v -0.453058 0.351985 -0.600000
v -0.452191 0.355220 -0.587500
v -0.449823 0.364059 -0.578349
v -0.446588 0.376133 -0.575000
v -0.443352 0.388207 -0.578349
v -0.440984 0.397046 -0.587500
v -0.440117 0.400282 -0.600000
v -0.440984 0.397046 -0.612500
v -0.443352 0.388207 -0.621651
v -0.446588 0.376133 -0.625000
v -0.449823 0.364059 -0.621651
v -0.452191 0.355220 -0.612500
v -0.426758 0.346754 -0.600000
v -0.426321 0.350075 -0.587500
v -0.425126 0.359147 -0.578349
v -0.423495 0.371540 -0.575000
v -0.421863 0.383933 -0.578349
v -0.420669 0.393005 -0.587500
v -0.420232 0.396326 -0.600000
v -0.420669 0.393005 -0.612500
v -0.421863 0.383933 -0.621651
v -0.423495 0.371540 -0.625000
v -0.425126 0.359147 -0.621651
v -0.426321 0.350075 -0.612500
v -0.400000 0.345000 -0.600000
v -0.400000 0.348349 -0.587500
v -0.400000 0.357500 -0.578349
v -0.400000 0.370000 -0.575000
v -0.400000 0.382500 -0.578349
v -0.400000 0.391651 -0.587500
v -0.400000 0.395000 -0.600000
v -0.400000 0.391651 -0.612500
v -0.400000 0.382500 -0.621651
v -0.400000 0.370000 -0.625000
v -0.400000 0.357500 -0.621651
v -0.400000 0.348349 -0.612500
v -0.373242 0.346754 -0.600000
v -0.373679 0.350074 -0.587500
v -0.374874 0.359147 -0.578349
v -0.376505 0.371540 -0.575000
v -0.378137 0.383933 -0.578349
v -0.379331 0.393005 -0.587500
v -0.379768 0.396326 -0.600000
v -0.379331 0.393005 -0.612500
v -0.378137 0.383933 -0.621651
v -0.376505 0.371540 -0.625000
v -0.374874 0.359147 -0.621651
v -0.373679 0.350074 -0.612500
v -0.346942 0.351985 -0.600000
v -0.347809 0.355220 -0.587500
v -0.350177 0.364059 -0.578349
v -0.353413 0.376133 -0.575000
v -0.356648 0.388207 -0.578349
v -0.359016 0.397046 -0.587500
v -0.359883 0.400281 -0.600000
v -0.359016 0.397046 -0.612500
v -0.356648 0.388207 -0.621651
v -0.353413 0.376133 -0.625000
v -0.350177 0.364059 -0.621651
v -0.347809 0.355220 -0.612500
v -0.321550 0.360605 -0.600000
v -0.322832 0.363699 -0.587500
v -0.326333 0.372153 -0.578349
v -0.331117 0.383702 -0.575000
v -0.335900 0.395250 -0.578349
v -0.339402 0.403704 -0.587500
v -0.340684 0.406799 -0.600000
v -0.339402 0.403704 -0.612500
v -0.335900 0.395250 -0.621651
v -0.331117 0.383702 -0.625000
v -0.326333 0.372153 -0.621651
v -0.322832 0.363699 -0.612500
v -0.297500 0.372465 -0.600000
v -0.299175 0.375365 -0.587500
v -0.303750 0.383290 -0.578349
v -0.310000 0.394115 -0.575000
v -0.316250 0.404941 -0.578349
v -0.320825 0.412865 -0.587500
v -0.322500 0.415766 -0.600000
v -0.320825 0.412865 -0.612500
v -0.316250 0.404941 -0.621651
v -0.310000 0.394115 -0.625000
v -0.303750 0.383290 -0.621651
v -0.299175 0.375365 -0.612500
v -0.275204 0.387363 -0.600000
v -0.277243 0.390020 -0.587500
v -0.282813 0.397279 -0.578349
v -0.290423 0.407196 -0.575000
v -0.298033 0.417113 -0.578349
v -0.303603 0.424373 -0.587500
v -0.305642 0.427030 -0.600000
v -0.303603 0.424373 -0.612500
v -0.298033 0.417113 -0.621651
v -0.290423 0.407196 -0.625000
v -0.282813 0.397279 -0.621651
v -0.277243 0.390020 -0.612500
v -0.255043 0.405043 -0.600000
v -0.257412 0.407411 -0.587500
v -0.263882 0.413882 -0.578349
v -0.272721 0.422721 -0.575000
v -0.281560 0.431560 -0.578349
v -0.288030 0.438030 -0.587500
v -0.290399 0.440398 -0.600000
v -0.288030 0.438030 -0.612500
v -0.281560 0.431560 -0.621651
v -0.272721 0.422721 -0.625000
v -0.263882 0.413882 -0.621651
v -0.257412 0.407411 -0.612500
v -0.237363 0.425204 -0.600000
v -0.240020 0.427243 -0.587500
v -0.247279 0.432813 -0.578349
v -0.257196 0.440423 -0.575000
v -0.267113 0.448032 -0.578349
v -0.274373 0.453603 -0.587500
v -0.277030 0.455642 -0.600000
v -0.274373 0.453603 -0.612500
v -0.267113 0.448032 -0.621651
v -0.257196 0.440423 -0.625000
v -0.247279 0.432813 -0.621651
v -0.240020 0.427243 -0.612500
v -0.222465 0.447500 -0.600000
v -0.225365 0.449175 -0.587500
v -0.233290 0.453750 -0.578349
v -0.244115 0.460000 -0.575000
v -0.254941 0.466250 -0.578349
v -0.262865 0.470825 -0.587500
v -0.265766 0.472500 -0.600000
v -0.262865 0.470825 -0.612500
v -0.254941 0.466250 -0.621651
v -0.244115 0.460000 -0.625000
v -0.233290 0.453750 -0.621651
v -0.225365 0.449175 -0.612500
v -0.210605 0.471550 -0.600000
v -0.213699 0.472832 -0.587500
v -0.222153 0.476333 -0.578349
v -0.233702 0.481117 -0.575000
v -0.245250 0.485900 -0.578349
v -0.253704 0.489402 -0.587500
v -0.256799 0.490684 -0.600000
v -0.253704 0.489402 -0.612500
v -0.245250 0.485900 -0.621651
v -0.233702 0.481117 -0.625000
v -0.222153 0.476333 -0.621651
v -0.213699 0.472832 -0.612500
v -0.201985 0.496942 -0.600000
v -0.205220 0.497809 -0.587500
v -0.214059 0.500177 -0.578349
v -0.226133 0.503413 -0.575000
v -0.238207 0.506648 -0.578349
v -0.247046 0.509016 -0.587500
v -0.250282 0.509883 -0.600000
v -0.247046 0.509016 -0.612500
v -0.238207 0.506648 -0.621651
v -0.226133 0.503413 -0.625000
v -0.214059 0.500177 -0.621651
v -0.205220 0.497809 -0.612500
v -0.196754 0.523242 -0.600000
v -0.200074 0.523679 -0.587500
v -0.209147 0.524874 -0.578349
v -0.221540 0.526505 -0.575000
v -0.233933 0.528137 -0.578349
v -0.243005 0.529331 -0.587500
v -0.246326 0.529768 -0.600000
v -0.243005 0.529331 -0.612500
v -0.233933 0.528137 -0.621651
v -0.221540 0.526505 -0.625000
v -0.209147 0.524874 -0.621651
v -0.200074 0.523679 -0.612500
vn 0.9640 0.0632 0.2583
vn 0.7063 0.0463 0.7063
vn 0.2588 0.0170 0.9658
vn -0.2588 -0.0170 0.9658
vn -0.7063 -0.0463 0.7063
vn -0.9640 -0.0632 0.2583
vn -0.9640 -0.0632 -0.2583
vn -0.7063 -0.0463 -0.7063
vn -0.2588 -0.0170 -0.9658
vn 0.2588 0.0170 -0.9658
vn 0.7063 0.0463 -0.7063
vn 0.9640 0.0632 -0.2583
vn 0.9475 0.1885 0.2583
vn 0.6943 0.1381 0.7063
vn 0.2544 0.0506 0.9658
vn -0.2544 -0.0506 0.9658
vn -0.6943 -0.1381 0.7063
vn -0.9475 -0.1885 0.2583
vn -0.9475 -0.1885 -0.2583
vn -0.6943 -0.1381 -0.7063
vn -0.2544 -0.0506 -0.9658
vn 0.2544 0.0506 -0.9658
vn 0.6943 0.1381 -0.7063
vn 0.9475 0.1885 -0.2583
vn 0.9148 0.3105 0.2583
vn 0.6703 0.2275 0.7063
vn 0.2456 0.0834 0.9658
vn -0.2456 -0.0834 0.9658
vn -0.6703 -0.2275 0.7063
vn -0.9148 -0.3105 0.2583
vn -0.9148 -0.3105 -0.2583
vn -0.6703 -0.2275 -0.7063
vn -0.2456 -0.0834 -0.9658
vn 0.2456 0.0834 -0.9658
vn 0.6703 0.2275 -0.7063
vn 0.9148 0.3105 -0.2583
vn 0.8664 0.4273 0.2583
vn 0.6349 0.3131 0.7063
vn 0.2326 0.1147 0.9658
vn -0.2326 -0.1147 0.9658
vn -0.6349 -0.3131 0.7063
vn -0.8664 -0.4273 0.2583
vn -0.8664 -0.4273 -0.2583
vn -0.6349 -0.3131 -0.7063
vn -0.2326 -0.1147 -0.9658
vn 0.2326 0.1147 -0.9658
vn 0.6349 0.3131 -0.7063
vn 0.8664 0.4273 -0.2583
vn 0.8033 0.5367 0.2583
vn 0.5886 0.3933 0.7063
vn 0.2156 0.1441 0.9658
vn -0.2156 -0.1441 0.9658
vn -0.5886 -0.3933 0.7063
vn -0.8033 -0.5367 0.2583
vn -0.8033 -0.5367 -0.2583
vn -0.5886 -0.3933 -0.7063
vn -0.2156 -0.1441 -0.9658
vn 0.2156 0.1441 -0.9658
vn 0.5886 0.3933 -0.7063
vn 0.8033 0.5367 -0.2583
vn 0.7263 0.6370 0.2583
vn 0.5322 0.4667 0.7063
vn 0.1950 0.1710 0.9658
vn -0.1950 -0.1710 0.9658
vn -0.5322 -0.4667 0.7063
vn -0.7263 -0.6370 0.2583
vn -0.7263 -0.6370 -0.2583
vn -0.5322 -0.4667 -0.7063
vn -0.1950 -0.1710 -0.9658
vn 0.1950 0.1710 -0.9658
vn 0.5322 0.4667 -0.7063
vn 0.7263 0.6370 -0.2583
vn 0.6370 0.7263 0.2583
vn 0.4667 0.5322 0.7063
vn 0.1710 0.1950 0.9658
vn -0.1710 -0.1950 0.9658
vn -0.4667 -0.5322 0.7063
vn -0.6370 -0.7263 0.2583
vn -0.6370 -0.7263 -0.2583
vn -0.4667 -0.5322 -0.7063
vn -0.1710 -0.1950 -0.9658
vn 0.1710 0.1950 -0.9658
vn 0.4667 0.5322 -0.7063
vn 0.6370 0.7263 -0.2583
vn 0.5367 0.8033 0.2583
vn 0.3933 0.5886 0.7063
vn 0.1441 0.2156 0.9658
vn -0.1441 -0.2156 0.9658
vn -0.3933 -0.5886 0.7063
vn -0.5367 -0.8033 0.2583
vn -0.5367 -0.8033 -0.2583
vn -0.3933 -0.5886 -0.7063
vn -0.1441 -0.2156 -0.9658
vn 0.1441 0.2156 -0.9658
vn 0.3933 0.5886 -0.7063
vn 0.5367 0.8033 -0.2583
vn 0.4273 0.8664 0.2583
vn 0.3131 0.6349 0.7063
vn 0.1147 0.2326 0.9658
vn -0.1147 -0.2326 0.9658
vn -0.3131 -0.6349 0.7063
vn -0.4273 -0.8664 0.2583
vn -0.4273 -0.8664 -0.2583
vn -0.3131 -0.6349 -0.7063
vn -0.1147 -0.2326 -0.9658
vn 0.1147 0.2326 -0.9658
vn 0.3131 0.6349 -0.7063
vn 0.4273 0.8664 -0.2583
vn 0.3105 0.9148 0.2583
vn 0.2275 0.6703 0.7063
vn 0.0834 0.2456 0.9658
vn -0.0834 -0.2456 0.9658
vn -0.2275 -0.6703 0.7063
vn -0.3105 -0.9148 0.2583
vn -0.3105 -0.9148 -0.2583
vn -0.2275 -0.6703 -0.7063
vn -0.0834 -0.2456 -0.9658
vn 0.0834 0.2456 -0.9658
vn 0.2275 0.6703 -0.7063
vn 0.3105 0.9148 -0.2583
vn 0.1885 0.9475 0.2583
vn 0.1381 0.6943 0.7063
vn 0.0506 0.2544 0.9658
vn -0.0506 -0.2544 0.9658
vn -0.1381 -0.6943 0.7063
vn -0.1885 -0.9475 0.2583
vn -0.1885 -0.9475 -0.2583
vn -0.1381 -0.6943 -0.7063
vn -0.0506 -0.2544 -0.9658
vn 0.0506 0.2544 -0.9658
vn 0.1381 0.6943 -0.7063
vn 0.1885 0.9475 -0.2583
vn 0.0632 0.9640 0.2583
vn 0.0463 0.7063 0.7063
vn 0.0170 0.2588 0.9658
vn -0.0170 -0.2588 0.9658
vn -0.0463 -0.7063 0.7063
vn -0.0632 -0.9640 0.2583
vn -0.0632 -0.9640 -0.2583
vn -0.0463 -0.7063 -0.7063
vn -0.0170 -0.2588 -0.9658
vn 0.0170 0.2588 -0.9658
vn 0.0463 0.7063 -0.7063
vn 0.0632 0.9640 -0.2583
vn -0.0632 0.9640 0.2583
vn -0.0463 0.7063 0.7063
vn -0.0170 0.2588 0.9658
vn 0.0170 -0.2588 0.9658
vn 0.0463 -0.7063 0.7063
vn 0.0632 -0.9640 0.2583
vn 0.0632 -0.9640 -0.2583
vn 0.0463 -0.7063 -0.7063
vn 0.0170 -0.2588 -0.9658
vn -0.0170 0.2588 -0.9658
vn -0.0463 0.7063 -0.7064
vn -0.0632 0.9640 -0.2583
vn -0.1885 0.9475 0.2583
vn -0.1381 0.6943 0.7063
vn -0.0506 0.2544 0.9658
vn 0.0506 -0.2544 0.9658
vn 0.1381 -0.6943 0.7063
vn 0.1885 -0.9475 0.2583
vn 0.1885 -0.9475 -0.2583
vn 0.1381 -0.6943 -0.7063
vn 0.0506 -0.2544 -0.9658
vn -0.0506 0.2544 -0.9658
vn -0.1381 0.6943 -0.7063
vn -0.1885 0.9475 -0.2583
vn -0.3105 0.9148 0.2583
vn -0.2275 0.6703 0.7063
vn -0.0834 0.2456 0.9658
vn 0.0834 -0.2456 0.9658
vn 0.2275 -0.6703 0.7063
vn 0.3105 -0.9148 0.2583
vn 0.3105 -0.9148 -0.2583
vn 0.2275 -0.6703 -0.7063
vn 0.0834 -0.2456 -0.9658
vn -0.0834 0.2456 -0.9658
vn -0.2275 0.6703 -0.7063
vn -0.3105 0.9148 -0.2583
vn -0.4273 0.8664 0.2583
vn -0.3131 0.6349 0.7063
vn -0.1147 0.2326 0.9658
vn 0.1147 -0.2326 0.9658
vn 0.3131 -0.6349 0.7063
vn 0.4273 -0.8664 0.2583
vn 0.4273 -0.8664 -0.2583
vn 0.3131 -0.6349 -0.7063
vn 0.1147 -0.2326 -0.9658
vn -0.1147 0.2326 -0.9658
vn -0.3131 0.6349 -0.7063
vn -0.4273 0.8664 -0.2583
vn -0.5367 0.8033 0.2583
vn -0.3933 0.5886 0.7063
vn -0.1441 0.2156 0.9658
vn 0.1441 -0.2156 0.9658
vn 0.3933 -0.5886 0.7063
vn 0.5367 -0.8033 0.2583
vn 0.5367 -0.8033 -0.2583
vn 0.3933 -0.5886 -0.7063
vn 0.1441 -0.2156 -0.9658
vn -0.1441 0.2156 -0.9658
vn -0.3933 0.5886 -0.7063
vn -0.5367 0.8033 -0.2583
vn -0.6370 0.7263 0.2583
vn -0.4667 0.5322 0.7063
vn -0.1710 0.1950 0.9658
vn 0.1710 -0.1950 0.9658
vn 0.4667 -0.5322 0.7063
vn 0.6370 -0.7263 0.2583
vn 0.6370 -0.7263 -0.2583
vn 0.4667 -0.5322 -0.7063
vn 0.1710 -0.1950 -0.9658
vn -0.1710 0.1950 -0.9658
vn -0.4667 0.5322 -0.7063
vn -0.6370 0.7263 -0.2583
vn -0.7263 0.6370 0.2583
vn -0.5322 0.4667 0.7063
vn -0.1950 0.1710 0.9658
vn 0.1950 -0.1710 0.9658
vn 0.5322 -0.4667 0.7063
vn 0.7263 -0.6370 0.2583
vn 0.7263 -0.6370 -0.2583
vn 0.5322 -0.4667 -0.7063
vn 0.1950 -0.1710 -0.9658
vn -0.1950 0.1710 -0.9658
vn -0.5322 0.4667 -0.7063
vn -0.7263 0.6370 -0.2583
vn -0.8033 0.5367 0.2583
vn -0.5886 0.3933 0.7063
vn -0.2156 0.1441 0.9658
vn 0.2156 -0.1441 0.9658
vn 0.5886 -0.3933 0.7063
vn 0.8033 -0.5367 0.2583
vn 0.8033 -0.5367 -0.2583
vn 0.5886 -0.3933 -0.7063
vn 0.2156 -0.1441 -0.9658
vn -0.2156 0.1441 -0.9658
vn -0.5886 0.3933 -0.7063
vn -0.8033 0.5367 -0.2583
vn -0.8664 0.4273 0.2583
vn -0.6349 0.3131 0.7063
vn -0.2326 0.1147 0.9658
vn 0.2326 -0.1147 0.9658
vn 0.6349 -0.3131 0.7063
vn 0.8664 -0.4273 0.2583
vn 0.8664 -0.4273 -0.2583
vn 0.6349 -0.3131 -0.7063
vn 0.2326 -0.1147 -0.9658
vn -0.2326 0.1147 -0.9658
vn -0.6349 0.3131 -0.7063
vn -0.8664 0.4273 -0.2583
vn -0.9148 0.3105 0.2583
vn -0.6703 0.2275 0.7063
vn -0.2456 0.0834 0.9658
vn 0.2456 -0.0834 0.9658
vn 0.6703 -0.2275 0.7063
vn 0.9148 -0.3105 0.2583
vn 0.9148 -0.3105 -0.2583
vn 0.6703 -0.2275 -0.7063
vn 0.2456 -0.0834 -0.9658
vn -0.2456 0.0834 -0.9658
vn -0.6703 0.2275 -0.7063
vn -0.9148 0.3105 -0.2583
vn -0.9475 0.1885 0.2583
vn -0.6943 0.1381 0.7063
vn -0.2544 0.0506 0.9658
vn 0.2544 -0.0506 0.9658
vn 0.6943 -0.1381 0.7063
vn 0.9475 -0.1885 0.2583
vn 0.9475 -0.1885 -0.2583
vn 0.6943 -0.1381 -0.7063
vn 0.2544 -0.0506 -0.9658
vn -0.2544 0.0506 -0.9658
vn -0.6943 0.1381 -0.7063
vn -0.9475 0.1885 -0.2583
vn -0.9640 0.0632 0.2583
vn -0.7063 0.0463 0.7063
vn -0.2588 0.0170 0.9658
vn 0.2588 -0.0170 0.9658
vn 0.7063 -0.0463 0.7063
vn 0.9640 -0.0632 0.2583
vn 0.9640 -0.0632 -0.2583
vn 0.7063 -0.0463 -0.7063
vn 0.2588 -0.0170 -0.9658
vn -0.2588 0.0170 -0.9658
vn -0.7063 0.0463 -0.7063
vn -0.9640 0.0632 -0.2583
vn -0.0463 0.7063 -0.7063
vt 0.500000 0.500000
vt 0.520833 0.500000
vt 0.520833 0.583333
vt 0.500000 0.583333
vt 0.520833 0.666667
vt 0.500000 0.666667
vt 0.520833 0.750000
vt 0.500000 0.750000
vt 0.520833 0.833333
vt 0.500000 0.833333
vt 0.520833 0.916667
vt 0.500000 0.916667
vt 0.520833 1.000000
vt 0.500000 1.000000
vt 0.500000 0.000000
vt 0.520833 0.000000
vt 0.520833 0.083333
vt 0.500000 0.083333
vt 0.520833 0.166667
vt 0.500000 0.166667
vt 0.520833 0.250000
vt 0.500000 0.250000
vt 0.520833 0.333333
vt 0.500000 0.333333
vt 0.520833 0.416667
vt 0.500000 0.416667
vt 0.541667 0.500000
vt 0.541667 0.583333
vt 0.541667 0.666667
vt 0.541667 0.750000
vt 0.541667 0.833333
vt 0.541667 0.916667
vt 0.541667 1.000000
vt 0.541667 0.000000
vt 0.541667 0.083333
vt 0.541667 0.166667
vt 0.541667 0.250000
vt 0.541667 0.333333
vt 0.541667 0.416667
vt 0.562500 0.500000
vt 0.562500 0.583333
vt 0.562500 0.666667
vt 0.562500 0.750000
vt 0.562500 0.833333
vt 0.562500 0.916667
vt 0.562500 1.000000
vt 0.562500 0.000000
vt 0.562500 0.083333
vt 0.562500 0.166667
vt 0.562500 0.250000
vt 0.562500 0.333333
vt 0.562500 0.416667
vt 0.583333 0.500000
vt 0.583333 0.583333
vt 0.583333 0.666667
vt 0.583333 0.750000
vt 0.583333 0.833333
vt 0.583333 0.916667
vt 0.583333 1.000000
vt 0.583333 0.000000
vt 0.583333 0.083333
vt 0.583333 0.166667
vt 0.583333 0.250000
vt 0.583333 0.333333
vt 0.583333 0.416667
vt 0.604167 0.500000
vt 0.604167 0.583333
vt 0.604167 0.666667
vt 0.604167 0.750000
vt 0.604167 0.833333
vt 0.604167 0.916667
vt 0.604167 1.000000
vt 0.604167 0.000000
vt 0.604167 0.083333
vt 0.604167 0.166667
vt 0.604167 0.250000
vt 0.604167 0.333333
vt 0.604167 0.416667
vt 0.625000 0.500000
vt 0.625000 0.583333
vt 0.625000 0.666667
vt 0.625000 0.750000
vt 0.625000 0.833333
vt 0.625000 0.916667
vt 0.625000 1.000000
vt 0.625000 0.000000
vt 0.625000 0.083333
vt 0.625000 0.166667
vt 0.625000 0.250000
vt 0.625000 0.333333
vt 0.625000 0.416667
vt 0.645833 0.500000
vt 0.645833 0.583333
vt 0.645833 0.666667
vt 0.645833 0.750000
vt 0.645833 0.833333
vt 0.645833 0.916667
vt 0.645833 1.000000
vt 0.645833 0.000000
vt 0.645833 0.083333
vt 0.645833 0.166667
vt 0.645833 0.250000
vt 0.645833 0.333333
vt 0.645833 0.416667
vt 0.666667 0.500000
vt 0.666667 0.583333
vt 0.666667 0.666667
vt 0.666667 0.750000
vt 0.666667 0.833333
vt 0.666667 0.916667
vt 0.666667 1.000000
vt 0.666667 0.000000
vt 0.666667 0.083333
vt 0.666667 0.166667
vt 0.666667 0.250000
vt 0.666667 0.333333
vt 0.666667 0.416667
vt 0.687500 0.500000
vt 0.687500 0.583333
vt 0.687500 0.666667
vt 0.687500 0.750000
vt 0.687500 0.833333
vt 0.687500 0.916667
vt 0.687500 1.000000
vt 0.687500 0.000000
vt 0.687500 0.083333
vt 0.687500 0.166667
vt 0.687500 0.250000
vt 0.687500 0.333333
vt 0.687500 0.416667
vt 0.708333 0.500000
vt 0.708333 0.583333
vt 0.708333 0.666667
vt 0.708333 0.750000
vt 0.708333 0.833333
vt 0.708333 0.916667
vt 0.708333 1.000000
vt 0.708333 0.000000
vt 0.708333 0.083333
vt 0.708333 0.166667
vt 0.708333 0.250000
vt 0.708333 0.333333
vt 0.708333 0.416667
vt 0.729167 0.500000
vt 0.729167 0.583333
vt 0.729167 0.666667
vt 0.729167 0.750000
vt 0.729167 0.833333
vt 0.729167 0.916667
vt 0.729167 1.000000
vt 0.729167 0.000000
vt 0.729167 0.083333
vt 0.729167 0.166667
vt 0.729167 0.250000
vt 0.729167 0.333333
vt 0.729167 0.416667
vt 0.750000 0.500000
vt 0.750000 0.583333
vt 0.750000 0.666667
vt 0.750000 0.750000
vt 0.750000 0.833333
vt 0.750000 0.916667
vt 0.750000 1.000000
vt 0.750000 0.000000
vt 0.750000 0.083333
vt 0.750000 0.166667
vt 0.750000 0.250000
vt 0.750000 0.333333
vt 0.750000 0.416667
vt 0.770833 0.500000
vt 0.770833 0.583333
vt 0.770833 0.666667
vt 0.770833 0.750000
vt 0.770833 0.833333
vt 0.770833 0.916667
vt 0.770833 1.000000
vt 0.770833 0.000000
vt 0.770833 0.083333
vt 0.770833 0.166667
vt 0.770833 0.250000
vt 0.770833 0.333333
vt 0.770833 0.416667
vt 0.791667 0.500000
vt 0.791667 0.583333
vt 0.791667 0.666667
vt 0.791667 0.750000
vt 0.791667 0.833333
vt 0.791667 0.916667
vt 0.791667 1.000000
vt 0.791667 0.000000
vt 0.791667 0.083333
vt 0.791667 0.166667
vt 0.791667 0.250000
vt 0.791667 0.333333
vt 0.791667 0.416667
vt 0.812500 0.500000
vt 0.812500 0.583333
vt 0.812500 0.666667
vt 0.812500 0.750000
vt 0.812500 0.833333
vt 0.812500 0.916667
vt 0.812500 1.000000
vt 0.812500 0.000000
vt 0.812500 0.083333
vt 0.812500 0.166667
vt 0.812500 0.250000
vt 0.812500 0.333333
vt 0.812500 0.416667
vt 0.833333 0.500000
vt 0.833333 0.583333
vt 0.833333 0.666667
vt 0.833333 0.750000
vt 0.833333 0.833333
vt 0.833333 0.916667
vt 0.833333 1.000000
vt 0.833333 0.000000
vt 0.833333 0.083333
vt 0.833333 0.166667
vt 0.833333 0.250000
vt 0.833333 0.333333
vt 0.833333 0.416667
vt 0.854167 0.500000
vt 0.854167 0.583333
vt 0.854167 0.666667
vt 0.854167 0.750000
vt 0.854167 0.833333
vt 0.854167 0.916667
vt 0.854167 1.000000
vt 0.854167 0.000000
vt 0.854167 0.083333
vt 0.854167 0.166667
vt 0.854167 0.250000
vt 0.854167 0.333333
vt 0.854167 0.416667
vt 0.875000 0.500000
vt 0.875000 0.583333
vt 0.875000 0.666667
vt 0.875000 0.750000
vt 0.875000 0.833333
vt 0.875000 0.916667
vt 0.875000 1.000000
vt 0.875000 0.000000
vt 0.875000 0.083333
vt 0.875000 0.166667
vt 0.875000 0.250000
vt 0.875000 0.333333
vt 0.875000 0.416667
vt 0.895833 0.500000
vt 0.895833 0.583333
vt 0.895833 0.666667
vt 0.895833 0.750000
vt 0.895833 0.833333
vt 0.895833 0.916667
vt 0.895833 1.000000
vt 0.895833 0.000000
vt 0.895833 0.083333
vt 0.895833 0.166667
vt 0.895833 0.250000
vt 0.895833 0.333333
vt 0.895833 0.416667
vt 0.916667 0.500000
vt 0.916667 0.583333
vt 0.916667 0.666667
vt 0.916667 0.750000
vt 0.916667 0.833333
vt 0.916667 0.916667
vt 0.916667 1.000000
vt 0.916667 0.000000
vt 0.916667 0.083333
vt 0.916667 0.166667
vt 0.916667 0.250000
vt 0.916667 0.333333
vt 0.916667 0.416667
vt 0.937500 0.500000
vt 0.937500 0.583333
vt 0.937500 0.666667
vt 0.937500 0.750000
vt 0.937500 0.833333
vt 0.937500 0.916667
vt 0.937500 1.000000
vt 0.937500 0.000000
vt 0.937500 0.083333
vt 0.937500 0.166667
vt 0.937500 0.250000
vt 0.937500 0.333333
vt 0.937500 0.416667
vt 0.958333 0.500000
vt 0.958333 0.583333
vt 0.958333 0.666667
vt 0.958333 0.750000
vt 0.958333 0.833333
vt 0.958333 0.916667
vt 0.958333 1.000000
vt 0.958333 0.000000
vt 0.958333 0.083333
vt 0.958333 0.166667
vt 0.958333 0.250000
vt 0.958333 0.333333
vt 0.958333 0.416667
vt 0.979167 0.500000
vt 0.979167 0.583333
vt 0.979167 0.666667
vt 0.979167 0.750000
vt 0.979167 0.833333
vt 0.979167 0.916667
vt 0.979167 1.000000
vt 0.979167 0.000000
vt 0.979167 0.083333
vt 0.979167 0.166667
vt 0.979167 0.250000
vt 0.979167 0.333333
vt 0.979167 0.416667
vt 1.000000 0.500000
vt 1.000000 0.583333
vt 1.000000 0.666667
vt 1.000000 0.750000
vt 1.000000 0.833333
vt 1.000000 0.916667
vt 1.000000 1.000000
vt 1.000000 0.000000
vt 1.000000 0.083333
vt 1.000000 0.166667
vt 1.000000 0.250000
vt 1.000000 0.333333
vt 1.000000 0.416667
vt 0.000000 0.500000
vt 0.020833 0.500000
vt 0.020833 0.583333
vt 0.000000 0.583333
vt 0.020833 0.666667
vt 0.000000 0.666667
vt 0.020833 0.750000
vt 0.000000 0.750000
vt 0.020833 0.833333
vt 0.000000 0.833333
vt 0.020833 0.916667
vt 0.000000 0.916667
vt 0.020833 1.000000
vt 0.000000 1.000000
vt 0.000000 0.000000
vt 0.020833 0.000000
vt 0.020833 0.083333
vt 0.000000 0.083333
vt 0.020833 0.166667
vt 0.000000 0.166667
vt 0.020833 0.250000
vt 0.000000 0.250000
vt 0.020833 0.333333
vt 0.000000 0.333333
vt 0.020833 0.416667
vt 0.000000 0.416667
vt 0.041667 0.500000
vt 0.041667 0.583333
vt 0.041667 0.666667
vt 0.041667 0.750000
vt 0.041667 0.833333
vt 0.041667 0.916667
vt 0.041667 1.000000
vt 0.041667 0.000000
vt 0.041667 0.083333
vt 0.041667 0.166667
vt 0.041667 0.250000
vt 0.041667 0.333333
vt 0.041667 0.416667
vt 0.062500 0.500000
vt 0.062500 0.583333
vt 0.062500 0.666667
vt 0.062500 0.750000
vt 0.062500 0.833333
vt 0.062500 0.916667
vt 0.062500 1.000000
vt 0.062500 0.000000
vt 0.062500 0.083333
vt 0.062500 0.166667
vt 0.062500 0.250000
vt 0.062500 0.333333
vt 0.062500 0.416667
vt 0.083333 0.500000
vt 0.083333 0.583333
vt 0.083333 0.666667
vt 0.083333 0.750000
vt 0.083333 0.833333
vt 0.083333 0.916667
vt 0.083333 1.000000
vt 0.083333 0.000000
vt 0.083333 0.083333
vt 0.083333 0.166667
vt 0.083333 0.250000
vt 0.083333 0.333333
vt 0.083333 0.416667
vt 0.104167 0.500000
vt 0.104167 0.583333
vt 0.104167 0.666667
vt 0.104167 0.750000
vt 0.104167 0.833333
vt 0.104167 0.916667
vt 0.104167 1.000000
vt 0.104167 0.000000
vt 0.104167 0.083333
vt 0.104167 0.166667
vt 0.104167 0.250000
vt 0.104167 0.333333
vt 0.104167 0.416667
vt 0.125000 0.500000
vt 0.125000 0.583333
vt 0.125000 0.666667
vt 0.125000 0.750000
vt 0.125000 0.833333
vt 0.125000 0.916667
vt 0.125000 1.000000
vt 0.125000 0.000000
vt 0.125000 0.083333
vt 0.125000 0.166667
vt 0.125000 0.250000
vt 0.125000 0.333333
vt 0.125000 0.416667
vt 0.145833 0.500000
vt 0.145833 0.583333
vt 0.145833 0.666667
vt 0.145833 0.750000
vt 0.145833 0.833333
vt 0.145833 0.916667
vt 0.145833 1.000000
vt 0.145833 0.000000
vt 0.145833 0.083333
vt 0.145833 0.166667
vt 0.145833 0.250000
vt 0.145833 0.333333
vt 0.145833 0.416667
vt 0.166667 0.500000
vt 0.166667 0.583333
vt 0.166667 0.666667
vt 0.166667 0.750000
vt 0.166667 0.833333
vt 0.166667 0.916667
vt 0.166667 1.000000
vt 0.166667 0.000000
vt 0.166667 0.083333
vt 0.166667 0.166667
vt 0.166667 0.250000
vt 0.166667 0.333333
vt 0.166667 0.416667
vt 0.187500 0.500000
vt 0.187500 0.583333
vt 0.187500 0.666667
vt 0.187500 0.750000
vt 0.187500 0.833333
vt 0.187500 0.916667
vt 0.187500 1.000000
vt 0.187500 0.000000
vt 0.187500 0.083333
vt 0.187500 0.166667
vt 0.187500 0.250000
vt 0.187500 0.333333
vt 0.187500 0.416667
vt 0.208333 0.500000
vt 0.208333 0.583333
vt 0.208333 0.666667
vt 0.208333 0.750000
vt 0.208333 0.833333
vt 0.208333 0.916667
vt 0.208333 1.000000
vt 0.208333 0.000000
vt 0.208333 0.083333
vt 0.208333 0.166667
vt 0.208333 0.250000
vt 0.208333 0.333333
vt 0.208333 0.416667
vt 0.229167 0.500000
vt 0.229167 0.583333
vt 0.229167 0.666667
vt 0.229167 0.750000
vt 0.229167 0.833333
vt 0.229167 0.916667
vt 0.229167 1.000000
vt 0.229167 0.000000
vt 0.229167 0.083333
vt 0.229167 0.166667
vt 0.229167 0.250000
vt 0.229167 0.333333
vt 0.229167 0.416667
vt 0.250000 0.500000
vt 0.250000 0.583333
vt 0.250000 0.666667
vt 0.250000 0.750000
vt 0.250000 0.833333
vt 0.250000 0.916667
vt 0.250000 1.000000
vt 0.250000 0.000000
vt 0.250000 0.083333
vt 0.250000 0.166667
vt 0.250000 0.250000
vt 0.250000 0.333333
vt 0.250000 0.416667
vt 0.270833 0.500000
vt 0.270833 0.583333
vt 0.270833 0.666667
vt 0.270833 0.750000
vt 0.270833 0.833333
vt 0.270833 0.916667
vt 0.270833 1.000000
vt 0.270833 0.000000
vt 0.270833 0.083333
vt 0.270833 0.166667
vt 0.270833 0.250000
vt 0.270833 0.333333
vt 0.270833 0.416667
vt 0.291667 0.500000
vt 0.291667 0.583333
vt 0.291667 0.666667
vt 0.291667 0.750000
vt 0.291667 0.833333
vt 0.291667 0.916667
vt 0.291667 1.000000
vt 0.291667 0.000000
vt 0.291667 0.083333
vt 0.291667 0.166667
vt 0.291667 0.250000
vt 0.291667 0.333333
vt 0.291667 0.416667
vt 0.312500 0.500000
vt 0.312500 0.583333
vt 0.312500 0.666667
vt 0.312500 0.750000
vt 0.312500 0.833333
vt 0.312500 0.916667
vt 0.312500 1.000000
vt 0.312500 0.000000
vt 0.312500 0.083333
vt 0.312500 0.166667
vt 0.312500 0.250000
vt 0.312500 0.333333
vt 0.312500 0.416667
vt 0.333333 0.500000
vt 0.333333 0.583333
vt 0.333333 0.666667
vt 0.333333 0.750000
vt 0.333333 0.833333
vt 0.333333 0.916667
vt 0.333333 1.000000
vt 0.333333 0.000000
vt 0.333333 0.083333
vt 0.333333 0.166667
vt 0.333333 0.250000
vt 0.333333 0.333333
vt 0.333333 0.416667
vt 0.354167 0.500000
vt 0.354167 0.583333
vt 0.354167 0.666667
vt 0.354167 0.750000
vt 0.354167 0.833333
vt 0.354167 0.916667
vt 0.354167 1.000000
vt 0.354167 0.000000
vt 0.354167 0.083333
vt 0.354167 0.166667
vt 0.354167 0.250000
vt 0.354167 0.333333
vt 0.354167 0.416667
vt 0.375000 0.500000
vt 0.375000 0.583333
vt 0.375000 0.666667
vt 0.375000 0.750000
vt 0.375000 0.833333
vt 0.375000 0.916667
vt 0.375000 1.000000
vt 0.375000 0.000000
vt 0.375000 0.083333
vt 0.375000 0.166667
vt 0.375000 0.250000
vt 0.375000 0.333333
vt 0.375000 0.416667
vt 0.395833 0.500000
vt 0.395833 0.583333
vt 0.395833 0.666667
vt 0.395833 0.750000
vt 0.395833 0.833333
vt 0.395833 0.916667
vt 0.395833 1.000000
vt 0.395833 0.000000
vt 0.395833 0.083333
vt 0.395833 0.166667
vt 0.395833 0.250000
vt 0.395833 0.333333
vt 0.395833 0.416667
vt 0.416667 0.500000
vt 0.416667 0.583333
vt 0.416667 0.666667
vt 0.416667 0.750000
vt 0.416667 0.833333
vt 0.416667 0.916667
vt 0.416667 1.000000
vt 0.416667 0.000000
vt 0.416667 0.083333
vt 0.416667 0.166667
vt 0.416667 0.250000
vt 0.416667 0.333333
vt 0.416667 0.416667
vt 0.437500 0.500000
vt 0.437500 0.583333
vt 0.437500 0.666667
vt 0.437500 0.750000
vt 0.437500 0.833333
vt 0.437500 0.916667
vt 0.437500 1.000000
vt 0.437500 0.000000
vt 0.437500 0.083333
vt 0.437500 0.166667
vt 0.437500 0.250000
vt 0.437500 0.333333
vt 0.437500 0.416667
vt 0.458333 0.500000
vt 0.458333 0.583333
vt 0.458333 0.666667
vt 0.458333 0.750000
vt 0.458333 0.833333
vt 0.458333 0.916667
vt 0.458333 1.000000
vt 0.458333 0.000000
vt 0.458333 0.083333
vt 0.458333 0.166667
vt 0.458333 0.250000
vt 0.458333 0.333333
vt 0.458333 0.416667
vt 0.479167 0.500000
vt 0.479167 0.583333
vt 0.479167 0.666667
vt 0.479167 0.750000
vt 0.479167 0.833333
vt 0.479167 0.916667
vt 0.479167 1.000000
vt 0.479167 0.000000
vt 0.479167 0.083333
vt 0.479167 0.166667
vt 0.479167 0.250000
vt 0.479167 0.333333
vt 0.479167 0.416667
s 0
usemtl LeatherTrim
f 117/195/82 129/196/82 130/197/82 118/198/82
f 118/198/83 130/197/83 131/199/83 119/200/83
f 119/200/84 131/199/84 132/201/84 120/202/84
f 120/202/85 132/201/85 133/203/85 121/204/85
f 121/204/86 133/203/86 134/205/86 122/206/86
f 122/206/87 134/205/87 135/207/87 123/208/87
f 123/209/88 135/210/88 136/211/88 124/212/88
f 124/212/89 136/211/89 137/213/89 125/214/89
f 125/214/90 137/213/90 138/215/90 126/216/90
f 126/216/91 138/215/91 139/217/91 127/218/91
f 127/218/92 139/217/92 140/219/92 128/220/92
f 128/220/93 140/219/93 129/196/93 117/195/93
f 129/196/94 141/221/94 142/222/94 130/197/94
f 130/197/95 142/222/95 143/223/95 131/199/95
f 131/199/96 143/223/96 144/224/96 132/201/96
f 132/201/97 144/224/97 145/225/97 133/203/97
f 133/203/98 145/225/98 146/226/98 134/205/98
f 134/205/99 146/226/99 147/227/99 135/207/99
f 135/210/100 147/228/100 148/229/100 136/211/100
f 136/211/101 148/229/101 149/230/101 137/213/101
f 137/213/102 149/230/102 150/231/102 138/215/102
f 138/215/103 150/231/103 151/232/103 139/217/103
f 139/217/104 151/232/104 152/233/104 140/219/104
f 140/219/105 152/233/105 141/221/105 129/196/105
f 141/221/106 153/234/106 154/235/106 142/222/106
f 142/222/107 154/235/107 155/236/107 143/223/107
f 143/223/108 155/236/108 156/237/108 144/224/108
f 144/224/109 156/237/109 157/238/109 145/225/109
f 145/225/110 157/238/110 158/239/110 146/226/110
f 146/226/111 158/239/111 159/240/111 147/227/111
f 147/228/112 159/241/112 160/242/112 148/229/112
f 148/229/113 160/242/113 161/243/113 149/230/113
f 149/230/114 161/243/114 162/244/114 150/231/114
f 150/231/115 162/244/115 163/245/115 151/232/115
f 151/232/116 163/245/116 164/246/116 152/233/116
f 152/233/117 164/246/117 153/234/117 141/221/117
f 153/234/118 165/247/118 166/248/118 154/235/118
f 154/235/119 166/248/119 167/249/119 155/236/119
f 155/236/120 167/249/120 168/250/120 156/237/120
f 156/237/121 168/250/121 169/251/121 157/238/121
f 157/238/122 169/251/122 170/252/122 158/239/122
f 158/239/123 170/252/123 171/253/123 159/240/123
f 159/241/124 171/254/124 172/255/124 160/242/124
f 160/242/125 172/255/125 173/256/125 161/243/125
f 161/243/126 173/256/126 174/257/126 162/244/126
f 162/244/127 174/257/127 175/258/127 163/245/127
f 163/245/128 175/258/128 176/259/128 164/246/128
f 164/246/129 176/259/129 165/247/129 153/234/129
f 165/247/130 177/260/130 178/261/130 166/248/130
f 166/248/131 178/261/131 179/262/131 167/249/131
f 167/249/132 179/262/132 180/263/132 168/250/132
f 168/250/133 180/263/133 181/264/133 169/251/133
f 169/251/134 181/264/134 182/265/134 170/252/134
f 170/252/135 182/265/135 183/266/135 171/253/135
f 171/254/136 183/267/136 184/268/136 172/255/136
f 172/255/137 184/268/137 185/269/137 173/256/137
f 173/256/138 185/269/138 186/270/138 174/257/138
f 174/257/139 186/270/139 187/271/139 175/258/139
f 175/258/140 187/271/140 188/272/140 176/259/140
f 176/259/141 188/272/141 177/260/141 165/247/141
f 177/260/142 189/273/142 190/274/142 178/261/142
f 178/261/143 190/274/143 191/275/143 179/262/143
f 179/262/144 191/275/144 192/276/144 180/263/144
f 180/263/145 192/276/145 193/277/145 181/264/145
f 181/264/146 193/277/146 194/278/146 182/265/146
f 182/265/147 194/278/147 195/279/147 183/266/147
f 183/267/148 195/280/148 196/281/148 184/268/148
f 184/268/149 196/281/149 197/282/149 185/269/149
f 185/269/150 197/282/150 198/283/150 186/270/150
f 186/270/151 198/283/151 199/284/151 187/271/151
f 187/271/152 199/284/152 200/285/152 188/272/152
f 188/272/153 200/285/153 189/273/153 177/260/153
f 189/273/154 201/286/154 202/287/154 190/274/154
f 190/274/155 202/287/155 203/288/155 191/275/155
f 191/275/156 203/288/156 204/289/156 192/276/156
f 192/276/157 204/289/157 205/290/157 193/277/157
f 193/277/158 205/290/158 206/291/158 194/278/158
f 194/278/159 206/291/159 207/292/159 195/279/159
f 195/280/160 207/293/160 208/294/160 196/281/160
f 196/281/161 208/294/161 209/295/161 197/282/161
f 197/282/162 209/295/162 210/296/162 198/283/162
f 198/283/163 210/296/163 211/297/163 199/284/163
f 199/284/164 211/297/164 212/298/164 200/285/164
f 200/285/165 212/298/165 201/286/165 189/273/165
f 201/286/166 213/299/166 214/300/166 202/287/166
f 202/287/167 214/300/167 215/301/167 203/288/167
f 203/288/168 215/301/168 216/302/168 204/289/168
f 204/289/169 216/302/169 217/303/169 205/290/169
f 205/290/170 217/303/170 218/304/170 206/291/170
f 206/291/171 218/304/171 219/305/171 207/292/171
f 207/293/172 219/306/172 220/307/172 208/294/172
f 208/294/173 220/307/173 221/308/173 209/295/173
f 209/295/174 221/308/174 222/309/174 210/296/174
f 210/296/175 222/309/175 223/310/175 211/297/175
f 211/297/176 223/310/176 224/311/176 212/298/176
f 212/298/177 224/311/177 213/299/177 201/286/177
f 213/299/178 225/312/178 226/313/178 214/300/178
f 214/300/179 226/313/179 227/314/179 215/301/179
f 215/301/180 227/314/180 228/315/180 216/302/180
f 216/302/181 228/315/181 229/316/181 217/303/181
f 217/303/182 229/316/182 230/317/182 218/304/182
f 218/304/183 230/317/183 231/318/183 219/305/183
f 219/306/184 231/319/184 232/320/184 220/307/184
f 220/307/185 232/320/185 233/321/185 221/308/185
f 221/308/186 233/321/186 234/322/186 222/309/186
f 222/309/187 234/322/187 235/323/187 223/310/187
f 223/310/188 235/323/188 236/324/188 224/311/188
f 224/311/189 236/324/189 225/312/189 213/299/189
f 225/312/190 237/325/190 238/326/190 226/313/190
f 226/313/191 238/326/191 239/327/191 227/314/191
f 227/314/192 239/327/192 240/328/192 228/315/192
f 228/315/193 240/328/193 241/329/193 229/316/193
f 229/316/194 241/329/194 242/330/194 230/317/194
f 230/317/195 242/330/195 243/331/195 231/318/195
f 231/319/196 243/332/196 244/333/196 232/320/196
f 232/320/197 244/333/197 245/334/197 233/321/197
f 233/321/198 245/334/198 246/335/198 234/322/198
f 234/322/199 246/335/199 247/336/199 235/323/199
f 235/323/200 247/336/200 248/337/200 236/324/200
f 236/324/201 248/337/201 237/325/201 225/312/201
f 237/325/202 249/338/202 250/339/202 238/326/202
f 238/326/203 250/339/203 251/340/203 239/327/203
f 239/327/204 251/340/204 252/341/204 240/328/204
f 240/328/205 252/341/205 253/342/205 241/329/205
f 241/329/206 253/342/206 254/343/206 242/330/206
f 242/330/207 254/343/207 255/344/207 243/331/207
f 243/332/208 255/345/208 256/346/208 244/333/208
f 244/333/209 256/346/209 257/347/209 245/334/209
f 245/334/210 257/347/210 258/348/210 246/335/210
f 246/335/211 258/348/211 259/349/211 247/336/211
f 247/336/212 259/349/212 260/350/212 248/337/212
f 248/337/213 260/350/213 249/338/213 237/325/213
f 249/338/214 261/351/214 262/352/214 250/339/214
f 250/339/215 262/352/215 263/353/215 251/340/215
f 251/340/216 263/353/216 264/354/216 252/341/216
f 252/341/217 264/354/217 265/355/217 253/342/217
f 253/342/218 265/355/218 266/356/218 254/343/218
f 254/343/219 266/356/219 267/357/219 255/344/219
f 255/345/220 267/358/220 268/359/220 256/346/220
f 256/346/221 268/359/221 269/360/221 257/347/221
f 257/347/222 269/360/222 270/361/222 258/348/222
f 258/348/223 270/361/223 271/362/223 259/349/223
f 259/349/224 271/362/224 272/363/224 260/350/224
f 260/350/225 272/363/225 261/351/225 249/338/225
f 261/351/226 273/364/226 274/365/226 262/352/226
f 262/352/227 274/365/227 275/366/227 263/353/227
f 263/353/228 275/366/228 276/367/228 264/354/228
f 264/354/229 276/367/229 277/368/229 265/355/229
f 265/355/230 277/368/230 278/369/230 266/356/230
f 266/356/231 278/369/231 279/370/231 267/357/231
f 267/358/232 279/371/232 280/372/232 268/359/232
f 268/359/233 280/372/233 281/373/233 269/360/233
f 269/360/234 281/373/234 282/374/234 270/361/234
f 270/361/235 282/374/235 283/375/235 271/362/235
f 271/362/236 283/375/236 284/376/236 272/363/236
f 272/363/237 284/376/237 273/364/237 261/351/237
f 273/364/238 285/377/238 286/378/238 274/365/238
f 274/365/239 286/378/239 287/379/239 275/366/239
f 275/366/240 287/379/240 288/380/240 276/367/240
f 276/367/241 288/380/241 289/381/241 277/368/241
f 277/368/242 289/381/242 290/382/242 278/369/242
f 278/369/243 290/382/243 291/383/243 279/370/243
f 279/371/244 291/384/244 292/385/244 280/372/244
f 280/372/245 292/385/245 293/386/245 281/373/245
f 281/373/246 293/386/246 294/387/246 282/374/246
f 282/374/247 294/387/247 295/388/247 283/375/247
f 283/375/248 295/388/248 296/389/248 284/376/248
f 284/376/249 296/389/249 285/377/249 273/364/249
f 285/377/250 297/390/250 298/391/250 286/378/250
f 286/378/251 298/391/251 299/392/251 287/379/251
f 287/379/252 299/392/252 300/393/252 288/380/252
f 288/380/253 300/393/253 301/394/253 289/381/253
f 289/381/254 301/394/254 302/395/254 290/382/254
f 290/382/255 302/395/255 303/396/255 291/383/255
f 291/384/256 303/397/256 304/398/256 292/385/256
f 292/385/257 304/398/257 305/399/257 293/386/257
f 293/386/258 305/399/258 306/400/258 294/387/258
f 294/387/259 306/400/259 307/401/259 295/388/259
f 295/388/260 307/401/260 308/402/260 296/389/260
f 296/389/261 308/402/261 297/390/261 285/377/261
f 297/390/262 309/403/262 310/404/262 298/391/262
f 298/391/263 310/404/263 311/405/263 299/392/263
f 299/392/264 311/405/264 312/406/264 300/393/264
f 300/393/265 312/406/265 313/407/265 301/394/265
f 301/394/266 313/407/266 314/408/266 302/395/266
f 302/395/267 314/408/267 315/409/267 303/396/267
f 303/397/268 315/410/268 316/411/268 304/398/268
f 304/398/269 316/411/269 317/412/269 305/399/269
f 305/399/270 317/412/270 318/413/270 306/400/270
f 306/400/271 318/413/271 319/414/271 307/401/271
f 307/401/272 319/414/272 320/415/272 308/402/272
f 308/402/273 320/415/273 309/403/273 297/390/273
f 309/403/274 321/416/274 322/417/274 310/404/274
f 310/404/275 322/417/275 323/418/275 311/405/275
f 311/405/276 323/418/276 324/419/276 312/406/276
f 312/406/277 324/419/277 325/420/277 313/407/277
f 313/407/278 325/420/278 326/421/278 314/408/278
f 314/408/279 326/421/279 327/422/279 315/409/279
f 315/410/280 327/423/280 328/424/280 316/411/280
f 316/411/281 328/424/281 329/425/281 317/412/281
f 317/412/282 329/425/282 330/426/282 318/413/282
f 318/413/283 330/426/283 331/427/283 319/414/283
f 319/414/284 331/427/284 332/428/284 320/415/284
f 320/415/285 332/428/285 321/416/285 309/403/285
f 321/416/286 333/429/286 334/430/286 322/417/286
f 322/417/287 334/430/287 335/431/287 323/418/287
f 323/418/288 335/431/288 336/432/288 324/419/288
f 324/419/289 336/432/289 337/433/289 325/420/289
f 325/420/290 337/433/290 338/434/290 326/421/290
f 326/421/291 338/434/291 339/435/291 327/422/291
f 327/423/292 339/436/292 340/437/292 328/424/292
f 328/424/293 340/437/293 341/438/293 329/425/293
f 329/425/294 341/438/294 342/439/294 330/426/294
f 330/426/295 342/439/295 343/440/295 331/427/295
f 331/427/296 343/440/296 344/441/296 332/428/296
f 332/428/297 344/441/297 333/429/297 321/416/297
f 333/429/298 345/442/298 346/443/298 334/430/298
f 334/430/299 346/443/299 347/444/299 335/431/299
f 335/431/300 347/444/300 348/445/300 336/432/300
f 336/432/301 348/445/301 349/446/301 337/433/301
f 337/433/302 349/446/302 350/447/302 338/434/302
f 338/434/303 350/447/303 351/448/303 339/435/303
f 339/436/304 351/449/304 352/450/304 340/437/304
f 340/437/305 352/450/305 353/451/305 341/438/305
f 341/438/306 353/451/306 354/452/306 342/439/306
f 342/439/307 354/452/307 355/453/307 343/440/307
f 343/440/308 355/453/308 356/454/308 344/441/308
f 344/441/309 356/454/309 345/442/309 333/429/309
f 345/442/310 357/455/310 358/456/310 346/443/310
f 346/443/311 358/456/311 359/457/311 347/444/311
f 347/444/312 359/457/312 360/458/312 348/445/312
f 348/445/313 360/458/313 361/459/313 349/446/313
f 349/446/314 361/459/314 362/460/314 350/447/314
f 350/447/315 362/460/315 363/461/315 351/448/315
f 351/449/316 363/462/316 364/463/316 352/450/316
f 352/450/317 364/463/317 365/464/317 353/451/317
f 353/451/318 365/464/318 366/465/318 354/452/318
f 354/452/319 366/465/319 367/466/319 355/453/319
f 355/453/320 367/466/320 368/467/320 356/454/320
f 356/454/321 368/467/321 357/455/321 345/442/321
f 357/455/322 369/468/322 370/469/322 358/456/322
f 358/456/323 370/469/323 371/470/323 359/457/323
f 359/457/324 371/470/324 372/471/324 360/458/324
f 360/458/325 372/471/325 373/472/325 361/459/325
f 361/459/326 373/472/326 374/473/326 362/460/326
f 362/460/327 374/473/327 375/474/327 363/461/327
f 363/462/328 375/475/328 376/476/328 364/463/328
f 364/463/329 376/476/329 377/477/329 365/464/329
f 365/464/330 377/477/330 378/478/330 366/465/330
f 366/465/331 378/478/331 379/479/331 367/466/331
f 367/466/332 379/479/332 380/480/332 368/467/332
f 368/467/333 380/480/333 369/468/333 357/455/333
f 369/468/334 381/481/334 382/482/334 370/469/334
f 370/469/335 382/482/335 383/483/335 371/470/335
f 371/470/336 383/483/336 384/484/336 372/471/336
f 372/471/337 384/484/337 385/485/337 373/472/337
f 373/472/338 385/485/338 386/486/338 374/473/338
f 374/473/339 386/486/339 387/487/339 375/474/339
f 375/475/340 387/488/340 388/489/340 376/476/340
f 376/476/341 388/489/341 389/490/341 377/477/341
f 377/477/342 389/490/342 390/491/342 378/478/342
f 378/478/343 390/491/343 391/492/343 379/479/343
f 379/479/344 391/492/344 392/493/344 380/480/344
f 380/480/345 392/493/345 381/481/345 369/468/345
f 381/481/346 393/494/346 394/495/346 382/482/346
f 382/482/347 394/495/347 395/496/347 383/483/347
f 383/483/348 395/496/348 396/497/348 384/484/348
f 384/484/349 396/497/349 397/498/349 385/485/349
f 385/485/350 397/498/350 398/499/350 386/486/350
f 386/486/351 398/499/351 399/500/351 387/487/351
f 387/488/352 399/501/352 400/502/352 388/489/352
f 388/489/353 400/502/353 401/503/353 389/490/353
f 389/490/354 401/503/354 402/504/354 390/491/354
f 390/491/355 402/504/355 403/505/355 391/492/355
f 391/492/356 403/505/356 404/506/356 392/493/356
f 392/493/357 404/506/357 393/494/357 381/481/357
f 393/494/358 405/507/358 406/508/358 394/495/358
f 394/495/359 406/508/359 407/509/359 395/496/359
f 395/496/360 407/509/360 408/510/360 396/497/360
f 396/497/361 408/510/361 409/511/361 397/498/361
f 397/498/362 409/511/362 410/512/362 398/499/362
f 398/499/363 410/512/363 411/513/363 399/500/363
f 399/501/364 411/514/364 412/515/364 400/502/364
f 400/502/365 412/515/365 413/516/365 401/503/365
f 401/503/366 413/516/366 414/517/366 402/504/366
f 402/504/367 414/517/367 415/518/367 403/505/367
f 403/505/368 415/518/368 416/519/368 404/506/368
f 404/506/369 416/519/369 405/507/369 393/494/369
f 405/520/87 417/521/87 418/522/87 406/523/87
f 406/523/86 418/522/86 419/524/86 407/525/86
f 407/525/85 419/524/85 420/526/85 408/527/85
f 408/527/84 420/526/84 421/528/84 409/529/84
f 409/529/83 421/528/83 422/530/83 410/531/83
f 410/531/82 422/530/82 423/532/82 411/533/82
f 411/534/93 423/535/93 424/536/93 412/537/93
f 412/537/92 424/536/92 425/538/92 413/539/92
f 413/539/91 425/538/91 426/540/91 414/541/91
f 414/541/90 426/540/90 427/542/90 415/543/90
f 415/543/89 427/542/89 428/544/89 416/545/89
f 416/545/88 428/544/88 417/521/88 405/520/88
f 417/521/99 429/546/99 430/547/99 418/522/99
f 418/522/98 430/547/98 431/548/98 419/524/98
f 419/524/97 431/548/97 432/549/97 420/526/97
f 420/526/96 432/549/96 433/550/96 421/528/96
f 421/528/95 433/550/95 434/551/95 422/530/95
f 422/530/94 434/551/94 435/552/94 423/532/94
f 423/535/105 435/553/105 436/554/105 424/536/105
f 424/536/104 436/554/104 437/555/104 425/538/104
f 425/538/103 437/555/103 438/556/103 426/540/103
f 426/540/102 438/556/102 439/557/102 427/542/102
f 427/542/101 439/557/101 440/558/101 428/544/101
f 428/544/100 440/558/100 429/546/100 417/521/100
f 429/546/111 441/559/111 442/560/111 430/547/111
f 430/547/110 442/560/110 443/561/110 431/548/110
f 431/548/109 443/561/109 444/562/109 432/549/109
f 432/549/108 444/562/108 445/563/108 433/550/108
f 433/550/107 445/563/107 446/564/107 434/551/107
f 434/551/106 446/564/106 447/565/106 435/552/106
f 435/553/117 447/566/117 448/567/117 436/554/117
f 436/554/116 448/567/116 449/568/116 437/555/116
f 437/555/115 449/568/115 450/569/115 438/556/115
f 438/556/114 450/569/114 451/570/114 439/557/114
f 439/557/113 451/570/113 452/571/113 440/558/113
f 440/558/112 452/571/112 441/559/112 429/546/112
f 441/559/123 453/572/123 454/573/123 442/560/123
f 442/560/122 454/573/122 455/574/122 443/561/122
f 443/561/121 455/574/121 456/575/121 444/562/121
f 444/562/120 456/575/120 457/576/120 445/563/120
f 445/563/119 457/576/119 458/577/119 446/564/119
f 446/564/118 458/577/118 459/578/118 447/565/118
f 447/566/129 459/579/129 460/580/129 448/567/129
f 448/567/128 460/580/128 461/581/128 449/568/128
f 449/568/127 461/581/127 462/582/127 450/569/127
f 450/569/126 462/582/126 463/583/126 451/570/126
f 451/570/125 463/583/125 464/584/125 452/571/125
f 452/571/124 464/584/124 453/572/124 441/559/124
f 453/572/135 465/585/135 466/586/135 454/573/135
f 454/573/134 466/586/134 467/587/134 455/574/134
f 455/574/133 467/587/133 468/588/133 456/575/133
f 456/575/132 468/588/132 469/589/132 457/576/132
f 457/576/131 469/589/131 470/590/131 458/577/131
f 458/577/130 470/590/130 471/591/130 459/578/130
f 459/579/141 471/592/141 472/593/141 460/580/141
f 460/580/140 472/593/140 473/594/140 461/581/140
f 461/581/139 473/594/139 474/595/139 462/582/139
f 462/582/138 474/595/138 475/596/138 463/583/138
f 463/583/137 475/596/137 476/597/137 464/584/137
f 464/584/136 476/597/136 465/585/136 453/572/136
f 465/585/147 477/598/147 478/599/147 466/586/147
f 466/586/146 478/599/146 479/600/146 467/587/146
f 467/587/145 479/600/145 480/601/145 468/588/145
f 468/588/144 480/601/144 481/602/144 469/589/144
f 469/589/143 481/602/143 482/603/143 470/590/143
f 470/590/142 482/603/142 483/604/142 471/591/142
f 471/592/153 483/605/153 484/606/153 472/593/153
f 472/593/152 484/606/152 485/607/152 473/594/152
f 473/594/151 485/607/151 486/608/151 474/595/151
f 474/595/150 486/608/150 487/609/150 475/596/150
f 475/596/149 487/609/149 488/610/149 476/597/149
f 476/597/148 488/610/148 477/598/148 465/585/148
f 477/598/159 489/611/159 490/612/159 478/599/159
f 478/599/158 490/612/158 491/613/158 479/600/158
f 479/600/157 491/613/157 492/614/157 480/601/157
f 480/601/156 492/614/156 493/615/156 481/602/156
f 481/602/155 493/615/155 494/616/155 482/603/155
f 482/603/154 494/616/154 495/617/154 483/604/154
f 483/605/165 495/618/165 496/619/165 484/606/165
f 484/606/164 496/619/164 497/620/164 485/607/164
f 485/607/163 497/620/163 498/621/163 486/608/163
f 486/608/162 498/621/162 499/622/162 487/609/162
f 487/609/161 499/622/161 500/623/161 488/610/161
f 488/610/160 500/623/160 489/611/160 477/598/160
f 489/611/171 501/624/171 502/625/171 490/612/171
f 490/612/170 502/625/170 503/626/170 491/613/170
f 491/613/169 503/626/169 504/627/169 492/614/169
f 492/614/168 504/627/168 505/628/168 493/615/168
f 493/615/167 505/628/167 506/629/167 494/616/167
f 494/616/166 506/629/166 507/630/166 495/617/166
f 495/618/177 507/631/177 508/632/177 496/619/177
f 496/619/176 508/632/176 509/633/176 497/620/176
f 497/620/175 509/633/175 510/634/175 498/621/175
f 498/621/174 510/634/174 511/635/174 499/622/174
f 499/622/173 511/635/173 512/636/173 500/623/173
f 500/623/172 512/636/172 501/624/172 489/611/172
f 501/624/183 513/637/183 514/638/183 502/625/183
f 502/625/182 514/638/182 515/639/182 503/626/182
f 503/626/181 515/639/181 516/640/181 504/627/181
f 504/627/180 516/640/180 517/641/180 505/628/180
f 505/628/179 517/641/179 518/642/179 506/629/179
f 506/629/178 518/642/178 519/643/178 507/630/178
f 507/631/189 519/644/189 520/645/189 508/632/189
f 508/632/188 520/645/188 521/646/188 509/633/188
f 509/633/187 521/646/187 522/647/187 510/634/187
f 510/634/186 522/647/186 523/648/186 511/635/186
f 511/635/185 523/648/185 524/649/185 512/636/185
f 512/636/184 524/649/184 513/637/184 501/624/184
f 513/637/195 525/650/195 526/651/195 514/638/195
f 514/638/194 526/651/194 527/652/194 515/639/194
f 515/639/193 527/652/193 528/653/193 516/640/193
f 516/640/192 528/653/192 529/654/192 517/641/192
f 517/641/191 529/654/191 530/655/191 518/642/191
f 518/642/190 530/655/190 531/656/190 519/643/190
f 519/644/201 531/657/201 532/658/201 520/645/201
f 520/645/200 532/658/200 533/659/200 521/646/200
f 521/646/199 533/659/199 534/660/199 522/647/199
f 522/647/198 534/660/198 535/661/198 523/648/198
f 523/648/197 535/661/197 536/662/197 524/649/197
f 524/649/196 536/662/196 525/650/196 513/637/196
f 525/650/207 537/663/207 538/664/207 526/651/207
f 526/651/206 538/664/206 539/665/206 527/652/206
f 527/652/205 539/665/205 540/666/205 528/653/205
f 528/653/204 540/666/204 541/667/204 529/654/204
f 529/654/203 541/667/203 542/668/203 530/655/203
f 530/655/202 542/668/202 543/669/202 531/656/202
f 531/657/213 543/670/213 544/671/213 532/658/213
f 532/658/212 544/671/212 545/672/212 533/659/212
f 533/659/211 545/672/211 546/673/211 534/660/211
f 534/660/210 546/673/210 547/674/210 535/661/210
f 535/661/209 547/674/209 548/675/209 536/662/209
f 536/662/208 548/675/208 537/663/208 525/650/208
f 537/663/219 549/676/219 550/677/219 538/664/219
f 538/664/218 550/677/218 551/678/218 539/665/218
f 539/665/217 551/678/217 552/679/217 540/666/217
f 540/666/216 552/679/216 553/680/216 541/667/216
f 541/667/215 553/680/215 554/681/215 542/668/215
f 542/668/214 554/681/214 555/682/214 543/669/214
f 543/670/225 555/683/225 556/684/225 544/671/225
f 544/671/224 556/684/224 557/685/224 545/672/224
f 545/672/223 557/685/223 558/686/223 546/673/223
f 546/673/222 558/686/222 559/687/222 547/674/222
f 547/674/221 559/687/221 560/688/221 548/675/221
f 548/675/220 560/688/220 549/676/220 537/663/220
f 549/676/231 561/689/231 562/690/231 550/677/231
f 550/677/230 562/690/230 563/691/230 551/678/230
f 551/678/229 563/691/229 564/692/229 552/679/229
f 552/679/228 564/692/228 565/693/228 553/680/228
f 553/680/227 565/693/227 566/694/227 554/681/227
f 554/681/226 566/694/226 567/695/226 555/682/226
f 555/683/237 567/696/237 568/697/237 556/684/237
f 556/684/370 568/697/370 569/698/370 557/685/370
f 557/685/235 569/698/235 570/699/235 558/686/235
f 558/686/234 570/699/234 571/700/234 559/687/234
f 559/687/233 571/700/233 572/701/233 560/688/233
f 560/688/232 572/701/232 561/689/232 549/676/232
f 561/689/243 573/702/243 574/703/243 562/690/243
f 562/690/242 574/703/242 575/704/242 563/691/242
f 563/691/241 575/704/241 576/705/241 564/692/241
f 564/692/240 576/705/240 577/706/240 565/693/240
f 565/693/239 577/706/239 578/707/239 566/694/239
f 566/694/238 578/707/238 579/708/238 567/695/238
f 567/696/249 579/709/249 580/710/249 568/697/249
f 568/697/248 580/710/248 581/711/248 569/698/248
f 569/698/247 581/711/247 582/712/247 570/699/247
f 570/699/246 582/712/246 583/713/246 571/700/246
f 571/700/245 583/713/245 584/714/245 572/701/245
f 572/701/244 584/714/244 573/702/244 561/689/244
f 573/702/255 585/715/255 586/716/255 574/703/255
f 574/703/254 586/716/254 587/717/254 575/704/254
f 575/704/253 587/717/253 588/718/253 576/705/253
f 576/705/252 588/718/252 589/719/252 577/706/252
f 577/706/251 589/719/251 590/720/251 578/707/251
f 578/707/250 590/720/250 591/721/250 579/708/250
f 579/709/261 591/722/261 592/723/261 580/710/261
f 580/710/260 592/723/260 593/724/260 581/711/260
f 581/711/259 593/724/259 594/725/259 582/712/259
f 582/712/258 594/725/258 595/726/258 583/713/258
f 583/713/257 595/726/257 596/727/257 584/714/257
f 584/714/256 596/727/256 585/715/256 573/702/256
f 585/715/267 597/728/267 598/729/267 586/716/267
f 586/716/266 598/729/266 599/730/266 587/717/266
f 587/717/265 599/730/265 600/731/265 588/718/265
f 588/718/264 600/731/264 601/732/264 589/719/264
f 589/719/263 601/732/263 602/733/263 590/720/263
f 590/720/262 602/733/262 603/734/262 591/721/262
f 591/722/273 603/735/273 604/736/273 592/723/273
f 592/723/272 604/736/272 605/737/272 593/724/272
f 593/724/271 605/737/271 606/738/271 594/725/271
f 594/725/270 606/738/270 607/739/270 595/726/270
f 595/726/269 607/739/269 608/740/269 596/727/269
f 596/727/268 608/740/268 597/728/268 585/715/268
f 597/728/279 609/741/279 610/742/279 598/729/279
f 598/729/278 610/742/278 611/743/278 599/730/278
f 599/730/277 611/743/277 612/744/277 600/731/277
f 600/731/276 612/744/276 613/745/276 601/732/276
f 601/732/275 613/745/275 614/746/275 602/733/275
f 602/733/274 614/746/274 615/747/274 603/734/274
f 603/735/285 615/748/285 616/749/285 604/736/285
f 604/736/284 616/749/284 617/750/284 605/737/284
f 605/737/283 617/750/283 618/751/283 606/738/283
f 606/738/282 618/751/282 619/752/282 607/739/282
f 607/739/281 619/752/281 620/753/281 608/740/281
f 608/740/280 620/753/280 609/741/280 597/728/280
f 609/741/291 621/754/291 622/755/291 610/742/291
f 610/742/290 622/755/290 623/756/290 611/743/290
f 611/743/289 623/756/289 624/757/289 612/744/289
f 612/744/288 624/757/288 625/758/288 613/745/288
f 613/745/287 625/758/287 626/759/287 614/746/287
f 614/746/286 626/759/286 627/760/286 615/747/286
f 615/748/297 627/761/297 628/762/297 616/749/297
f 616/749/296 628/762/296 629/763/296 617/750/296
f 617/750/295 629/763/295 630/764/295 618/751/295
f 618/751/294 630/764/294 631/765/294 619/752/294
f 619/752/293 631/765/293 632/766/293 620/753/293
f 620/753/292 632/766/292 621/754/292 609/741/292
f 621/754/303 633/767/303 634/768/303 622/755/303
f 622/755/302 634/768/302 635/769/302 623/756/302
f 623/756/301 635/769/301 636/770/301 624/757/301
f 624/757/300 636/770/300 637/771/300 625/758/300
f 625/758/299 637/771/299 638/772/299 626/759/299
f 626/759/298 638/772/298 639/773/298 627/760/298
f 627/761/309 639/774/309 640/775/309 628/762/309
f 628/762/308 640/775/308 641/776/308 629/763/308
f 629/763/307 641/776/307 642/777/307 630/764/307
f 630/764/306 642/777/306 643/778/306 631/765/306
f 631/765/305 643/778/305 644/779/305 632/766/305
f 632/766/304 644/779/304 633/767/304 621/754/304
f 633/767/315 645/780/315 646/781/315 634/768/315
f 634/768/314 646/781/314 647/782/314 635/769/314
f 635/769/313 647/782/313 648/783/313 636/770/313
f 636/770/312 648/783/312 649/784/312 637/771/312
f 637/771/311 649/784/311 650/785/311 638/772/311
f 638/772/310 650/785/310 651/786/310 639/773/310
f 639/774/321 651/787/321 652/788/321 640/775/321
f 640/775/320 652/788/320 653/789/320 641/776/320
f 641/776/319 653/789/319 654/790/319 642/777/319
f 642/777/318 654/790/318 655/791/318 643/778/318
f 643/778/317 655/791/317 656/792/317 644/779/317
f 644/779/316 656/792/316 645/780/316 633/767/316
f 645/780/327 657/793/327 658/794/327 646/781/327
f 646/781/326 658/794/326 659/795/326 647/782/326
f 647/782/325 659/795/325 660/796/325 648/783/325
f 648/783/324 660/796/324 661/797/324 649/784/324
f 649/784/323 661/797/323 662/798/323 650/785/323
f 650/785/322 662/798/322 663/799/322 651/786/322
f 651/787/333 663/800/333 664/801/333 652/788/333
f 652/788/332 664/801/332 665/802/332 653/789/332
f 653/789/331 665/802/331 666/803/331 654/790/331
f 654/790/330 666/803/330 667/804/330 655/791/330
f 655/791/329 667/804/329 668/805/329 656/792/329
f 656/792/328 668/805/328 657/793/328 645/780/328
f 657/793/339 669/806/339 670/807/339 658/794/339
f 658/794/338 670/807/338 671/808/338 659/795/338
f 659/795/337 671/808/337 672/809/337 660/796/337
f 660/796/336 672/809/336 673/810/336 661/797/336
f 661/797/335 673/810/335 674/811/335 662/798/335
f 662/798/334 674/811/334 675/812/334 663/799/334
f 663/800/345 675/813/345 676/814/345 664/801/345
f 664/801/344 676/814/344 677/815/344 665/802/344
f 665/802/343 677/815/343 678/816/343 666/803/343
f 666/803/342 678/816/342 679/817/342 667/804/342
f 667/804/341 679/817/341 680/818/341 668/805/341
f 668/805/340 680/818/340 669/806/340 657/793/340
f 669/806/351 681/819/351 682/820/351 670/807/351
f 670/807/350 682/820/350 683/821/350 671/808/350
f 671/808/349 683/821/349 684/822/349 672/809/349
f 672/809/348 684/822/348 685/823/348 673/810/348
f 673/810/347 685/823/347 686/824/347 674/811/347
f 674/811/346 686/824/346 687/825/346 675/812/346
f 675/813/357 687/826/357 688/827/357 676/814/357
f 676/814/356 688/827/356 689/828/356 677/815/356
f 677/815/355 689/828/355 690/829/355 678/816/355
f 678/816/354 690/829/354 691/830/354 679/817/354
f 679/817/353 691/830/353 692/831/353 680/818/353
f 680/818/352 692/831/352 681/819/352 669/806/352
f 681/819/363 117/195/363 118/198/363 682/820/363
f 682/820/362 118/198/362 119/200/362 683/821/362
f 683/821/361 119/200/361 120/202/361 684/822/361
f 684/822/360 120/202/360 121/204/360 685/823/360
f 685/823/359 121/204/359 122/206/359 686/824/359
f 686/824/358 122/206/358 123/208/358 687/825/358
f 687/826/369 123/209/369 124/212/369 688/827/369
f 688/827/368 124/212/368 125/214/368 689/828/368
f 689/828/367 125/214/367 126/216/367 690/829/367
f 690/829/366 126/216/366 127/218/366 691/830/366
f 691/830/365 127/218/365 128/220/365 692/831/365
f 692/831/364 128/220/364 117/195/364 681/819/364
o SteeringColumn
v -0.400000 0.540000 -0.900000
v -0.400000 0.540000 -0.600000
v -0.392196 0.539231 -0.900000
v -0.392196 0.539231 -0.600000
v -0.384693 0.536955 -0.900000
v -0.384693 0.536955 -0.600000
v -0.377777 0.533259 -0.900000
v -0.377777 0.533259 -0.600000
v -0.371716 0.528284 -0.900000
v -0.371716 0.528284 -0.600000
v -0.366741 0.522223 -0.900000
v -0.366741 0.522223 -0.600000
v -0.363045 0.515307 -0.900000
v -0.363045 0.515307 -0.600000
v -0.360769 0.507804 -0.900000
v -0.360769 0.507804 -0.600000
v -0.360000 0.500000 -0.900000
v -0.360000 0.500000 -0.600000
v -0.360769 0.492196 -0.900000
v -0.360769 0.492196 -0.600000
v -0.363045 0.484693 -0.900000
v -0.363045 0.484693 -0.600000
v -0.366741 0.477777 -0.900000
v -0.366741 0.477777 -0.600000
v -0.371716 0.471716 -0.900000
v -0.371716 0.471716 -0.600000
v -0.377777 0.466741 -0.900000
v -0.377777 0.466741 -0.600000
v -0.384693 0.463045 -0.900000
v -0.384693 0.463045 -0.600000
v -0.392196 0.460769 -0.900000
v -0.392196 0.460769 -0.600000
v -0.400000 0.460000 -0.900000
v -0.400000 0.460000 -0.600000
v -0.407804 0.460769 -0.900000
v -0.407804 0.460769 -0.600000
v -0.415307 0.463045 -0.900000
v -0.415307 0.463045 -0.600000
v -0.422223 0.466741 -0.900000
v -0.422223 0.466741 -0.600000
v -0.428284 0.471716 -0.900000
v -0.428284 0.471716 -0.600000
v -0.433259 0.477777 -0.900000
v -0.433259 0.477777 -0.600000
v -0.436955 0.484693 -0.900000
v -0.436955 0.484693 -0.600000
v -0.439231 0.492196 -0.900000
v -0.439231 0.492196 -0.600000
v -0.440000 0.500000 -0.900000
v -0.440000 0.500000 -0.600000
v -0.439231 0.507804 -0.900000
v -0.439231 0.507804 -0.600000
v -0.436955 0.515307 -0.900000
v -0.436955 0.515307 -0.600000
v -0.433259 0.522223 -0.900000
v -0.433259 0.522223 -0.600000
v -0.428284 0.528284 -0.900000
v -0.428284 0.528284 -0.600000
v -0.422223 0.533259 -0.900000
v -0.422223 0.533259 -0.600000
v -0.415307 0.536955 -0.900000
v -0.415307 0.536955 -0.600000
v -0.407804 0.539231 -0.900000
v -0.407804 0.539231 -0.600000
vn 0.0980 0.9952 -0.0000
vn 0.2903 0.9569 -0.0000
vn 0.4714 0.8819 -0.0000
vn 0.6344 0.7730 -0.0000
vn 0.7730 0.6344 -0.0000
vn 0.8819 0.4714 -0.0000
vn 0.9569 0.2903 -0.0000
vn 0.9952 0.0980 -0.0000
vn 0.9952 -0.0980 -0.0000
vn 0.9569 -0.2903 -0.0000
vn 0.8819 -0.4714 -0.0000
vn 0.7730 -0.6344 -0.0000
vn 0.6344 -0.7730 -0.0000
vn 0.4714 -0.8819 -0.0000
vn 0.2903 -0.9569 -0.0000
vn 0.0980 -0.9952 -0.0000
vn -0.0980 -0.9952 -0.0000
vn -0.2903 -0.9569 -0.0000
vn -0.4714 -0.8819 -0.0000
vn -0.6344 -0.7730 -0.0000
vn -0.7730 -0.6344 -0.0000
vn -0.8819 -0.4714 -0.0000
vn -0.9569 -0.2903 -0.0000
vn -0.9952 -0.0980 -0.0000
vn -0.9952 0.0980 -0.0000
vn -0.9569 0.2903 -0.0000
vn -0.8819 0.4714 -0.0000
vn -0.7730 0.6344 -0.0000
vn -0.6344 0.7730 -0.0000
vn -0.4714 0.8819 -0.0000
vn -0.0000 -0.0000 1.0000
vn -0.2903 0.9569 -0.0000
vn -0.0980 0.9952 -0.0000
vn -0.0000 -0.0000 -1.0000
vt 1.000000 0.500000
vt 1.000000 1.000000
vt 0.968750 1.000000
vt 0.968750 0.500000
vt 0.937500 1.000000
vt 0.937500 0.500000
vt 0.906250 1.000000
vt 0.906250 0.500000
vt 0.875000 1.000000
vt 0.875000 0.500000
vt 0.843750 1.000000
vt 0.843750 0.500000
vt 0.812500 1.000000
vt 0.812500 0.500000
vt 0.781250 1.000000
vt 0.781250 0.500000
vt 0.750000 1.000000
vt 0.750000 0.500000
vt 0.718750 1.000000
vt 0.718750 0.500000
vt 0.687500 1.000000
vt 0.687500 0.500000
vt 0.656250 1.000000
vt 0.656250 0.500000
vt 0.625000 1.000000
vt 0.625000 0.500000
vt 0.593750 1.000000
vt 0.593750 0.500000
vt 0.562500 1.000000
vt 0.562500 0.500000
vt 0.531250 1.000000
vt 0.531250 0.500000
vt 0.500000 1.000000
vt 0.500000 0.500000
vt 0.468750 1.000000
vt 0.468750 0.500000
vt 0.437500 1.000000
vt 0.437500 0.500000
vt 0.406250 1.000000
vt 0.406250 0.500000
vt 0.375000 1.000000
vt 0.375000 0.500000
vt 0.343750 1.000000
vt 0.343750 0.500000
vt 0.312500 1.000000
vt 0.312500 0.500000
vt 0.281250 1.000000
vt 0.281250 0.500000
vt 0.250000 1.000000
vt 0.250000 0.500000
vt 0.218750 1.000000
vt 0.218750 0.500000
vt 0.187500 1.000000
vt 0.187500 0.500000
vt 0.156250 1.000000
vt 0.156250 0.500000
vt 0.125000 1.000000
vt 0.125000 0.500000
vt 0.093750 1.000000
vt 0.093750 0.500000
vt 0.062500 1.000000
vt 0.062500 0.500000
vt 0.296822 0.485388
vt 0.250000 0.490000
vt 0.203178 0.485388
vt 0.158156 0.471731
vt 0.116663 0.449553
vt 0.080294 0.419706
vt 0.050447 0.383337
vt 0.028269 0.341844
vt 0.014612 0.296822
vt 0.010000 0.250000
vt 0.014612 0.203178
vt 0.028269 0.158156
vt 0.050447 0.116663
vt 0.080294 0.080294
vt 0.116663 0.050447
vt 0.158156 0.028269
vt 0.203178 0.014612
vt 0.250000 0.010000
vt 0.296822 0.014612
vt 0.341844 0.028269
vt 0.383337 0.050447
vt 0.419706 0.080294
vt 0.449553 0.116663
vt 0.471731 0.158156
vt 0.485388 0.203178
vt 0.490000 0.250000
vt 0.485388 0.296822
vt 0.471731 0.341844
vt 0.449553 0.383337
vt 0.419706 0.419706
vt 0.383337 0.449553
vt 0.341844 0.471731
vt 0.031250 1.000000
vt 0.031250 0.500000
vt 0.000000 1.000000
vt 0.000000 0.500000
vt 0.750000 0.490000
vt 0.796822 0.485388
vt 0.841844 0.471731
vt 0.883337 0.449553
vt 0.919706 0.419706
vt 0.949553 0.383337
vt 0.971731 0.341844
vt 0.985388 0.296822
vt 0.990000 0.250000
vt 0.985388 0.203178
vt 0.971731 0.158156
vt 0.949553 0.116663
vt 0.919706 0.080294
vt 0.883337 0.050447
vt 0.841844 0.028269
vt 0.796822 0.014612
vt 0.750000 0.010000
vt 0.703178 0.014612
vt 0.658156 0.028269
vt 0.616663 0.050447
vt 0.580294 0.080294
vt 0.550447 0.116663
vt 0.528269 0.158156
vt 0.514612 0.203178
vt 0.510000 0.250000
vt 0.514612 0.296822
vt 0.528269 0.341844
vt 0.550447 0.383337
vt 0.580294 0.419706
vt 0.616663 0.449553
vt 0.658156 0.471731
vt 0.703178 0.485388
s 0
usemtl CarMetal
f 693/832/371 694/833/371 696/834/371 695/835/371
f 695/835/372 696/834/372 698/836/372 697/837/372
f 697/837/373 698/836/373 700/838/373 699/839/373
f 699/839/374 700/838/374 702/840/374 701/841/374
f 701/841/375 702/840/375 704/842/375 703/843/375
f 703/843/376 704/842/376 706/844/376 705/845/376
f 705/845/377 706/844/377 708/846/377 707/847/377
f 707/847/378 708/846/378 710/848/378 709/849/378
f 709/849/379 710/848/379 712/850/379 711/851/379
f 711/851/380 712/850/380 714/852/380 713/853/380
f 713/853/381 714/852/381 716/854/381 715/855/381
f 715/855/382 716/854/382 718/856/382 717/857/382
f 717/857/383 718/856/383 720/858/383 719/859/383
f 719/859/384 720/858/384 722/860/384 721/861/384
f 721/861/385 722/860/385 724/862/385 723/863/385
f 723/863/386 724/862/386 726/864/386 725/865/386
f 725/865/387 726/864/387 728/866/387 727/867/387
f 727/867/388 728/866/388 730/868/388 729/869/388
f 729/869/389 730/868/389 732/870/389 731/871/389
f 731/871/390 732/870/390 734/872/390 733/873/390
f 733/873/391 734/872/391 736/874/391 735/875/391
f 735/875/392 736/874/392 738/876/392 737/877/392
f 737/877/393 738/876/393 740/878/393 739/879/393
f 739/879/394 740/878/394 742/880/394 741/881/394
f 741/881/395 742/880/395 744/882/395 743/883/395
f 743/883/396 744/882/396 746/884/396 745/885/396
f 745/885/397 746/884/397 748/886/397 747/887/397
f 747/887/398 748/886/398 750/888/398 749/889/398
f 749/889/399 750/888/399 752/890/399 751/891/399
f 751/891/400 752/890/400 754/892/400 753/893/400
f 696/894/401 694/895/401 756/896/401 754/897/401 752/898/401 750/899/401 748/900/401 746/901/401 744/902/401 742/903/401 740/904/401 738/905/401 736/906/401 734/907/401 732/908/401 730/909/401 728/910/401 726/911/401 724/912/401 722/913/401 720/914/401 718/915/401 716/916/401 714/917/401 712/918/401 710/919/401 708/920/401 706/921/401 704/922/401 702/923/401 700/924/401 698/925/401
f 753/893/402 754/892/402 756/926/402 755/927/402
f 755/927/403 756/926/403 694/928/403 693/929/403
f 693/930/404 695/931/404 697/932/404 699/933/404 701/934/404 703/935/404 705/936/404 707/937/404 709/938/404 711/939/404 713/940/404 715/941/404 717/942/404 719/943/404 721/944/404 723/945/404 725/946/404 727/947/404 729/948/404 731/949/404 733/950/404 735/951/404 737/952/404 739/953/404 741/954/404 743/955/404 745/956/404 747/957/404 749/958/404 751/959/404 753/960/404 755/961/404
o CenterConsole
v -0.100000 0.150000 0.450000
v -0.100000 0.450000 0.450000
v -0.100000 0.150000 -0.750000
v -0.100000 0.450000 -0.750000
v 0.100000 0.150000 0.450000
v 0.100000 0.450000 0.450000
v 0.100000 0.150000 -0.750000
v 0.100000 0.450000 -0.750000
vn -1.0000 -0.0000 -0.0000
vn -0.0000 -0.0000 -1.0000
vn 1.0000 -0.0000 -0.0000
vn -0.0000 -0.0000 1.0000
vn -0.0000 -1.0000 -0.0000
vn -0.0000 1.0000 -0.0000
vt 0.375000 0.000000
vt 0.625000 0.000000
vt 0.625000 0.250000
vt 0.375000 0.250000
vt 0.625000 0.500000
vt 0.375000 0.500000
vt 0.625000 0.750000
vt 0.375000 0.750000
vt 0.625000 1.000000
vt 0.375000 1.000000
vt 0.125000 0.500000
vt 0.125000 0.750000
vt 0.875000 0.500000
vt 0.875000 0.750000
s 0
usemtl Dashboard
f 757/962/405 758/963/405 760/964/405 759/965/405
f 759/965/406 760/964/406 764/966/406 763/967/406
f 763/967/407 764/966/407 762/968/407 761/969/407
f 761/969/408 762/968/408 758/970/408 757/971/408
f 759/972/409 763/967/409 761/969/409 757/973/409
f 764/966/410 760/974/410 758/975/410 762/968/410
o GearShift
v 0.000000 0.375000 -0.030000
v 0.000000 0.525000 -0.030000
v 0.005853 0.375000 -0.029424
v 0.005853 0.525000 -0.029424
v 0.011481 0.375000 -0.027716
v 0.011481 0.525000 -0.027716
v 0.016667 0.375000 -0.024944
v 0.016667 0.525000 -0.024944
v 0.021213 0.375000 -0.021213
v 0.021213 0.525000 -0.021213
v 0.024944 0.375000 -0.016667
v 0.024944 0.525000 -0.016667
v 0.027716 0.375000 -0.011481
v 0.027716 0.525000 -0.011481
v 0.029424 0.375000 -0.005853
v 0.029424 0.525000 -0.005853
v 0.030000 0.375000 0.000000
v 0.030000 0.525000 0.000000
v 0.029424 0.375000 0.005853
v 0.029424 0.525000 0.005853
v 0.027716 0.375000 0.011481
v 0.027716 0.525000 0.011481
v 0.024944 0.375000 0.016667
v 0.024944 0.525000 0.016667
v 0.021213 0.375000 0.021213
v 0.021213 0.525000 0.021213
v 0.016667 0.375000 0.024944
v 0.016667 0.525000 0.024944
v 0.011481 0.375000 0.027716
v 0.011481 0.525000 0.027716
v 0.005853 0.375000 0.029424
v 0.005853 0.525000 0.029424
v 0.000000 0.375000 0.030000
v 0.000000 0.525000 0.030000
v -0.005853 0.375000 0.029424
v -0.005853 0.525000 0.029424
v -0.011481 0.375000 0.027716
v -0.011481 0.525000 0.027716
v -0.016667 0.375000 0.024944
v -0.016667 0.525000 0.024944
v -0.021213 0.375000 0.021213
v -0.021213 0.525000 0.021213
v -0.024944 0.375000 0.016667
v -0.024944 0.525000 0.016667
v -0.027716 0.375000 0.011481
v -0.027716 0.525000 0.011481
v -0.029424 0.375000 0.005853
v -0.029424 0.525000 0.005853
v -0.030000 0.375000 0.000000
v -0.030000 0.525000 0.000000
v -0.029424 0.375000 -0.005853
v -0.029424 0.525000 -0.005853
v -0.027716 0.375000 -0.011481
v -0.027716 0.525000 -0.011481
v -0.024944 0.375000 -0.016667
v -0.024944 0.525000 -0.016667
v -0.021213 0.375000 -0.021213
v -0.021213 0.525000 -0.021213
v -0.016667 0.375000 -0.024944
v -0.016667 0.525000 -0.024944
v -0.011481 0.375000 -0.027716
v -0.011481 0.525000 -0.027716
v -0.005853 0.375000 -0.029424
v -0.005853 0.525000 -0.029424
vn 0.0980 -0.0000 -0.9952
vn 0.2903 -0.0000 -0.9569
vn 0.4714 -0.0000 -0.8819
vn 0.6344 -0.0000 -0.7730
vn 0.7730 -0.0000 -0.6344
vn 0.8819 -0.0000 -0.4714
vn 0.9569 -0.0000 -0.2903
vn 0.9952 -0.0000 -0.0980
vn 0.9952 -0.0000 0.0980
vn 0.9569 -0.0000 0.2903
vn 0.8819 -0.0000 0.4714
vn 0.7730 -0.0000 0.6344
vn 0.6344 -0.0000 0.7730
vn 0.4714 -0.0000 0.8819
vn 0.2903 -0.0000 0.9569
vn 0.0980 -0.0000 0.9952
vn -0.0980 -0.0000 0.9952
vn -0.2903 -0.0000 0.9569
vn -0.4714 -0.0000 0.8819
vn -0.6344 -0.0000 0.7730
vn -0.7730 -0.0000 0.6344
vn -0.8819 -0.0000 0.4714
vn -0.9569 -0.0000 0.2903
vn -0.9952 -0.0000 0.0980
vn -0.9952 -0.0000 -0.0980
vn -0.9569 -0.0000 -0.2903
vn -0.8819 -0.0000 -0.4714
vn -0.7730 -0.0000 -0.6344
vn -0.6344 -0.0000 -0.7730
vn -0.4714 -0.0000 -0.8819
vn -0.0000 1.0000 -0.0000
vn -0.2903 -0.0000 -0.9569
vn -0.0980 -0.0000 -0.9952
vn -0.0000 -1.0000 -0.0000
vt 1.000000 0.500000
vt 1.000000 1.000000
vt 0.968750 1.000000
vt 0.968750 0.500000
vt 0.937500 1.000000
vt 0.937500 0.500000
vt 0.906250 1.000000
vt 0.906250 0.500000
vt 0.875000 1.000000
vt 0.875000 0.500000
vt 0.843750 1.000000
vt 0.843750 0.500000
vt 0.812500 1.000000
vt 0.812500 0.500000
vt 0.781250 1.000000
vt 0.781250 0.500000
vt 0.750000 1.000000
vt 0.750000 0.500000
vt 0.718750 1.000000
vt 0.718750 0.500000
vt 0.687500 1.000000
vt 0.687500 0.500000
vt 0.656250 1.000000
vt 0.656250 0.500000
vt 0.625000 1.000000
vt 0.625000 0.500000
vt 0.593750 1.000000
vt 0.593750 0.500000
vt 0.562500 1.000000
vt 0.562500 0.500000
vt 0.531250 1.000000
vt 0.531250 0.500000
vt 0.500000 1.000000
vt 0.500000 0.500000
vt 0.468750 1.000000
vt 0.468750 0.500000
vt 0.437500 1.000000
vt 0.437500 0.500000
vt 0.406250 1.000000
vt 0.406250 0.500000
vt 0.375000 1.000000
vt 0.375000 0.500000
vt 0.343750 1.000000
vt 0.343750 0.500000
vt 0.312500 1.000000
vt 0.312500 0.500000
vt 0.281250 1.000000
vt 0.281250 0.500000
vt 0.250000 1.000000
vt 0.250000 0.500000
vt 0.218750 1.000000
vt 0.218750 0.500000
vt 0.187500 1.000000
vt 0.187500 0.500000
vt 0.156250 1.000000
vt 0.156250 0.500000
vt 0.125000 1.000000
vt 0.125000 0.500000
vt 0.093750 1.000000
vt 0.093750 0.500000
vt 0.062500 1.000000
vt 0.062500 0.500000
vt 0.296822 0.485388
vt 0.250000 0.490000
vt 0.203178 0.485388
vt 0.158156 0.471731
vt 0.116663 0.449553
vt 0.080294 0.419706
vt 0.050447 0.383337
vt 0.028269 0.341844
vt 0.014612 0.296822
vt 0.010000 0.250000
vt 0.014612 0.203178
vt 0.028269 0.158156
vt 0.050447 0.116663
vt 0.080294 0.080294
vt 0.116663 0.050447
vt 0.158156 0.028269
vt 0.203178 0.014612
vt 0.250000 0.010000
vt 0.296822 0.014612
vt 0.341844 0.028269
vt 0.383337 0.050447
vt 0.419706 0.080294
vt 0.449553 0.116663
vt 0.471731 0.158156
vt 0.485388 0.203178
vt 0.490000 0.250000
vt 0.485388 0.296822
vt 0.471731 0.341844
vt 0.449553 0.383337
vt 0.419706 0.419706
vt 0.383337 0.449553
vt 0.341844 0.471731
vt 0.031250 1.000000
vt 0.031250 0.500000
vt 0.000000 1.000000
vt 0.000000 0.500000
vt 0.750000 0.490000
vt 0.796822 0.485388
vt 0.841844 0.471731
vt 0.883337 0.449553
vt 0.919706 0.419706
vt 0.949553 0.383337
vt 0.971731 0.341844
vt 0.985388 0.296822
vt 0.990000 0.250000
vt 0.985388 0.203178
vt 0.971731 0.158156
vt 0.949553 0.116663
vt 0.919706 0.080294
vt 0.883337 0.050447
vt 0.841844 0.028269
vt 0.796822 0.014612
vt 0.750000 0.010000
vt 0.703178 0.014612
vt 0.658156 0.028269
vt 0.616663 0.050447
vt 0.580294 0.080294
vt 0.550447 0.116663
vt 0.528269 0.158156
vt 0.514612 0.203178
vt 0.510000 0.250000
vt 0.514612 0.296822
vt 0.528269 0.341844
vt 0.550447 0.383337
vt 0.580294 0.419706
vt 0.616663 0.449553
vt 0.658156 0.471731
vt 0.703178 0.485388
s 0
usemtl CarMetal
f 765/976/411 766/977/411 768/978/411 767/979/411
f 767/979/412 768/978/412 770/980/412 769/981/412
f 769/981/413 770/980/413 772/982/413 771/983/413
f 771/983/414 772/982/414 774/984/414 773/985/414
f 773/985/415 774/984/415 776/986/415 775/987/415
f 775/987/416 776/986/416 778/988/416 777/989/416
f 777/989/417 778/988/417 780/990/417 779/991/417
f 779/991/418 780/990/418 782/992/418 781/993/418
f 781/993/419 782/992/419 784/994/419 783/995/419
f 783/995/420 784/994/420 786/996/420 785/997/420
f 785/997/421 786/996/421 788/998/421 787/999/421
f 787/999/422 788/998/422 790/1000/422 789/1001/422
f 789/1001/423 790/1000/423 792/1002/423 791/1003/423
f 791/1003/424 792/1002/424 794/1004/424 793/1005/424
f 793/1005/425 794/1004/425 796/1006/425 795/1007/425
f 795/1007/426 796/1006/426 798/1008/426 797/1009/426
f 797/1009/427 798/1008/427 800/1010/427 799/1011/427
f 799/1011/428 800/1010/428 802/1012/428 801/1013/428
f 801/1013/429 802/1012/429 804/1014/429 803/1015/429
f 803/1015/430 804/1014/430 806/1016/430 805/1017/430
f 805/1017/431 806/1016/431 808/1018/431 807/1019/431
f 807/1019/432 808/1018/432 810/1020/432 809/1021/432
f 809/1021/433 810/1020/433 812/1022/433 811/1023/433
f 811/1023/434 812/1022/434 814/1024/434 813/1025/434
f 813/1025/435 814/1024/435 816/1026/435 815/1027/435
f 815/1027/436 816/1026/436 818/1028/436 817/1029/436
f 817/1029/437 818/1028/437 820/1030/437 819/1031/437
f 819/1031/438 820/1030/438 822/1032/438 821/1033/438
f 821/1033/439 822/1032/439 824/1034/439 823/1035/439
f 823/1035/440 824/1034/440 826/1036/440 825/1037/440
f 768/1038/441 766/1039/441 828/1040/441 826/1041/441 824/1042/441 822/1043/441 820/1044/441 818/1045/441 816/1046/441 814/1047/441 812/1048/441 810/1049/441 808/1050/441 806/1051/441 804/1052/441 802/1053/441 800/1054/441 798/1055/441 796/1056/441 794/1057/441 792/1058/441 790/1059/441 788/1060/441 786/1061/441 784/1062/441 782/1063/441 780/1064/441 778/1065/441 776/1066/441 774/1067/441 772/1068/441 770/1069/441
f 825/1037/442 826/1036/442 828/1070/442 827/1071/442
f 827/1071/443 828/1070/443 766/1072/443 765/1073/443
f 765/1074/444 767/1075/444 769/1076/444 771/1077/444 773/1078/444 775/1079/444 777/1080/444 779/1081/444 781/1082/444 783/1083/444 785/1084/444 787/1085/444 789/1086/444 791/1087/444 793/1088/444 795/1089/444 797/1090/444 799/1091/444 801/1092/444 803/1093/444 805/1094/444 807/1095/444 809/1096/444 811/1097/444 813/1098/444 815/1099/444 817/1100/444 819/1101/444 821/1102/444 823/1103/444 825/1104/444 827/1105/444
o DoorHandle_L
v -0.740000 0.575000 -0.175000
v -0.740000 0.625000 -0.175000
v -0.740000 0.575000 -0.425000
v -0.740000 0.625000 -0.425000
v -0.700000 0.575000 -0.175000
v -0.700000 0.625000 -0.175000
v -0.700000 0.575000 -0.425000
v -0.700000 0.625000 -0.425000
vn -1.0000 -0.0000 -0.0000
vn -0.0000 -0.0000 -1.0000
vn 1.0000 -0.0000 -0.0000
vn -0.0000 -0.0000 1.0000
vn -0.0000 -1.0000 -0.0000
vn -0.0000 1.0000 -0.0000
vt 0.375000 0.000000
vt 0.625000 0.000000
vt 0.625000 0.250000
vt 0.375000 0.250000
vt 0.625000 0.500000
vt 0.375000 0.500000
vt 0.625000 0.750000
vt 0.375000 0.750000
vt 0.625000 1.000000
vt 0.375000 1.000000
vt 0.125000 0.500000
vt 0.125000 0.750000
vt 0.875000 0.500000
vt 0.875000 0.750000
s 0
usemtl CarMetal
f 829/1106/445 830/1107/445 832/1108/445 831/1109/445
f 831/1109/446 832/1108/446 836/1110/446 835/1111/446
f 835/1111/447 836/1110/447 834/1112/447 833/1113/447
f 833/1113/448 834/1112/448 830/1114/448 829/1115/448
f 831/1116/449 835/1111/449 833/1113/449 829/1117/449
f 836/1110/450 832/1118/450 830/1119/450 834/1112/450
o WindowSwitch_L
v -0.735000 0.340000 -0.110000
v -0.735000 0.360000 -0.110000
v -0.735000 0.340000 -0.190000
v -0.735000 0.360000 -0.190000
v -0.705000 0.340000 -0.110000
v -0.705000 0.360000 -0.110000
v -0.705000 0.340000 -0.190000
v -0.705000 0.360000 -0.190000
vn -1.0000 -0.0000 -0.0000
vn -0.0000 -0.0000 -1.0000
vn 1.0000 -0.0000 -0.0000
vn -0.0000 -0.0000 1.0000
vn -0.0000 -1.0000 -0.0000
vn -0.0000 1.0000 -0.0000
vt 0.375000 0.000000
vt 0.625000 0.000000
vt 0.625000 0.250000
vt 0.375000 0.250000
vt 0.625000 0.500000
vt 0.375000 0.500000
vt 0.625000 0.750000
vt 0.375000 0.750000
vt 0.625000 1.000000
vt 0.375000 1.000000
vt 0.125000 0.500000
vt 0.125000 0.750000
vt 0.875000 0.500000
vt 0.875000 0.750000
s 0
usemtl CarMetal
f 837/1120/451 838/1121/451 840/1122/451 839/1123/451
f 839/1123/452 840/1122/452 844/1124/452 843/1125/452
f 843/1125/453 844/1124/453 842/1126/453 841/1127/453
f 841/1127/454 842/1126/454 838/1128/454 837/1129/454
f 839/1130/455 843/1125/455 841/1127/455 837/1131/455
f 844/1124/456 840/1132/456 838/1133/456 842/1126/456
o DoorHandle_R
v 0.700000 0.575000 -0.175000
v 0.700000 0.625000 -0.175000
v 0.700000 0.575000 -0.425000
v 0.700000 0.625000 -0.425000
v 0.740000 0.575000 -0.175000
v 0.740000 0.625000 -0.175000
v 0.740000 0.575000 -0.425000
v 0.740000 0.625000 -0.425000
vn -1.0000 -0.0000 -0.0000
vn -0.0000 -0.0000 -1.0000
vn 1.0000 -0.0000 -0.0000
vn -0.0000 -0.0000 1.0000
vn -0.0000 -1.0000 -0.0000
vn -0.0000 1.0000 -0.0000
vt 0.375000 0.000000
vt 0.625000 0.000000
vt 0.625000 0.250000
vt 0.375000 0.250000
vt 0.625000 0.500000
vt 0.375000 0.500000
vt 0.625000 0.750000
vt 0.375000 0.750000
vt 0.625000 1.000000
vt 0.375000 1.000000
vt 0.125000 0.500000
vt 0.125000 0.750000
vt 0.875000 0.500000
vt 0.875000 0.750000
s 0
usemtl CarMetal
f 845/1134/457 846/1135/457 848/1136/457 847/1137/457
f 847/1137/458 848/1136/458 852/1138/458 851/1139/458
f 851/1139/459 852/1138/459 850/1140/459 849/1141/459
f 849/1141/460 850/1140/460 846/1142/460 845/1143/460
f 847/1144/461 851/1139/461 849/1141/461 845/1145/461
f 852/1138/462 848/1146/462 846/1147/462 850/1140/462
o WindowSwitch_R
v 0.705000 0.340000 -0.110000
v 0.705000 0.360000 -0.110000
v 0.705000 0.340000 -0.190000
v 0.705000 0.360000 -0.190000
v 0.735000 0.340000 -0.110000
v 0.735000 0.360000 -0.110000
v 0.735000 0.340000 -0.190000
v 0.735000 0.360000 -0.190000
vn -1.0000 -0.0000 -0.0000
vn -0.0000 -0.0000 -1.0000
vn 1.0000 -0.0000 -0.0000
vn -0.0000 -0.0000 1.0000
vn -0.0000 -1.0000 -0.0000
vn -0.0000 1.0000 -0.0000
vt 0.375000 0.000000
vt 0.625000 0.000000
vt 0.625000 0.250000
vt 0.375000 0.250000
vt 0.625000 0.500000
vt 0.375000 0.500000
vt 0.625000 0.750000
vt 0.375000 0.750000
vt 0.625000 1.000000
vt 0.375000 1.000000
vt 0.125000 0.500000
vt 0.125000 0.750000
vt 0.875000 0.500000
vt 0.875000 0.750000
s 0
usemtl CarMetal
f 853/1148/463 854/1149/463 856/1150/463 855/1151/463
f 855/1151/464 856/1150/464 860/1152/464 859/1153/464
f 859/1153/465 860/1152/465 858/1154/465 857/1155/465
f 857/1155/466 858/1154/466 854/1156/466 853/1157/466
f 855/1158/467 859/1153/467 857/1155/467 853/1159/467
f 860/1152/468 856/1160/468 854/1161/468 858/1154/468
