# Blender 5.0.1
# www.blender.org
mtllib bank_interior.mtl
o BankFloor
v -6.000000 0.000000 6.000000
v 6.000000 0.000000 6.000000
v -6.000000 0.000000 -6.000000
v 6.000000 0.000000 -6.000000
vn -0.0000 1.0000 -0.0000
vt 0.000000 0.000000
vt 1.000000 0.000000
vt 1.000000 1.000000
vt 0.000000 1.000000
s 0
usemtl BankFloor
f 1/1/1 2/2/1 4/3/1 3/4/1
o Wall_Back
v -6.000000 0.000000 -5.900000
v -6.000000 4.000000 -5.900000
v -6.000000 0.000000 -6.100000
v -6.000000 4.000000 -6.100000
v 6.000000 0.000000 -5.900000
v 6.000000 4.000000 -5.900000
v 6.000000 0.000000 -6.100000
v 6.000000 4.000000 -6.100000
vn -1.0000 -0.0000 -0.0000
vn -0.0000 -0.0000 -1.0000
vn 1.0000 -0.0000 -0.0000
vn -0.0000 -0.0000 1.0000
vn -0.0000 -1.0000 -0.0000
vn -0.0000 1.0000 -0.0000
vt 0.375000 0.000000
vt 0.625000 0.000000
vt 0.625000 0.250000
vt 0.375000 0.250000
vt 0.625000 0.500000
vt 0.375000 0.500000
vt 0.625000 0.750000
vt 0.375000 0.750000
vt 0.625000 1.000000
vt 0.375000 1.000000
vt 0.125000 0.500000
vt 0.125000 0.750000
vt 0.875000 0.500000
vt 0.875000 0.750000
s 0
usemtl BankWall
f 5/5/2 6/6/2 8/7/2 7/8/2
f 7/8/3 8/7/3 12/9/3 11/10/3
f 11/10/4 12/9/4 10/11/4 9/12/4
f 9/12/5 10/11/5 6/13/5 5/14/5
f 7/15/6 11/10/6 9/12/6 5/16/6
f 12/9/7 8/17/7 6/18/7 10/11/7
o Wall_FrontL
v -6.000000 0.000000 6.100000
v -6.000000 4.000000 6.100000
v -6.000000 0.000000 5.900000
v -6.000000 4.000000 5.900000
v -2.000000 0.000000 6.100000
v -2.000000 4.000000 6.100000
v -2.000000 0.000000 5.900000
v -2.000000 4.000000 5.900000
vn -1.0000 -0.0000 -0.0000
vn -0.0000 -0.0000 -1.0000
vn 1.0000 -0.0000 -0.0000
vn -0.0000 -0.0000 1.0000
vn -0.0000 -1.0000 -0.0000
vn -0.0000 1.0000 -0.0000
vt 0.375000 0.000000
vt 0.625000 0.000000
vt 0.625000 0.250000
vt 0.375000 0.250000
vt 0.625000 0.500000
vt 0.375000 0.500000
vt 0.625000 0.750000
vt 0.375000 0.750000
vt 0.625000 1.000000
vt 0.375000 1.000000
vt 0.125000 0.500000
vt 0.125000 0.750000
vt 0.875000 0.500000
vt 0.875000 0.750000
s 0
usemtl BankWall
f 13/19/8 14/20/8 16/21/8 15/22/8
f 15/22/9 16/21/9 20/23/9 19/24/9
f 19/24/10 20/23/10 18/25/10 17/26/10
f 17/26/11 18/25/11 14/27/11 13/28/11
f 15/29/12 19/24/12 17/26/12 13/30/12
f 20/23/13 16/31/13 14/32/13 18/25/13
o Wall_FrontR
v 2.000000 0.000000 6.100000
v 2.000000 4.000000 6.100000
v 2.000000 0.000000 5.900000
v 2.000000 4.000000 5.900000
v 6.000000 0.000000 6.100000
v 6.000000 4.000000 6.100000
v 6.000000 0.000000 5.900000
v 6.000000 4.000000 5.900000
vn -1.0000 -0.0000 -0.0000
vn -0.0000 -0.0000 -1.0000
vn 1.0000 -0.0000 -0.0000
vn -0.0000 -0.0000 1.0000
vn -0.0000 -1.0000 -0.0000
vn -0.0000 1.0000 -0.0000
vt 0.375000 0.000000
vt 0.625000 0.000000
vt 0.625000 0.250000
vt 0.375000 0.250000
vt 0.625000 0.500000
vt 0.375000 0.500000
vt 0.625000 0.750000
vt 0.375000 0.750000
vt 0.625000 1.000000
vt 0.375000 1.000000
vt 0.125000 0.500000
vt 0.125000 0.750000
vt 0.875000 0.500000
vt 0.875000 0.750000
s 0
usemtl BankWall
f 21/33/14 22/34/14 24/35/14 23/36/14
f 23/36/15 24/35/15 28/37/15 27/38/15
f 27/38/16 28/37/16 26/39/16 25/40/16
f 25/40/17 26/39/17 22/41/17 21/42/17
f 23/43/18 27/38/18 25/40/18 21/44/18
f 28/37/19 24/45/19 22/46/19 26/39/19
o Wall_Left
v -6.100000 0.000000 6.000000
v -6.100000 4.000000 6.000000
v -6.100000 0.000000 -6.000000
v -6.100000 4.000000 -6.000000
v -5.900000 0.000000 6.000000
v -5.900000 4.000000 6.000000
v -5.900000 0.000000 -6.000000
v -5.900000 4.000000 -6.000000
vn -1.0000 -0.0000 -0.0000
vn -0.0000 -0.0000 -1.0000
vn 1.0000 -0.0000 -0.0000
vn -0.0000 -0.0000 1.0000
vn -0.0000 -1.0000 -0.0000
vn -0.0000 1.0000 -0.0000
vt 0.375000 0.000000
vt 0.625000 0.000000
vt 0.625000 0.250000
vt 0.375000 0.250000
vt 0.625000 0.500000
vt 0.375000 0.500000
vt 0.625000 0.750000
vt 0.375000 0.750000
vt 0.625000 1.000000
vt 0.375000 1.000000
vt 0.125000 0.500000
vt 0.125000 0.750000
vt 0.875000 0.500000
vt 0.875000 0.750000
s 0
usemtl BankWall
f 29/47/20 30/48/20 32/49/20 31/50/20
f 31/50/21 32/49/21 36/51/21 35/52/21
f 35/52/22 36/51/22 34/53/22 33/54/22
f 33/54/23 34/53/23 30/55/23 29/56/23
f 31/57/24 35/52/24 33/54/24 29/58/24
f 36/51/25 32/59/25 30/60/25 34/53/25
o Wall_Right
v 5.900000 0.000000 6.000000
v 5.900000 4.000000 6.000000
v 5.900000 0.000000 -6.000000
v 5.900000 4.000000 -6.000000
v 6.100000 0.000000 6.000000
v 6.100000 4.000000 6.000000
v 6.100000 0.000000 -6.000000
v 6.100000 4.000000 -6.000000
vn -1.0000 -0.0000 -0.0000
vn -0.0000 -0.0000 -1.0000
vn 1.0000 -0.0000 -0.0000
vn -0.0000 -0.0000 1.0000
vn -0.0000 -1.0000 -0.0000
vn -0.0000 1.0000 -0.0000
vt 0.375000 0.000000
vt 0.625000 0.000000
vt 0.625000 0.250000
vt 0.375000 0.250000
vt 0.625000 0.500000
vt 0.375000 0.500000
vt 0.625000 0.750000
vt 0.375000 0.750000
vt 0.625000 1.000000
vt 0.375000 1.000000
vt 0.125000 0.500000
vt 0.125000 0.750000
vt 0.875000 0.500000
vt 0.875000 0.750000
s 0
usemtl BankWall
f 37/61/26 38/62/26 40/63/26 39/64/26
f 39/64/27 40/63/27 44/65/27 43/66/27
f 43/66/28 44/65/28 42/67/28 41/68/28
f 41/68/29 42/67/29 38/69/29 37/70/29
f 39/71/30 43/66/30 41/68/30 37/72/30
f 44/65/31 40/73/31 38/74/31 42/67/31
o TellerCounter
v -2.500000 0.000000 -2.600000
v -2.500000 1.100000 -2.600000
v -2.500000 0.000000 -3.400000
v -2.500000 1.100000 -3.400000
v 2.500000 0.000000 -2.600000
v 2.500000 1.100000 -2.600000
v 2.500000 0.000000 -3.400000
v 2.500000 1.100000 -3.400000
vn -1.0000 -0.0000 -0.0000
vn -0.0000 -0.0000 -1.0000
vn 1.0000 -0.0000 -0.0000
vn -0.0000 -0.0000 1.0000
vn -0.0000 -1.0000 -0.0000
vn -0.0000 1.0000 -0.0000
vt 0.375000 0.000000
vt 0.625000 0.000000
vt 0.625000 0.250000
vt 0.375000 0.250000
vt 0.625000 0.500000
vt 0.375000 0.500000
vt 0.625000 0.750000
vt 0.375000 0.750000
vt 0.625000 1.000000
vt 0.375000 1.000000
vt 0.125000 0.500000
vt 0.125000 0.750000
vt 0.875000 0.500000
vt 0.875000 0.750000
s 0
usemtl Marble
f 45/75/32 46/76/32 48/77/32 47/78/32
f 47/78/33 48/77/33 52/79/33 51/80/33
f 51/80/34 52/79/34 50/81/34 49/82/34
f 49/82/35 50/81/35 46/83/35 45/84/35
f 47/85/36 51/80/36 49/82/36 45/86/36
f 52/79/37 48/87/37 46/88/37 50/81/37
o TellerCounterSide
v -2.900000 0.000000 -0.250000
v -2.900000 1.100000 -0.250000
v -2.900000 0.000000 -2.750000
v -2.900000 1.100000 -2.750000
v -2.100000 0.000000 -0.250000
v -2.100000 1.100000 -0.250000
v -2.100000 0.000000 -2.750000
v -2.100000 1.100000 -2.750000
vn -1.0000 -0.0000 -0.0000
vn -0.0000 -0.0000 -1.0000
vn 1.0000 -0.0000 -0.0000
vn -0.0000 -0.0000 1.0000
vn -0.0000 -1.0000 -0.0000
vn -0.0000 1.0000 -0.0000
vt 0.375000 0.000000
vt 0.625000 0.000000
vt 0.625000 0.250000
vt 0.375000 0.250000
vt 0.625000 0.500000
vt 0.375000 0.500000
vt 0.625000 0.750000
vt 0.375000 0.750000
vt 0.625000 1.000000
vt 0.375000 1.000000
vt 0.125000 0.500000
vt 0.125000 0.750000
vt 0.875000 0.500000
vt 0.875000 0.750000
s 0
usemtl Marble
f 53/89/38 54/90/38 56/91/38 55/92/38
f 55/92/39 56/91/39 60/93/39 59/94/39
f 59/94/40 60/93/40 58/95/40 57/96/40
f 57/96/41 58/95/41 54/97/41 53/98/41
f 55/99/42 59/94/42 57/96/42 53/100/42
f 60/93/43 56/101/43 54/102/43 58/95/43
o GlassPartition_0
v -2.025000 1.650000 -2.600000
v -2.025000 2.750000 -2.600000
v -2.025000 1.650000 -3.400000
v -2.025000 2.750000 -3.400000
v -1.975000 1.650000 -2.600000
v -1.975000 2.750000 -2.600000
v -1.975000 1.650000 -3.400000
v -1.975000 2.750000 -3.400000
vn -1.0000 -0.0000 -0.0000
vn -0.0000 -0.0000 -1.0000
vn 1.0000 -0.0000 -0.0000
vn -0.0000 -0.0000 1.0000
vn -0.0000 -1.0000 -0.0000
vn -0.0000 1.0000 -0.0000
vt 0.375000 0.000000
vt 0.625000 0.000000
vt 0.625000 0.250000
vt 0.375000 0.250000
vt 0.625000 0.500000
vt 0.375000 0.500000
vt 0.625000 0.750000
vt 0.375000 0.750000
vt 0.625000 1.000000
vt 0.375000 1.000000
vt 0.125000 0.500000
vt 0.125000 0.750000
vt 0.875000 0.500000
vt 0.875000 0.750000
s 0
usemtl BankGlass
f 61/103/44 62/104/44 64/105/44 63/106/44
f 63/106/45 64/105/45 68/107/45 67/108/45
f 67/108/46 68/107/46 66/109/46 65/110/46
f 65/110/47 66/109/47 62/111/47 61/112/47
f 63/113/48 67/108/48 65/110/48 61/114/48
f 68/107/49 64/115/49 62/116/49 66/109/49
o GlassPartition_1
v -0.725000 1.650000 -2.600000
v -0.725000 2.750000 -2.600000
v -0.725000 1.650000 -3.400000
v -0.725000 2.750000 -3.400000
v -0.675000 1.650000 -2.600000
v -0.675000 2.750000 -2.600000
v -0.675000 1.650000 -3.400000
v -0.675000 2.750000 -3.400000
vn -1.0000 -0.0000 -0.0000
vn -0.0000 -0.0000 -1.0000
vn 1.0000 -0.0000 -0.0000
vn -0.0000 -0.0000 1.0000
vn -0.0000 -1.0000 -0.0000
vn -0.0000 1.0000 -0.0000
vt 0.375000 0.000000
vt 0.625000 0.000000
vt 0.625000 0.250000
vt 0.375000 0.250000
vt 0.625000 0.500000
vt 0.375000 0.500000
vt 0.625000 0.750000
vt 0.375000 0.750000
vt 0.625000 1.000000
vt 0.375000 1.000000
vt 0.125000 0.500000
vt 0.125000 0.750000
vt 0.875000 0.500000
vt 0.875000 0.750000
s 0
usemtl BankGlass
f 69/117/50 70/118/50 72/119/50 71/120/50
f 71/120/51 72/119/51 76/121/51 75/122/51
f 75/122/52 76/121/52 74/123/52 73/124/52
f 73/124/53 74/123/53 70/125/53 69/126/53
f 71/127/54 75/122/54 73/124/54 69/128/54
f 76/121/55 72/129/55 70/130/55 74/123/55
o GlassPartition_2
v 0.675000 1.650000 -2.600000
v 0.675000 2.750000 -2.600000
v 0.675000 1.650000 -3.400000
v 0.675000 2.750000 -3.400000
v 0.725000 1.650000 -2.600000
v 0.725000 2.750000 -2.600000
v 0.725000 1.650000 -3.400000
v 0.725000 2.750000 -3.400000
vn -1.0000 -0.0000 -0.0000
vn -0.0000 -0.0000 -1.0000
vn 1.0000 -0.0000 -0.0000
vn -0.0000 -0.0000 1.0000
vn -0.0000 -1.0000 -0.0000
vn -0.0000 1.0000 -0.0000
vt 0.375000 0.000000
vt 0.625000 0.000000
vt 0.625000 0.250000
vt 0.375000 0.250000
vt 0.625000 0.500000
vt 0.375000 0.500000
vt 0.625000 0.750000
vt 0.375000 0.750000
vt 0.625000 1.000000
vt 0.375000 1.000000
vt 0.125000 0.500000
vt 0.125000 0.750000
vt 0.875000 0.500000
vt 0.875000 0.750000
s 0
usemtl BankGlass
f 77/131/56 78/132/56 80/133/56 79/134/56
f 79/134/57 80/133/57 84/135/57 83/136/57
f 83/136/58 84/135/58 82/137/58 81/138/58
f 81/138/59 82/137/59 78/139/59 77/140/59
f 79/141/60 83/136/60 81/138/60 77/142/60
f 84/135/61 80/143/61 78/144/61 82/137/61
o GlassPartition_3
v 1.975000 1.650000 -2.600000
v 1.975000 2.750000 -2.600000
v 1.975000 1.650000 -3.400000
v 1.975000 2.750000 -3.400000
v 2.025000 1.650000 -2.600000
v 2.025000 2.750000 -2.600000
v 2.025000 1.650000 -3.400000
v 2.025000 2.750000 -3.400000
vn -1.0000 -0.0000 -0.0000
vn -0.0000 -0.0000 -1.0000
vn 1.0000 -0.0000 -0.0000
vn -0.0000 -0.0000 1.0000
vn -0.0000 -1.0000 -0.0000
vn -0.0000 1.0000 -0.0000
vt 0.375000 0.000000
vt 0.625000 0.000000
vt 0.625000 0.250000
vt 0.375000 0.250000
vt 0.625000 0.500000
vt 0.375000 0.500000
vt 0.625000 0.750000
vt 0.375000 0.750000
vt 0.625000 1.000000
vt 0.375000 1.000000
vt 0.125000 0.500000
vt 0.125000 0.750000
vt 0.875000 0.500000
vt 0.875000 0.750000
s 0
usemtl BankGlass
f 85/145/62 86/146/62 88/147/62 87/148/62
f 87/148/63 88/147/63 92/149/63 91/150/63
f 91/150/64 92/149/64 90/151/64 89/152/64
f 89/152/65 90/151/65 86/153/65 85/154/65
f 87/155/66 91/150/66 89/152/66 85/156/66
f 92/149/67 88/157/67 86/158/67 90/151/67
o VaultFloor
v 2.000000 0.010000 -2.000000
v 6.000000 0.010000 -2.000000
v 2.000000 0.010000 -6.000000
v 6.000000 0.010000 -6.000000
vn -0.0000 1.0000 -0.0000
vt 0.000000 0.000000
vt 1.000000 0.000000
vt 1.000000 1.000000
vt 0.000000 1.000000
s 0
usemtl VaultMetal
f 93/159/68 94/160/68 96/161/68 95/162/68
o VaultDoor
v 4.000000 2.700000 -2.150000
v 4.000000 2.700000 -1.850000
v 4.234108 2.676942 -2.150000
v 4.234108 2.676942 -1.850000
v 4.459220 2.608655 -2.150000
v 4.459220 2.608655 -1.850000
v 4.666684 2.497764 -2.150000
v 4.666684 2.497764 -1.850000
v 4.848528 2.348528 -2.150000
v 4.848528 2.348528 -1.850000
v 4.997764 2.166684 -2.150000
v 4.997764 2.166684 -1.850000
v 5.108655 1.959220 -2.150000
v 5.108655 1.959220 -1.850000
v 5.176942 1.734108 -2.150000
v 5.176942 1.734108 -1.850000
v 5.200000 1.500000 -2.150000
v 5.200000 1.500000 -1.850000
v 5.176942 1.265892 -2.150000
v 5.176942 1.265892 -1.850000
v 5.108655 1.040780 -2.150000
v 5.108655 1.040780 -1.850000
v 4.997764 0.833316 -2.150000
v 4.997764 0.833316 -1.850000
v 4.848528 0.651472 -2.150000
v 4.848528 0.651472 -1.850000
v 4.666684 0.502236 -2.150000
v 4.666684 0.502236 -1.850000
v 4.459220 0.391345 -2.150000
v 4.459220 0.391345 -1.850000
v 4.234108 0.323058 -2.150000
v 4.234108 0.323058 -1.850000
v 4.000000 0.300000 -2.150000
v 4.000000 0.300000 -1.850000
v 3.765892 0.323058 -2.150000
v 3.765892 0.323058 -1.850000
v 3.540780 0.391345 -2.150000
v 3.540780 0.391345 -1.850000
v 3.333316 0.502236 -2.150000
v 3.333316 0.502236 -1.850000
v 3.151472 0.651472 -2.150000
v 3.151472 0.651472 -1.850000
v 3.002236 0.833316 -2.150000
v 3.002236 0.833316 -1.850000
v 2.891345 1.040780 -2.150000
v 2.891345 1.040780 -1.850000
v 2.823058 1.265892 -2.150000
v 2.823058 1.265892 -1.850000
v 2.800000 1.500000 -2.150000
v 2.800000 1.500000 -1.850000
v 2.823058 1.734108 -2.150000
v 2.823058 1.734108 -1.850000
v 2.891345 1.959220 -2.150000
v 2.891345 1.959220 -1.850000
v 3.002236 2.166684 -2.150000
v 3.002236 2.166684 -1.850000
v 3.151472 2.348528 -2.150000
v 3.151472 2.348528 -1.850000
v 3.333316 2.497764 -2.150000
v 3.333316 2.497764 -1.850000
v 3.540780 2.608655 -2.150000
v 3.540780 2.608655 -1.850000
v 3.765892 2.676942 -2.150000
v 3.765892 2.676942 -1.850000
vn 0.0980 0.9952 -0.0000
vn 0.2903 0.9569 -0.0000
vn 0.4714 0.8819 -0.0000
vn 0.6344 0.7730 -0.0000
vn 0.7730 0.6344 -0.0000
vn 0.8819 0.4714 -0.0000
vn 0.9569 0.2903 -0.0000
vn 0.9952 0.0980 -0.0000
vn 0.9952 -0.0980 -0.0000
vn 0.9569 -0.2903 -0.0000
vn 0.8819 -0.4714 -0.0000
vn 0.7730 -0.6344 -0.0000
vn 0.6344 -0.7730 -0.0000
vn 0.4714 -0.8819 -0.0000
vn 0.2903 -0.9569 -0.0000
vn 0.0980 -0.9952 -0.0000
vn -0.0980 -0.9952 -0.0000
vn -0.2903 -0.9569 -0.0000
vn -0.4714 -0.8819 -0.0000
vn -0.6344 -0.7730 -0.0000
vn -0.7730 -0.6344 -0.0000
vn -0.8819 -0.4714 -0.0000
vn -0.9569 -0.2903 -0.0000
vn -0.9952 -0.0980 -0.0000
vn -0.9952 0.0980 -0.0000
vn -0.9569 0.2903 -0.0000
vn -0.8819 0.4714 -0.0000
vn -0.7730 0.6344 -0.0000
vn -0.6344 0.7730 -0.0000
vn -0.4714 0.8819 -0.0000
vn -0.0000 -0.0000 1.0000
vn -0.2903 0.9569 -0.0000
vn -0.0980 0.9952 -0.0000
vn -0.0000 -0.0000 -1.0000
vt 1.000000 0.500000
vt 1.000000 1.000000
vt 0.968750 1.000000
vt 0.968750 0.500000
vt 0.937500 1.000000
vt 0.937500 0.500000
vt 0.906250 1.000000
vt 0.906250 0.500000
vt 0.875000 1.000000
vt 0.875000 0.500000
vt 0.843750 1.000000
vt 0.843750 0.500000
vt 0.812500 1.000000
vt 0.812500 0.500000
vt 0.781250 1.000000
vt 0.781250 0.500000
vt 0.750000 1.000000
vt 0.750000 0.500000
vt 0.718750 1.000000
vt 0.718750 0.500000
vt 0.687500 1.000000
vt 0.687500 0.500000
vt 0.656250 1.000000
vt 0.656250 0.500000
vt 0.625000 1.000000
vt 0.625000 0.500000
vt 0.593750 1.000000
vt 0.593750 0.500000
vt 0.562500 1.000000
vt 0.562500 0.500000
vt 0.531250 1.000000
vt 0.531250 0.500000
vt 0.500000 1.000000
vt 0.500000 0.500000
vt 0.468750 1.000000
vt 0.468750 0.500000
vt 0.437500 1.000000
vt 0.437500 0.500000
vt 0.406250 1.000000
vt 0.406250 0.500000
vt 0.375000 1.000000
vt 0.375000 0.500000
vt 0.343750 1.000000
vt 0.343750 0.500000
vt 0.312500 1.000000
vt 0.312500 0.500000
vt 0.281250 1.000000
vt 0.281250 0.500000
vt 0.250000 1.000000
vt 0.250000 0.500000
vt 0.218750 1.000000
vt 0.218750 0.500000
vt 0.187500 1.000000
vt 0.187500 0.500000
vt 0.156250 1.000000
vt 0.156250 0.500000
vt 0.125000 1.000000
vt 0.125000 0.500000
vt 0.093750 1.000000
vt 0.093750 0.500000
vt 0.062500 1.000000
vt 0.062500 0.500000
vt 0.296822 0.485388
vt 0.250000 0.490000
vt 0.203178 0.485388
vt 0.158156 0.471731
vt 0.116663 0.449553
vt 0.080294 0.419706
vt 0.050447 0.383337
vt 0.028269 0.341844
vt 0.014612 0.296822
vt 0.010000 0.250000
vt 0.014612 0.203178
vt 0.028269 0.158156
vt 0.050447 0.116663
vt 0.080294 0.080294
vt 0.116663 0.050447
vt 0.158156 0.028269
vt 0.203178 0.014612
vt 0.250000 0.010000
vt 0.296822 0.014612
vt 0.341844 0.028269
vt 0.383337 0.050447
vt 0.419706 0.080294
vt 0.449553 0.116663
vt 0.471731 0.158156
vt 0.485388 0.203178
vt 0.490000 0.250000
vt 0.485388 0.296822
vt 0.471731 0.341844
vt 0.449553 0.383337
vt 0.419706 0.419706
vt 0.383337 0.449553
vt 0.341844 0.471731
vt 0.031250 1.000000
vt 0.031250 0.500000
vt 0.000000 1.000000
vt 0.000000 0.500000
vt 0.750000 0.490000
vt 0.796822 0.485388
vt 0.841844 0.471731
vt 0.883337 0.449553
vt 0.919706 0.419706
vt 0.949553 0.383337
vt 0.971731 0.341844
vt 0.985388 0.296822
vt 0.990000 0.250000
vt 0.985388 0.203178
vt 0.971731 0.158156
vt 0.949553 0.116663
vt 0.919706 0.080294
vt 0.883337 0.050447
vt 0.841844 0.028269
vt 0.796822 0.014612
vt 0.750000 0.010000
vt 0.703178 0.014612
vt 0.658156 0.028269
vt 0.616663 0.050447
vt 0.580294 0.080294
vt 0.550447 0.116663
vt 0.528269 0.158156
vt 0.514612 0.203178
vt 0.510000 0.250000
vt 0.514612 0.296822
vt 0.528269 0.341844
vt 0.550447 0.383337
vt 0.580294 0.419706
vt 0.616663 0.449553
vt 0.658156 0.471731
vt 0.703178 0.485388
s 0
usemtl VaultMetal
f 97/163/69 98/164/69 100/165/69 99/166/69
f 99/166/70 100/165/70 102/167/70 101/168/70
f 101/168/71 102/167/71 104/169/71 103/170/71
f 103/170/72 104/169/72 106/171/72 105/172/72
f 105/172/73 106/171/73 108/173/73 107/174/73
f 107/174/74 108/173/74 110/175/74 109/176/74
f 109/176/75 110/175/75 112/177/75 111/178/75
f 111/178/76 112/177/76 114/179/76 113/180/76
f 113/180/77 114/179/77 116/181/77 115/182/77
f 115/182/78 116/181/78 118/183/78 117/184/78
f 117/184/79 118/183/79 120/185/79 119/186/79
f 119/186/80 120/185/80 122/187/80 121/188/80
f 121/188/81 122/187/81 124/189/81 123/190/81
f 123/190/82 124/189/82 126/191/82 125/192/82
f 125/192/83 126/191/83 128/193/83 127/194/83
f 127/194/84 128/193/84 130/195/84 129/196/84
f 129/196/85 130/195/85 132/197/85 131/198/85
f 131/198/86 132/197/86 134/199/86 133/200/86
f 133/200/87 134/199/87 136/201/87 135/202/87
f 135/202/88 136/201/88 138/203/88 137/204/88
f 137/204/89 138/203/89 140/205/89 139/206/89
f 139/206/90 140/205/90 142/207/90 141/208/90
f 141/208/91 142/207/91 144/209/91 143/210/91
f 143/210/92 144/209/92 146/211/92 145/212/92
f 145/212/93 146/211/93 148/213/93 147/214/93
f 147/214/94 148/213/94 150/215/94 149/216/94
f 149/216/95 150/215/95 152/217/95 151/218/95
f 151/218/96 152/217/96 154/219/96 153/220/96
f 153/220/97 154/219/97 156/221/97 155/222/97
f 155/222/98 156/221/98 158/223/98 157/224/98
f 100/225/99 98/226/99 160/227/99 158/228/99 156/229/99 154/230/99 152/231/99 150/232/99 148/233/99 146/234/99 144/235/99 142/236/99 140/237/99 138/238/99 136/239/99 134/240/99 132/241/99 130/242/99 128/243/99 126/244/99 124/245/99 122/246/99 120/247/99 118/248/99 116/249/99 114/250/99 112/251/99 110/252/99 108/253/99 106/254/99 104/255/99 102/256/99
f 157/224/100 158/223/100 160/257/100 159/258/100
f 159/258/101 160/257/101 98/259/101 97/260/101
f 97/261/102 99/262/102 101/263/102 103/264/102 105/265/102 107/266/102 109/267/102 111/268/102 113/269/102 115/270/102 117/271/102 119/272/102 121/273/102 123/274/102 125/275/102 127/276/102 129/277/102 131/278/102 133/279/102 135/280/102 137/281/102 139/282/102 141/283/102 143/284/102 145/285/102 147/286/102 149/287/102 151/288/102 153/289/102 155/290/102 157/291/102 159/292/102
o VaultSpoke_0
v 4.800000 1.000000 -2.050000
v 4.800000 2.000000 -2.050000
v 4.809755 1.000000 -2.049039
v 4.809755 2.000000 -2.049039
v 4.819134 1.000000 -2.046194
v 4.819134 2.000000 -2.046194
v 4.827779 1.000000 -2.041574
v 4.827779 2.000000 -2.041574
v 4.835356 1.000000 -2.035355
v 4.835356 2.000000 -2.035355
v 4.841574 1.000000 -2.027779
v 4.841574 2.000000 -2.027779
v 4.846194 1.000000 -2.019134
v 4.846194 2.000000 -2.019134
v 4.849040 1.000000 -2.009754
v 4.849040 2.000000 -2.009754
v 4.850000 1.000000 -2.000000
v 4.850000 2.000000 -2.000000
v 4.849040 1.000000 -1.990245
v 4.849040 2.000000 -1.990245
v 4.846194 1.000000 -1.980866
v 4.846194 2.000000 -1.980866
v 4.841574 1.000000 -1.972221
v 4.841574 2.000000 -1.972221
v 4.835356 1.000000 -1.964645
v 4.835356 2.000000 -1.964645
v 4.827779 1.000000 -1.958426
v 4.827779 2.000000 -1.958426
v 4.819134 1.000000 -1.953806
v 4.819134 2.000000 -1.953806
v 4.809755 1.000000 -1.950961
v 4.809755 2.000000 -1.950961
v 4.800000 1.000000 -1.950000
v 4.800000 2.000000 -1.950000
v 4.790246 1.000000 -1.950961
v 4.790246 2.000000 -1.950961
v 4.780866 1.000000 -1.953806
v 4.780866 2.000000 -1.953806
v 4.772222 1.000000 -1.958426
v 4.772222 2.000000 -1.958426
v 4.764645 1.000000 -1.964645
v 4.764645 2.000000 -1.964645
v 4.758427 1.000000 -1.972221
v 4.758427 2.000000 -1.972221
v 4.753806 1.000000 -1.980866
v 4.753806 2.000000 -1.980866
v 4.750961 1.000000 -1.990245
v 4.750961 2.000000 -1.990245
v 4.750000 1.000000 -2.000000
v 4.750000 2.000000 -2.000000
v 4.750961 1.000000 -2.009754
v 4.750961 2.000000 -2.009754
v 4.753806 1.000000 -2.019134
v 4.753806 2.000000 -2.019134
v 4.758427 1.000000 -2.027779
v 4.758427 2.000000 -2.027779
v 4.764645 1.000000 -2.035355
v 4.764645 2.000000 -2.035355
v 4.772222 1.000000 -2.041574
v 4.772222 2.000000 -2.041574
v 4.780866 1.000000 -2.046194
v 4.780866 2.000000 -2.046194
v 4.790246 1.000000 -2.049039
v 4.790246 2.000000 -2.049039
vn 0.0980 -0.0000 -0.9952
vn 0.2903 -0.0000 -0.9569
vn 0.4714 -0.0000 -0.8819
vn 0.6344 -0.0000 -0.7730
vn 0.7730 -0.0000 -0.6344
vn 0.8819 -0.0000 -0.4714
vn 0.9569 -0.0000 -0.2903
vn 0.9952 -0.0000 -0.0980
vn 0.9952 -0.0000 0.0980
vn 0.9569 -0.0000 0.2903
vn 0.8819 -0.0000 0.4714
vn 0.7730 -0.0000 0.6344
vn 0.6344 -0.0000 0.7730
vn 0.4714 -0.0000 0.8819
vn 0.2903 -0.0000 0.9569
vn 0.0980 -0.0000 0.9952
vn -0.0980 -0.0000 0.9952
vn -0.2903 -0.0000 0.9569
vn -0.4714 -0.0000 0.8819
vn -0.6344 -0.0000 0.7730
vn -0.7730 -0.0000 0.6344
vn -0.8819 -0.0000 0.4714
vn -0.9569 -0.0000 0.2903
vn -0.9952 -0.0000 0.0980
vn -0.9952 -0.0000 -0.0980
vn -0.9569 -0.0000 -0.2903
vn -0.8819 -0.0000 -0.4714
vn -0.7730 -0.0000 -0.6344
vn -0.6344 -0.0000 -0.7730
vn -0.4714 -0.0000 -0.8819
vn -0.0000 1.0000 -0.0000
vn -0.2903 -0.0000 -0.9569
vn -0.0980 -0.0000 -0.9952
vn -0.0000 -1.0000 -0.0000
vt 1.000000 0.500000
vt 1.000000 1.000000
vt 0.968750 1.000000
vt 0.968750 0.500000
vt 0.937500 1.000000
vt 0.937500 0.500000
vt 0.906250 1.000000
vt 0.906250 0.500000
vt 0.875000 1.000000
vt 0.875000 0.500000
vt 0.843750 1.000000
vt 0.843750 0.500000
vt 0.812500 1.000000
vt 0.812500 0.500000
vt 0.781250 1.000000
vt 0.781250 0.500000
vt 0.750000 1.000000
vt 0.750000 0.500000
vt 0.718750 1.000000
vt 0.718750 0.500000
vt 0.687500 1.000000
vt 0.687500 0.500000
vt 0.656250 1.000000
vt 0.656250 0.500000
vt 0.625000 1.000000
vt 0.625000 0.500000
vt 0.593750 1.000000
vt 0.593750 0.500000
vt 0.562500 1.000000
vt 0.562500 0.500000
vt 0.531250 1.000000
vt 0.531250 0.500000
vt 0.500000 1.000000
vt 0.500000 0.500000
vt 0.468750 1.000000
vt 0.468750 0.500000
vt 0.437500 1.000000
vt 0.437500 0.500000
vt 0.406250 1.000000
vt 0.406250 0.500000
vt 0.375000 1.000000
vt 0.375000 0.500000
vt 0.343750 1.000000
vt 0.343750 0.500000
vt 0.312500 1.000000
vt 0.312500 0.500000
vt 0.281250 1.000000
vt 0.281250 0.500000
vt 0.250000 1.000000
vt 0.250000 0.500000
vt 0.218750 1.000000
vt 0.218750 0.500000
vt 0.187500 1.000000
vt 0.187500 0.500000
vt 0.156250 1.000000
vt 0.156250 0.500000
vt 0.125000 1.000000
vt 0.125000 0.500000
vt 0.093750 1.000000
vt 0.093750 0.500000
vt 0.062500 1.000000
vt 0.062500 0.500000
vt 0.296822 0.485388
vt 0.250000 0.490000
vt 0.203178 0.485388
vt 0.158156 0.471731
vt 0.116663 0.449553
vt 0.080294 0.419706
vt 0.050447 0.383337
vt 0.028269 0.341844
vt 0.014612 0.296822
vt 0.010000 0.250000
vt 0.014612 0.203178
vt 0.028269 0.158156
vt 0.050447 0.116663
vt 0.080294 0.080294
vt 0.116663 0.050447
vt 0.158156 0.028269
vt 0.203178 0.014612
vt 0.250000 0.010000
vt 0.296822 0.014612
vt 0.341844 0.028269
vt 0.383337 0.050447
vt 0.419706 0.080294
vt 0.449553 0.116663
vt 0.471731 0.158156
vt 0.485388 0.203178
vt 0.490000 0.250000
vt 0.485388 0.296822
vt 0.471731 0.341844
vt 0.449553 0.383337
vt 0.419706 0.419706
vt 0.383337 0.449553
vt 0.341844 0.471731
vt 0.031250 1.000000
vt 0.031250 0.500000
vt 0.000000 1.000000
vt 0.000000 0.500000
vt 0.750000 0.490000
vt 0.796822 0.485388
vt 0.841844 0.471731
vt 0.883337 0.449553
vt 0.919706 0.419706
vt 0.949553 0.383337
vt 0.971731 0.341844
vt 0.985388 0.296822
vt 0.990000 0.250000
vt 0.985388 0.203178
vt 0.971731 0.158156
vt 0.949553 0.116663
vt 0.919706 0.080294
vt 0.883337 0.050447
vt 0.841844 0.028269
vt 0.796822 0.014612
vt 0.750000 0.010000
vt 0.703178 0.014612
vt 0.658156 0.028269
vt 0.616663 0.050447
vt 0.580294 0.080294
vt 0.550447 0.116663
vt 0.528269 0.158156
vt 0.514612 0.203178
vt 0.510000 0.250000
vt 0.514612 0.296822
vt 0.528269 0.341844
vt 0.550447 0.383337
vt 0.580294 0.419706
vt 0.616663 0.449553
vt 0.658156 0.471731
vt 0.703178 0.485388
s 0
usemtl BankMetal
f 161/293/103 162/294/103 164/295/103 163/296/103
f 163/296/104 164/295/104 166/297/104 165/298/104
f 165/298/105 166/297/105 168/299/105 167/300/105
f 167/300/106 168/299/106 170/301/106 169/302/106
f 169/302/107 170/301/107 172/303/107 171/304/107
f 171/304/108 172/303/108 174/305/108 173/306/108
f 173/306/109 174/305/109 176/307/109 175/308/109
f 175/308/110 176/307/110 178/309/110 177/310/110
f 177/310/111 178/309/111 180/311/111 179/312/111
f 179/312/112 180/311/112 182/313/112 181/314/112
f 181/314/113 182/313/113 184/315/113 183/316/113
f 183/316/114 184/315/114 186/317/114 185/318/114
f 185/318/115 186/317/115 188/319/115 187/320/115
f 187/320/116 188/319/116 190/321/116 189/322/116
f 189/322/117 190/321/117 192/323/117 191/324/117
f 191/324/118 192/323/118 194/325/118 193/326/118
f 193/326/119 194/325/119 196/327/119 195/328/119
f 195/328/120 196/327/120 198/329/120 197/330/120
f 197/330/121 198/329/121 200/331/121 199/332/121
f 199/332/122 200/331/122 202/333/122 201/334/122
f 201/334/123 202/333/123 204/335/123 203/336/123
f 203/336/124 204/335/124 206/337/124 205/338/124
f 205/338/125 206/337/125 208/339/125 207/340/125
f 207/340/126 208/339/126 210/341/126 209/342/126
f 209/342/127 210/341/127 212/343/127 211/344/127
f 211/344/128 212/343/128 214/345/128 213/346/128
f 213/346/129 214/345/129 216/347/129 215/348/129
f 215/348/130 216/347/130 218/349/130 217/350/130
f 217/350/131 218/349/131 220/351/131 219/352/131
f 219/352/132 220/351/132 222/353/132 221/354/132
f 164/355/133 162/356/133 224/357/133 222/358/133 220/359/133 218/360/133 216/361/133 214/362/133 212/363/133 210/364/133 208/365/133 206/366/133 204/367/133 202/368/133 200/369/133 198/370/133 196/371/133 194/372/133 192/373/133 190/374/133 188/375/133 186/376/133 184/377/133 182/378/133 180/379/133 178/380/133 176/381/133 174/382/133 172/383/133 170/384/133 168/385/133 166/386/133
f 221/354/134 222/353/134 224/387/134 223/388/134
f 223/388/135 224/387/135 162/389/135 161/390/135
f 161/391/136 163/392/136 165/393/136 167/394/136 169/395/136 171/396/136 173/397/136 175/398/136 177/399/136 179/400/136 181/401/136 183/402/136 185/403/136 187/404/136 189/405/136 191/406/136 193/407/136 195/408/136 197/409/136 199/410/136 201/411/136 203/412/136 205/413/136 207/414/136 209/415/136 211/416/136 213/417/136 215/418/136 217/419/136 219/420/136 221/421/136 223/422/136
o VaultSpoke_1
v 4.565685 1.565686 -2.050000
v 4.565685 2.565686 -2.050000
v 4.575440 1.565686 -2.049039
v 4.575440 2.565686 -2.049039
v 4.584819 1.565686 -2.046194
v 4.584819 2.565686 -2.046194
v 4.593464 1.565686 -2.041574
v 4.593464 2.565686 -2.041574
v 4.601041 1.565686 -2.035355
v 4.601041 2.565686 -2.035355
v 4.607259 1.565686 -2.027779
v 4.607259 2.565686 -2.027779
v 4.611879 1.565686 -2.019134
v 4.611879 2.565686 -2.019134
v 4.614725 1.565686 -2.009754
v 4.614725 2.565686 -2.009754
v 4.615685 1.565686 -2.000000
v 4.615685 2.565686 -2.000000
v 4.614725 1.565686 -1.990245
v 4.614725 2.565686 -1.990245
v 4.611879 1.565686 -1.980866
v 4.611879 2.565686 -1.980866
v 4.607259 1.565686 -1.972221
v 4.607259 2.565686 -1.972221
v 4.601041 1.565686 -1.964645
v 4.601041 2.565686 -1.964645
v 4.593464 1.565686 -1.958426
v 4.593464 2.565686 -1.958426
v 4.584819 1.565686 -1.953806
v 4.584819 2.565686 -1.953806
v 4.575440 1.565686 -1.950961
v 4.575440 2.565686 -1.950961
v 4.565685 1.565686 -1.950000
v 4.565685 2.565686 -1.950000
v 4.555931 1.565686 -1.950961
v 4.555931 2.565686 -1.950961
v 4.546551 1.565686 -1.953806
v 4.546551 2.565686 -1.953806
v 4.537907 1.565686 -1.958426
v 4.537907 2.565686 -1.958426
v 4.530330 1.565686 -1.964645
v 4.530330 2.565686 -1.964645
v 4.524112 1.565686 -1.972221
v 4.524112 2.565686 -1.972221
v 4.519491 1.565686 -1.980866
v 4.519491 2.565686 -1.980866
v 4.516646 1.565686 -1.990245
v 4.516646 2.565686 -1.990245
v 4.515685 1.565686 -2.000000
v 4.515685 2.565686 -2.000000
v 4.516646 1.565686 -2.009754
v 4.516646 2.565686 -2.009754
v 4.519491 1.565686 -2.019134
v 4.519491 2.565686 -2.019134
v 4.524112 1.565686 -2.027779
v 4.524112 2.565686 -2.027779
v 4.530330 1.565686 -2.035355
v 4.530330 2.565686 -2.035355
v 4.537907 1.565686 -2.041574
v 4.537907 2.565686 -2.041574
v 4.546551 1.565686 -2.046194
v 4.546551 2.565686 -2.046194
v 4.555931 1.565686 -2.049039
v 4.555931 2.565686 -2.049039
vn 0.0980 -0.0000 -0.9952
vn 0.2903 -0.0000 -0.9569
vn 0.4714 -0.0000 -0.8819
vn 0.6344 -0.0000 -0.7730
vn 0.7730 -0.0000 -0.6344
vn 0.8819 -0.0000 -0.4714
vn 0.9569 -0.0000 -0.2903
vn 0.9952 -0.0000 -0.0980
vn 0.9952 -0.0000 0.0980
vn 0.9569 -0.0000 0.2903
vn 0.8819 -0.0000 0.4714
vn 0.7730 -0.0000 0.6344
vn 0.6344 -0.0000 0.7730
vn 0.4714 -0.0000 0.8819
vn 0.2903 -0.0000 0.9569
vn 0.0980 -0.0000 0.9952
vn -0.0980 -0.0000 0.9952
vn -0.2903 -0.0000 0.9569
vn -0.4714 -0.0000 0.8819
vn -0.6344 -0.0000 0.7730
vn -0.7730 -0.0000 0.6344
vn -0.8819 -0.0000 0.4714
vn -0.9569 -0.0000 0.2903
vn -0.9952 -0.0000 0.0980
vn -0.9952 -0.0000 -0.0980
vn -0.9569 -0.0000 -0.2903
vn -0.8819 -0.0000 -0.4714
vn -0.7730 -0.0000 -0.6344
vn -0.6344 -0.0000 -0.7730
vn -0.4714 -0.0000 -0.8819
vn -0.0000 1.0000 -0.0000
vn -0.2903 -0.0000 -0.9569
vn -0.0980 -0.0000 -0.9952
vn -0.0000 -1.0000 -0.0000
vt 1.000000 0.500000
vt 1.000000 1.000000
vt 0.968750 1.000000
vt 0.968750 0.500000
vt 0.937500 1.000000
vt 0.937500 0.500000
vt 0.906250 1.000000
vt 0.906250 0.500000
vt 0.875000 1.000000
vt 0.875000 0.500000
vt 0.843750 1.000000
vt 0.843750 0.500000
vt 0.812500 1.000000
vt 0.812500 0.500000
vt 0.781250 1.000000
vt 0.781250 0.500000
vt 0.750000 1.000000
vt 0.750000 0.500000
vt 0.718750 1.000000
vt 0.718750 0.500000
vt 0.687500 1.000000
vt 0.687500 0.500000
vt 0.656250 1.000000
vt 0.656250 0.500000
vt 0.625000 1.000000
vt 0.625000 0.500000
vt 0.593750 1.000000
vt 0.593750 0.500000
vt 0.562500 1.000000
vt 0.562500 0.500000
vt 0.531250 1.000000
vt 0.531250 0.500000
vt 0.500000 1.000000
vt 0.500000 0.500000
vt 0.468750 1.000000
vt 0.468750 0.500000
vt 0.437500 1.000000
vt 0.437500 0.500000
vt 0.406250 1.000000
vt 0.406250 0.500000
vt 0.375000 1.000000
vt 0.375000 0.500000
vt 0.343750 1.000000
vt 0.343750 0.500000
vt 0.312500 1.000000
vt 0.312500 0.500000
vt 0.281250 1.000000
vt 0.281250 0.500000
vt 0.250000 1.000000
vt 0.250000 0.500000
vt 0.218750 1.000000
vt 0.218750 0.500000
vt 0.187500 1.000000
vt 0.187500 0.500000
vt 0.156250 1.000000
vt 0.156250 0.500000
vt 0.125000 1.000000
vt 0.125000 0.500000
vt 0.093750 1.000000
vt 0.093750 0.500000
vt 0.062500 1.000000
vt 0.062500 0.500000
vt 0.296822 0.485388
vt 0.250000 0.490000
vt 0.203178 0.485388
vt 0.158156 0.471731
vt 0.116663 0.449553
vt 0.080294 0.419706
vt 0.050447 0.383337
vt 0.028269 0.341844
vt 0.014612 0.296822
vt 0.010000 0.250000
vt 0.014612 0.203178
vt 0.028269 0.158156
vt 0.050447 0.116663
vt 0.080294 0.080294
vt 0.116663 0.050447
vt 0.158156 0.028269
vt 0.203178 0.014612
vt 0.250000 0.010000
vt 0.296822 0.014612
vt 0.341844 0.028269
vt 0.383337 0.050447
vt 0.419706 0.080294
vt 0.449553 0.116663
vt 0.471731 0.158156
vt 0.485388 0.203178
vt 0.490000 0.250000
vt 0.485388 0.296822
vt 0.471731 0.341844
vt 0.449553 0.383337
vt 0.419706 0.419706
vt 0.383337 0.449553
vt 0.341844 0.471731
vt 0.031250 1.000000
vt 0.031250 0.500000
vt 0.000000 1.000000
vt 0.000000 0.500000
vt 0.750000 0.490000
vt 0.796822 0.485388
vt 0.841844 0.471731
vt 0.883337 0.449553
vt 0.919706 0.419706
vt 0.949553 0.383337
vt 0.971731 0.341844
vt 0.985388 0.296822
vt 0.990000 0.250000
vt 0.985388 0.203178
vt 0.971731 0.158156
vt 0.949553 0.116663
vt 0.919706 0.080294
vt 0.883337 0.050447
vt 0.841844 0.028269
vt 0.796822 0.014612
vt 0.750000 0.010000
vt 0.703178 0.014612
vt 0.658156 0.028269
vt 0.616663 0.050447
vt 0.580294 0.080294
vt 0.550447 0.116663
vt 0.528269 0.158156
vt 0.514612 0.203178
vt 0.510000 0.250000
vt 0.514612 0.296822
vt 0.528269 0.341844
vt 0.550447 0.383337
vt 0.580294 0.419706
vt 0.616663 0.449553
vt 0.658156 0.471731
vt 0.703178 0.485388
s 0
usemtl BankMetal
f 225/423/137 226/424/137 228/425/137 227/426/137
f 227/426/138 228/425/138 230/427/138 229/428/138
f 229/428/139 230/427/139 232/429/139 231/430/139
f 231/430/140 232/429/140 234/431/140 233/432/140
f 233/432/141 234/431/141 236/433/141 235/434/141
f 235/434/142 236/433/142 238/435/142 237/436/142
f 237/436/143 238/435/143 240/437/143 239/438/143
f 239/438/144 240/437/144 242/439/144 241/440/144
f 241/440/145 242/439/145 244/441/145 243/442/145
f 243/442/146 244/441/146 246/443/146 245/444/146
f 245/444/147 246/443/147 248/445/147 247/446/147
f 247/446/148 248/445/148 250/447/148 249/448/148
f 249/448/149 250/447/149 252/449/149 251/450/149
f 251/450/150 252/449/150 254/451/150 253/452/150
f 253/452/151 254/451/151 256/453/151 255/454/151
f 255/454/152 256/453/152 258/455/152 257/456/152
f 257/456/153 258/455/153 260/457/153 259/458/153
f 259/458/154 260/457/154 262/459/154 261/460/154
f 261/460/155 262/459/155 264/461/155 263/462/155
f 263/462/156 264/461/156 266/463/156 265/464/156
f 265/464/157 266/463/157 268/465/157 267/466/157
f 267/466/158 268/465/158 270/467/158 269/468/158
f 269/468/159 270/467/159 272/469/159 271/470/159
f 271/470/160 272/469/160 274/471/160 273/472/160
f 273/472/161 274/471/161 276/473/161 275/474/161
f 275/474/162 276/473/162 278/475/162 277/476/162
f 277/476/163 278/475/163 280/477/163 279/478/163
f 279/478/164 280/477/164 282/479/164 281/480/164
f 281/480/165 282/479/165 284/481/165 283/482/165
f 283/482/166 284/481/166 286/483/166 285/484/166
f 228/485/167 226/486/167 288/487/167 286/488/167 284/489/167 282/490/167 280/491/167 278/492/167 276/493/167 274/494/167 272/495/167 270/496/167 268/497/167 266/498/167 264/499/167 262/500/167 260/501/167 258/502/167 256/503/167 254/504/167 252/505/167 250/506/167 248/507/167 246/508/167 244/509/167 242/510/167 240/511/167 238/512/167 236/513/167 234/514/167 232/515/167 230/516/167
f 285/484/168 286/483/168 288/517/168 287/518/168
f 287/518/169 288/517/169 226/519/169 225/520/169
f 225/521/170 227/522/170 229/523/170 231/524/170 233/525/170 235/526/170 237/527/170 239/528/170 241/529/170 243/530/170 245/531/170 247/532/170 249/533/170 251/534/170 253/535/170 255/536/170 257/537/170 259/538/170 261/539/170 263/540/170 265/541/170 267/542/170 269/543/170 271/544/170 273/545/170 275/546/170 277/547/170 279/548/170 281/549/170 283/550/170 285/551/170 287/552/170
o VaultSpoke_2
v 4.000000 1.800000 -2.050000
v 4.000000 2.800000 -2.050000
v 4.009755 1.800000 -2.049039
v 4.009755 2.800000 -2.049039
v 4.019134 1.800000 -2.046194
v 4.019134 2.800000 -2.046194
v 4.027779 1.800000 -2.041574
v 4.027779 2.800000 -2.041574
v 4.035356 1.800000 -2.035355
v 4.035356 2.800000 -2.035355
v 4.041574 1.800000 -2.027779
v 4.041574 2.800000 -2.027779
v 4.046194 1.800000 -2.019134
v 4.046194 2.800000 -2.019134
v 4.049039 1.800000 -2.009754
v 4.049039 2.800000 -2.009754
v 4.050000 1.800000 -2.000000
v 4.050000 2.800000 -2.000000
v 4.049039 1.800000 -1.990245
v 4.049039 2.800000 -1.990245
v 4.046194 1.800000 -1.980866
v 4.046194 2.800000 -1.980866
v 4.041574 1.800000 -1.972221
v 4.041574 2.800000 -1.972221
v 4.035356 1.800000 -1.964645
v 4.035356 2.800000 -1.964645
v 4.027779 1.800000 -1.958426
v 4.027779 2.800000 -1.958426
v 4.019134 1.800000 -1.953806
v 4.019134 2.800000 -1.953806
v 4.009755 1.800000 -1.950961
v 4.009755 2.800000 -1.950961
v 4.000000 1.800000 -1.950000
v 4.000000 2.800000 -1.950000
v 3.990246 1.800000 -1.950961
v 3.990246 2.800000 -1.950961
v 3.980866 1.800000 -1.953806
v 3.980866 2.800000 -1.953806
v 3.972221 1.800000 -1.958426
v 3.972221 2.800000 -1.958426
v 3.964645 1.800000 -1.964645
v 3.964645 2.800000 -1.964645
v 3.958426 1.800000 -1.972221
v 3.958426 2.800000 -1.972221
v 3.953806 1.800000 -1.980866
v 3.953806 2.800000 -1.980866
v 3.950961 1.800000 -1.990245
v 3.950961 2.800000 -1.990245
v 3.950000 1.800000 -2.000000
v 3.950000 2.800000 -2.000000
v 3.950961 1.800000 -2.009754
v 3.950961 2.800000 -2.009754
v 3.953806 1.800000 -2.019134
v 3.953806 2.800000 -2.019134
v 3.958426 1.800000 -2.027779
v 3.958426 2.800000 -2.027779
v 3.964645 1.800000 -2.035355
v 3.964645 2.800000 -2.035355
v 3.972221 1.800000 -2.041574
v 3.972221 2.800000 -2.041574
v 3.980866 1.800000 -2.046194
v 3.980866 2.800000 -2.046194
v 3.990246 1.800000 -2.049039
v 3.990246 2.800000 -2.049039
vn 0.0980 -0.0000 -0.9952
vn 0.2903 -0.0000 -0.9569
vn 0.4714 -0.0000 -0.8819
vn 0.6344 -0.0000 -0.7730
vn 0.7730 -0.0000 -0.6344
vn 0.8819 -0.0000 -0.4714
vn 0.9569 -0.0000 -0.2903
vn 0.9952 -0.0000 -0.0980
vn 0.9952 -0.0000 0.0980
vn 0.9569 -0.0000 0.2903
vn 0.8819 -0.0000 0.4714
vn 0.7730 -0.0000 0.6344
vn 0.6344 -0.0000 0.7730
vn 0.4714 -0.0000 0.8819
vn 0.2903 -0.0000 0.9569
vn 0.0980 -0.0000 0.9952
vn -0.0980 -0.0000 0.9952
vn -0.2903 -0.0000 0.9569
vn -0.4714 -0.0000 0.8819
vn -0.6344 -0.0000 0.7730
vn -0.7730 -0.0000 0.6344
vn -0.8819 -0.0000 0.4714
vn -0.9569 -0.0000 0.2903
vn -0.9952 -0.0000 0.0980
vn -0.9952 -0.0000 -0.0980
vn -0.9569 -0.0000 -0.2903
vn -0.8819 -0.0000 -0.4714
vn -0.7730 -0.0000 -0.6344
vn -0.6344 -0.0000 -0.7730
vn -0.4714 -0.0000 -0.8819
vn -0.0000 1.0000 -0.0000
vn -0.2903 -0.0000 -0.9569
vn -0.0980 -0.0000 -0.9952
vn -0.0000 -1.0000 -0.0000
vt 1.000000 0.500000
vt 1.000000 1.000000
vt 0.968750 1.000000
vt 0.968750 0.500000
vt 0.937500 1.000000
vt 0.937500 0.500000
vt 0.906250 1.000000
vt 0.906250 0.500000
vt 0.875000 1.000000
vt 0.875000 0.500000
vt 0.843750 1.000000
vt 0.843750 0.500000
vt 0.812500 1.000000
vt 0.812500 0.500000
vt 0.781250 1.000000
vt 0.781250 0.500000
vt 0.750000 1.000000
vt 0.750000 0.500000
vt 0.718750 1.000000
vt 0.718750 0.500000
vt 0.687500 1.000000
vt 0.687500 0.500000
vt 0.656250 1.000000
vt 0.656250 0.500000
vt 0.625000 1.000000
vt 0.625000 0.500000
vt 0.593750 1.000000
vt 0.593750 0.500000
vt 0.562500 1.000000
vt 0.562500 0.500000
vt 0.531250 1.000000
vt 0.531250 0.500000
vt 0.500000 1.000000
vt 0.500000 0.500000
vt 0.468750 1.000000
vt 0.468750 0.500000
vt 0.437500 1.000000
vt 0.437500 0.500000
vt 0.406250 1.000000
vt 0.406250 0.500000
vt 0.375000 1.000000
vt 0.375000 0.500000
vt 0.343750 1.000000
vt 0.343750 0.500000
vt 0.312500 1.000000
vt 0.312500 0.500000
vt 0.281250 1.000000
vt 0.281250 0.500000
vt 0.250000 1.000000
vt 0.250000 0.500000
vt 0.218750 1.000000
vt 0.218750 0.500000
vt 0.187500 1.000000
vt 0.187500 0.500000
vt 0.156250 1.000000
vt 0.156250 0.500000
vt 0.125000 1.000000
vt 0.125000 0.500000
vt 0.093750 1.000000
vt 0.093750 0.500000
vt 0.062500 1.000000
vt 0.062500 0.500000
vt 0.296822 0.485388
vt 0.250000 0.490000
vt 0.203178 0.485388
vt 0.158156 0.471731
vt 0.116663 0.449553
vt 0.080294 0.419706
vt 0.050447 0.383337
vt 0.028269 0.341844
vt 0.014612 0.296822
vt 0.010000 0.250000
vt 0.014612 0.203178
vt 0.028269 0.158156
vt 0.050447 0.116663
vt 0.080294 0.080294
vt 0.116663 0.050447
vt 0.158156 0.028269
vt 0.203178 0.014612
vt 0.250000 0.010000
vt 0.296822 0.014612
vt 0.341844 0.028269
vt 0.383337 0.050447
vt 0.419706 0.080294
vt 0.449553 0.116663
vt 0.471731 0.158156
vt 0.485388 0.203178
vt 0.490000 0.250000
vt 0.485388 0.296822
vt 0.471731 0.341844
vt 0.449553 0.383337
vt 0.419706 0.419706
vt 0.383337 0.449553
vt 0.341844 0.471731
vt 0.031250 1.000000
vt 0.031250 0.500000
vt 0.000000 1.000000
vt 0.000000 0.500000
vt 0.750000 0.490000
vt 0.796822 0.485388
vt 0.841844 0.471731
vt 0.883337 0.449553
vt 0.919706 0.419706
vt 0.949553 0.383337
vt 0.971731 0.341844
vt 0.985388 0.296822
vt 0.990000 0.250000
vt 0.985388 0.203178
vt 0.971731 0.158156
vt 0.949553 0.116663
vt 0.919706 0.080294
vt 0.883337 0.050447
vt 0.841844 0.028269
vt 0.796822 0.014612
vt 0.750000 0.010000
vt 0.703178 0.014612
vt 0.658156 0.028269
vt 0.616663 0.050447
vt 0.580294 0.080294
vt 0.550447 0.116663
vt 0.528269 0.158156
vt 0.514612 0.203178
vt 0.510000 0.250000
vt 0.514612 0.296822
vt 0.528269 0.341844
vt 0.550447 0.383337
vt 0.580294 0.419706
vt 0.616663 0.449553
vt 0.658156 0.471731
vt 0.703178 0.485388
s 0
usemtl BankMetal
f 289/553/171 290/554/171 292/555/171 291/556/171
f 291/556/172 292/555/172 294/557/172 293/558/172
f 293/558/173 294/557/173 296/559/173 295/560/173
f 295/560/174 296/559/174 298/561/174 297/562/174
f 297/562/175 298/561/175 300/563/175 299/564/175
f 299/564/176 300/563/176 302/565/176 301/566/176
f 301/566/177 302/565/177 304/567/177 303/568/177
f 303/568/178 304/567/178 306/569/178 305/570/178
f 305/570/179 306/569/179 308/571/179 307/572/179
f 307/572/180 308/571/180 310/573/180 309/574/180
f 309/574/181 310/573/181 312/575/181 311/576/181
f 311/576/182 312/575/182 314/577/182 313/578/182
f 313/578/183 314/577/183 316/579/183 315/580/183
f 315/580/184 316/579/184 318/581/184 317/582/184
f 317/582/185 318/581/185 320/583/185 319/584/185
f 319/584/186 320/583/186 322/585/186 321/586/186
f 321/586/187 322/585/187 324/587/187 323/588/187
f 323/588/188 324/587/188 326/589/188 325/590/188
f 325/590/189 326/589/189 328/591/189 327/592/189
f 327/592/190 328/591/190 330/593/190 329/594/190
f 329/594/191 330/593/191 332/595/191 331/596/191
f 331/596/192 332/595/192 334/597/192 333/598/192
f 333/598/193 334/597/193 336/599/193 335/600/193
f 335/600/194 336/599/194 338/601/194 337/602/194
f 337/602/195 338/601/195 340/603/195 339/604/195
f 339/604/196 340/603/196 342/605/196 341/606/196
f 341/606/197 342/605/197 344/607/197 343/608/197
f 343/608/198 344/607/198 346/609/198 345/610/198
f 345/610/199 346/609/199 348/611/199 347/612/199
f 347/612/200 348/611/200 350/613/200 349/614/200
f 292/615/201 290/616/201 352/617/201 350/618/201 348/619/201 346/620/201 344/621/201 342/622/201 340/623/201 338/624/201 336/625/201 334/626/201 332/627/201 330/628/201 328/629/201 326/630/201 324/631/201 322/632/201 320/633/201 318/634/201 316/635/201 314/636/201 312/637/201 310/638/201 308/639/201 306/640/201 304/641/201 302/642/201 300/643/201 298/644/201 296/645/201 294/646/201
f 349/614/202 350/613/202 352/647/202 351/648/202
f 351/648/203 352/647/203 290/649/203 289/650/203
f 289/651/204 291/652/204 293/653/204 295/654/204 297/655/204 299/656/204 301/657/204 303/658/204 305/659/204 307/660/204 309/661/204 311/662/204 313/663/204 315/664/204 317/665/204 319/666/204 321/667/204 323/668/204 325/669/204 327/670/204 329/671/204 331/672/204 333/673/204 335/674/204 337/675/204 339/676/204 341/677/204 343/678/204 345/679/204 347/680/204 349/681/204 351/682/204
o VaultSpoke_3
v 3.434314 1.565686 -2.050000
v 3.434314 2.565686 -2.050000
v 3.444069 1.565686 -2.049039
v 3.444069 2.565686 -2.049039
v 3.453449 1.565686 -2.046194
v 3.453449 2.565686 -2.046194
v 3.462093 1.565686 -2.041574
v 3.462093 2.565686 -2.041574
v 3.469670 1.565686 -2.035355
v 3.469670 2.565686 -2.035355
v 3.475888 1.565686 -2.027779
v 3.475888 2.565686 -2.027779
v 3.480509 1.565686 -2.019134
v 3.480509 2.565686 -2.019134
v 3.483354 1.565686 -2.009754
v 3.483354 2.565686 -2.009754
v 3.484314 1.565686 -2.000000
v 3.484314 2.565686 -2.000000
v 3.483354 1.565686 -1.990245
v 3.483354 2.565686 -1.990245
v 3.480509 1.565686 -1.980866
v 3.480509 2.565686 -1.980866
v 3.475888 1.565686 -1.972221
v 3.475888 2.565686 -1.972221
v 3.469670 1.565686 -1.964645
v 3.469670 2.565686 -1.964645
v 3.462093 1.565686 -1.958426
v 3.462093 2.565686 -1.958426
v 3.453449 1.565686 -1.953806
v 3.453449 2.565686 -1.953806
v 3.444069 1.565686 -1.950961
v 3.444069 2.565686 -1.950961
v 3.434314 1.565686 -1.950000
v 3.434314 2.565686 -1.950000
v 3.424560 1.565686 -1.950961
v 3.424560 2.565686 -1.950961
v 3.415180 1.565686 -1.953806
v 3.415180 2.565686 -1.953806
v 3.406536 1.565686 -1.958426
v 3.406536 2.565686 -1.958426
v 3.398959 1.565686 -1.964645
v 3.398959 2.565686 -1.964645
v 3.392741 1.565686 -1.972221
v 3.392741 2.565686 -1.972221
v 3.388120 1.565686 -1.980866
v 3.388120 2.565686 -1.980866
v 3.385275 1.565686 -1.990245
v 3.385275 2.565686 -1.990245
v 3.384315 1.565686 -2.000000
v 3.384315 2.565686 -2.000000
v 3.385275 1.565686 -2.009754
v 3.385275 2.565686 -2.009754
v 3.388120 1.565686 -2.019134
v 3.388120 2.565686 -2.019134
v 3.392741 1.565686 -2.027779
v 3.392741 2.565686 -2.027779
v 3.398959 1.565686 -2.035355
v 3.398959 2.565686 -2.035355
v 3.406536 1.565686 -2.041574
v 3.406536 2.565686 -2.041574
v 3.415180 1.565686 -2.046194
v 3.415180 2.565686 -2.046194
v 3.424560 1.565686 -2.049039
v 3.424560 2.565686 -2.049039
vn 0.0980 -0.0000 -0.9952
vn 0.2903 -0.0000 -0.9569
vn 0.4714 -0.0000 -0.8819
vn 0.6344 -0.0000 -0.7730
vn 0.7730 -0.0000 -0.6344
vn 0.8819 -0.0000 -0.4714
vn 0.9569 -0.0000 -0.2903
vn 0.9952 -0.0000 -0.0980
vn 0.9952 -0.0000 0.0980
vn 0.9569 -0.0000 0.2903
vn 0.8819 -0.0000 0.4714
vn 0.7730 -0.0000 0.6344
vn 0.6344 -0.0000 0.7730
vn 0.4714 -0.0000 0.8819
vn 0.2903 -0.0000 0.9569
vn 0.0980 -0.0000 0.9952
vn -0.0980 -0.0000 0.9952
vn -0.2903 -0.0000 0.9569
vn -0.4714 -0.0000 0.8819
vn -0.6344 -0.0000 0.7730
vn -0.7730 -0.0000 0.6344
vn -0.8819 -0.0000 0.4714
vn -0.9569 -0.0000 0.2903
vn -0.9952 -0.0000 0.0980
vn -0.9952 -0.0000 -0.0980
vn -0.9569 -0.0000 -0.2903
vn -0.8819 -0.0000 -0.4714
vn -0.7730 -0.0000 -0.6344
vn -0.6344 -0.0000 -0.7730
vn -0.4714 -0.0000 -0.8819
vn -0.0000 1.0000 -0.0000
vn -0.2903 -0.0000 -0.9569
vn -0.0980 -0.0000 -0.9952
vn -0.0000 -1.0000 -0.0000
vt 1.000000 0.500000
vt 1.000000 1.000000
vt 0.968750 1.000000
vt 0.968750 0.500000
vt 0.937500 1.000000
vt 0.937500 0.500000
vt 0.906250 1.000000
vt 0.906250 0.500000
vt 0.875000 1.000000
vt 0.875000 0.500000
vt 0.843750 1.000000
vt 0.843750 0.500000
vt 0.812500 1.000000
vt 0.812500 0.500000
vt 0.781250 1.000000
vt 0.781250 0.500000
vt 0.750000 1.000000
vt 0.750000 0.500000
vt 0.718750 1.000000
vt 0.718750 0.500000
vt 0.687500 1.000000
vt 0.687500 0.500000
vt 0.656250 1.000000
vt 0.656250 0.500000
vt 0.625000 1.000000
vt 0.625000 0.500000
vt 0.593750 1.000000
vt 0.593750 0.500000
vt 0.562500 1.000000
vt 0.562500 0.500000
vt 0.531250 1.000000
vt 0.531250 0.500000
vt 0.500000 1.000000
vt 0.500000 0.500000
vt 0.468750 1.000000
vt 0.468750 0.500000
vt 0.437500 1.000000
vt 0.437500 0.500000
vt 0.406250 1.000000
vt 0.406250 0.500000
vt 0.375000 1.000000
vt 0.375000 0.500000
vt 0.343750 1.000000
vt 0.343750 0.500000
vt 0.312500 1.000000
vt 0.312500 0.500000
vt 0.281250 1.000000
vt 0.281250 0.500000
vt 0.250000 1.000000
vt 0.250000 0.500000
vt 0.218750 1.000000
vt 0.218750 0.500000
vt 0.187500 1.000000
vt 0.187500 0.500000
vt 0.156250 1.000000
vt 0.156250 0.500000
vt 0.125000 1.000000
vt 0.125000 0.500000
vt 0.093750 1.000000
vt 0.093750 0.500000
vt 0.062500 1.000000
vt 0.062500 0.500000
vt 0.296822 0.485388
vt 0.250000 0.490000
vt 0.203178 0.485388
vt 0.158156 0.471731
vt 0.116663 0.449553
vt 0.080294 0.419706
vt 0.050447 0.383337
vt 0.028269 0.341844
vt 0.014612 0.296822
vt 0.010000 0.250000
vt 0.014612 0.203178
vt 0.028269 0.158156
vt 0.050447 0.116663
vt 0.080294 0.080294
vt 0.116663 0.050447
vt 0.158156 0.028269
vt 0.203178 0.014612
vt 0.250000 0.010000
vt 0.296822 0.014612
vt 0.341844 0.028269
vt 0.383337 0.050447
vt 0.419706 0.080294
vt 0.449553 0.116663
vt 0.471731 0.158156
vt 0.485388 0.203178
vt 0.490000 0.250000
vt 0.485388 0.296822
vt 0.471731 0.341844
vt 0.449553 0.383337
vt 0.419706 0.419706
vt 0.383337 0.449553
vt 0.341844 0.471731
vt 0.031250 1.000000
vt 0.031250 0.500000
vt 0.000000 1.000000
vt 0.000000 0.500000
vt 0.750000 0.490000
vt 0.796822 0.485388
vt 0.841844 0.471731
vt 0.883337 0.449553
vt 0.919706 0.419706
vt 0.949553 0.383337
vt 0.971731 0.341844
vt 0.985388 0.296822
vt 0.990000 0.250000
vt 0.985388 0.203178
vt 0.971731 0.158156
vt 0.949553 0.116663
vt 0.919706 0.080294
vt 0.883337 0.050447
vt 0.841844 0.028269
vt 0.796822 0.014612
vt 0.750000 0.010000
vt 0.703178 0.014612
vt 0.658156 0.028269
vt 0.616663 0.050447
vt 0.580294 0.080294
vt 0.550447 0.116663
vt 0.528269 0.158156
vt 0.514612 0.203178
vt 0.510000 0.250000
vt 0.514612 0.296822
vt 0.528269 0.341844
vt 0.550447 0.383337
vt 0.580294 0.419706
vt 0.616663 0.449553
vt 0.658156 0.471731
vt 0.703178 0.485388
s 0
usemtl BankMetal
f 353/683/205 354/684/205 356/685/205 355/686/205
f 355/686/206 356/685/206 358/687/206 357/688/206
f 357/688/207 358/687/207 360/689/207 359/690/207
f 359/690/208 360/689/208 362/691/208 361/692/208
f 361/692/209 362/691/209 364/693/209 363/694/209
f 363/694/210 364/693/210 366/695/210 365/696/210
f 365/696/211 366/695/211 368/697/211 367/698/211
f 367/698/212 368/697/212 370/699/212 369/700/212
f 369/700/213 370/699/213 372/701/213 371/702/213
f 371/702/214 372/701/214 374/703/214 373/704/214
f 373/704/215 374/703/215 376/705/215 375/706/215
f 375/706/216 376/705/216 378/707/216 377/708/216
f 377/708/217 378/707/217 380/709/217 379/710/217
f 379/710/218 380/709/218 382/711/218 381/712/218
f 381/712/219 382/711/219 384/713/219 383/714/219
f 383/714/220 384/713/220 386/715/220 385/716/220
f 385/716/221 386/715/221 388/717/221 387/718/221
f 387/718/222 388/717/222 390/719/222 389/720/222
f 389/720/223 390/719/223 392/721/223 391/722/223
f 391/722/224 392/721/224 394/723/224 393/724/224
f 393/724/225 394/723/225 396/725/225 395/726/225
f 395/726/226 396/725/226 398/727/226 397/728/226
f 397/728/227 398/727/227 400/729/227 399/730/227
f 399/730/228 400/729/228 402/731/228 401/732/228
f 401/732/229 402/731/229 404/733/229 403/734/229
f 403/734/230 404/733/230 406/735/230 405/736/230
f 405/736/231 406/735/231 408/737/231 407/738/231
f 407/738/232 408/737/232 410/739/232 409/740/232
f 409/740/233 410/739/233 412/741/233 411/742/233
f 411/742/234 412/741/234 414/743/234 413/744/234
f 356/745/235 354/746/235 416/747/235 414/748/235 412/749/235 410/750/235 408/751/235 406/752/235 404/753/235 402/754/235 400/755/235 398/756/235 396/757/235 394/758/235 392/759/235 390/760/235 388/761/235 386/762/235 384/763/235 382/764/235 380/765/235 378/766/235 376/767/235 374/768/235 372/769/235 370/770/235 368/771/235 366/772/235 364/773/235 362/774/235 360/775/235 358/776/235
f 413/744/236 414/743/236 416/777/236 415/778/236
f 415/778/237 416/777/237 354/779/237 353/780/237
f 353/781/238 355/782/238 357/783/238 359/784/238 361/785/238 363/786/238 365/787/238 367/788/238 369/789/238 371/790/238 373/791/238 375/792/238 377/793/238 379/794/238 381/795/238 383/796/238 385/797/238 387/798/238 389/799/238 391/800/238 393/801/238 395/802/238 397/803/238 399/804/238 401/805/238 403/806/238 405/807/238 407/808/238 409/809/238 411/810/238 413/811/238 415/812/238
o VaultSpoke_4
v 3.200000 1.000000 -2.050000
v 3.200000 2.000000 -2.050000
v 3.209754 1.000000 -2.049039
v 3.209754 2.000000 -2.049039
v 3.219134 1.000000 -2.046194
v 3.219134 2.000000 -2.046194
v 3.227779 1.000000 -2.041574
v 3.227779 2.000000 -2.041574
v 3.235355 1.000000 -2.035355
v 3.235355 2.000000 -2.035355
v 3.241574 1.000000 -2.027779
v 3.241574 2.000000 -2.027779
v 3.246194 1.000000 -2.019134
v 3.246194 2.000000 -2.019134
v 3.249039 1.000000 -2.009754
v 3.249039 2.000000 -2.009754
v 3.250000 1.000000 -2.000000
v 3.250000 2.000000 -2.000000
v 3.249039 1.000000 -1.990245
v 3.249039 2.000000 -1.990245
v 3.246194 1.000000 -1.980866
v 3.246194 2.000000 -1.980866
v 3.241574 1.000000 -1.972221
v 3.241574 2.000000 -1.972221
v 3.235355 1.000000 -1.964645
v 3.235355 2.000000 -1.964645
v 3.227779 1.000000 -1.958426
v 3.227779 2.000000 -1.958426
v 3.219134 1.000000 -1.953806
v 3.219134 2.000000 -1.953806
v 3.209754 1.000000 -1.950961
v 3.209754 2.000000 -1.950961
v 3.200000 1.000000 -1.950000
v 3.200000 2.000000 -1.950000
v 3.190246 1.000000 -1.950961
v 3.190246 2.000000 -1.950961
v 3.180866 1.000000 -1.953806
v 3.180866 2.000000 -1.953806
v 3.172221 1.000000 -1.958426
v 3.172221 2.000000 -1.958426
v 3.164645 1.000000 -1.964645
v 3.164645 2.000000 -1.964645
v 3.158427 1.000000 -1.972221
v 3.158427 2.000000 -1.972221
v 3.153806 1.000000 -1.980866
v 3.153806 2.000000 -1.980866
v 3.150961 1.000000 -1.990245
v 3.150961 2.000000 -1.990245
v 3.150000 1.000000 -2.000000
v 3.150000 2.000000 -2.000000
v 3.150961 1.000000 -2.009754
v 3.150961 2.000000 -2.009754
v 3.153806 1.000000 -2.019134
v 3.153806 2.000000 -2.019134
v 3.158427 1.000000 -2.027779
v 3.158427 2.000000 -2.027779
v 3.164645 1.000000 -2.035355
v 3.164645 2.000000 -2.035355
v 3.172221 1.000000 -2.041574
v 3.172221 2.000000 -2.041574
v 3.180866 1.000000 -2.046194
v 3.180866 2.000000 -2.046194
v 3.190246 1.000000 -2.049039
v 3.190246 2.000000 -2.049039
vn 0.0980 -0.0000 -0.9952
vn 0.2903 -0.0000 -0.9569
vn 0.4714 -0.0000 -0.8819
vn 0.6344 -0.0000 -0.7730
vn 0.7730 -0.0000 -0.6344
vn 0.8819 -0.0000 -0.4714
vn 0.9569 -0.0000 -0.2903
vn 0.9952 -0.0000 -0.0980
vn 0.9952 -0.0000 0.0980
vn 0.9569 -0.0000 0.2903
vn 0.8819 -0.0000 0.4714
vn 0.7730 -0.0000 0.6344
vn 0.6344 -0.0000 0.7730
vn 0.4714 -0.0000 0.8819
vn 0.2903 -0.0000 0.9569
vn 0.0980 -0.0000 0.9952
vn -0.0980 -0.0000 0.9952
vn -0.2903 -0.0000 0.9569
vn -0.4714 -0.0000 0.8819
vn -0.6344 -0.0000 0.7730
vn -0.7730 -0.0000 0.6344
vn -0.8819 -0.0000 0.4714
vn -0.9569 -0.0000 0.2903
vn -0.9952 -0.0000 0.0980
vn -0.9952 -0.0000 -0.0980
vn -0.9569 -0.0000 -0.2903
vn -0.8819 -0.0000 -0.4714
vn -0.7730 -0.0000 -0.6344
vn -0.6344 -0.0000 -0.7730
vn -0.4714 -0.0000 -0.8819
vn -0.0000 1.0000 -0.0000
vn -0.2903 -0.0000 -0.9569
vn -0.0980 -0.0000 -0.9952
vn -0.0000 -1.0000 -0.0000
vt 1.000000 0.500000
vt 1.000000 1.000000
vt 0.968750 1.000000
vt 0.968750 0.500000
vt 0.937500 1.000000
vt 0.937500 0.500000
vt 0.906250 1.000000
vt 0.906250 0.500000
vt 0.875000 1.000000
vt 0.875000 0.500000
vt 0.843750 1.000000
vt 0.843750 0.500000
vt 0.812500 1.000000
vt 0.812500 0.500000
vt 0.781250 1.000000
vt 0.781250 0.500000
vt 0.750000 1.000000
vt 0.750000 0.500000
vt 0.718750 1.000000
vt 0.718750 0.500000
vt 0.687500 1.000000
vt 0.687500 0.500000
vt 0.656250 1.000000
vt 0.656250 0.500000
vt 0.625000 1.000000
vt 0.625000 0.500000
vt 0.593750 1.000000
vt 0.593750 0.500000
vt 0.562500 1.000000
vt 0.562500 0.500000
vt 0.531250 1.000000
vt 0.531250 0.500000
vt 0.500000 1.000000
vt 0.500000 0.500000
vt 0.468750 1.000000
vt 0.468750 0.500000
vt 0.437500 1.000000
vt 0.437500 0.500000
vt 0.406250 1.000000
vt 0.406250 0.500000
vt 0.375000 1.000000
vt 0.375000 0.500000
vt 0.343750 1.000000
vt 0.343750 0.500000
vt 0.312500 1.000000
vt 0.312500 0.500000
vt 0.281250 1.000000
vt 0.281250 0.500000
vt 0.250000 1.000000
vt 0.250000 0.500000
vt 0.218750 1.000000
vt 0.218750 0.500000
vt 0.187500 1.000000
vt 0.187500 0.500000
vt 0.156250 1.000000
vt 0.156250 0.500000
vt 0.125000 1.000000
vt 0.125000 0.500000
vt 0.093750 1.000000
vt 0.093750 0.500000
vt 0.062500 1.000000
vt 0.062500 0.500000
vt 0.296822 0.485388
vt 0.250000 0.490000
vt 0.203178 0.485388
vt 0.158156 0.471731
vt 0.116663 0.449553
vt 0.080294 0.419706
vt 0.050447 0.383337
vt 0.028269 0.341844
vt 0.014612 0.296822
vt 0.010000 0.250000
vt 0.014612 0.203178
vt 0.028269 0.158156
vt 0.050447 0.116663
vt 0.080294 0.080294
vt 0.116663 0.050447
vt 0.158156 0.028269
vt 0.203178 0.014612
vt 0.250000 0.010000
vt 0.296822 0.014612
vt 0.341844 0.028269
vt 0.383337 0.050447
vt 0.419706 0.080294
vt 0.449553 0.116663
vt 0.471731 0.158156
vt 0.485388 0.203178
vt 0.490000 0.250000
vt 0.485388 0.296822
vt 0.471731 0.341844
vt 0.449553 0.383337
vt 0.419706 0.419706
vt 0.383337 0.449553
vt 0.341844 0.471731
vt 0.031250 1.000000
vt 0.031250 0.500000
vt 0.000000 1.000000
vt 0.000000 0.500000
vt 0.750000 0.490000
vt 0.796822 0.485388
vt 0.841844 0.471731
vt 0.883337 0.449553
vt 0.919706 0.419706
vt 0.949553 0.383337
vt 0.971731 0.341844
vt 0.985388 0.296822
vt 0.990000 0.250000
vt 0.985388 0.203178
vt 0.971731 0.158156
vt 0.949553 0.116663
vt 0.919706 0.080294
vt 0.883337 0.050447
vt 0.841844 0.028269
vt 0.796822 0.014612
vt 0.750000 0.010000
vt 0.703178 0.014612
vt 0.658156 0.028269
vt 0.616663 0.050447
vt 0.580294 0.080294
vt 0.550447 0.116663
vt 0.528269 0.158156
vt 0.514612 0.203178
vt 0.510000 0.250000
vt 0.514612 0.296822
vt 0.528269 0.341844
vt 0.550447 0.383337
vt 0.580294 0.419706
vt 0.616663 0.449553
vt 0.658156 0.471731
vt 0.703178 0.485388
s 0
usemtl BankMetal
f 417/813/239 418/814/239 420/815/239 419/816/239
f 419/816/240 420/815/240 422/817/240 421/818/240
f 421/818/241 422/817/241 424/819/241 423/820/241
f 423/820/242 424/819/242 426/821/242 425/822/242
f 425/822/243 426/821/243 428/823/243 427/824/243
f 427/824/244 428/823/244 430/825/244 429/826/244
f 429/826/245 430/825/245 432/827/245 431/828/245
f 431/828/246 432/827/246 434/829/246 433/830/246
f 433/830/247 434/829/247 436/831/247 435/832/247
f 435/832/248 436/831/248 438/833/248 437/834/248
f 437/834/249 438/833/249 440/835/249 439/836/249
f 439/836/250 440/835/250 442/837/250 441/838/250
f 441/838/251 442/837/251 444/839/251 443/840/251
f 443/840/252 444/839/252 446/841/252 445/842/252
f 445/842/253 446/841/253 448/843/253 447/844/253
f 447/844/254 448/843/254 450/845/254 449/846/254
f 449/846/255 450/845/255 452/847/255 451/848/255
f 451/848/256 452/847/256 454/849/256 453/850/256
f 453/850/257 454/849/257 456/851/257 455/852/257
f 455/852/258 456/851/258 458/853/258 457/854/258
f 457/854/259 458/853/259 460/855/259 459/856/259
f 459/856/260 460/855/260 462/857/260 461/858/260
f 461/858/261 462/857/261 464/859/261 463/860/261
f 463/860/262 464/859/262 466/861/262 465/862/262
f 465/862/263 466/861/263 468/863/263 467/864/263
f 467/864/264 468/863/264 470/865/264 469/866/264
f 469/866/265 470/865/265 472/867/265 471/868/265
f 471/868/266 472/867/266 474/869/266 473/870/266
f 473/870/267 474/869/267 476/871/267 475/872/267
f 475/872/268 476/871/268 478/873/268 477/874/268
f 420/875/269 418/876/269 480/877/269 478/878/269 476/879/269 474/880/269 472/881/269 470/882/269 468/883/269 466/884/269 464/885/269 462/886/269 460/887/269 458/888/269 456/889/269 454/890/269 452/891/269 450/892/269 448/893/269 446/894/269 444/895/269 442/896/269 440/897/269 438/898/269 436/899/269 434/900/269 432/901/269 430/902/269 428/903/269 426/904/269 424/905/269 422/906/269
f 477/874/270 478/873/270 480/907/270 479/908/270
f 479/908/271 480/907/271 418/909/271 417/910/271
f 417/911/272 419/912/272 421/913/272 423/914/272 425/915/272 427/916/272 429/917/272 431/918/272 433/919/272 435/920/272 437/921/272 439/922/272 441/923/272 443/924/272 445/925/272 447/926/272 449/927/272 451/928/272 453/929/272 455/930/272 457/931/272 459/932/272 461/933/272 463/934/272 465/935/272 467/936/272 469/937/272 471/938/272 473/939/272 475/940/272 477/941/272 479/942/272
o VaultSpoke_5
v 3.434314 0.434315 -2.050000
v 3.434314 1.434314 -2.050000
v 3.444069 0.434315 -2.049039
v 3.444069 1.434314 -2.049039
v 3.453449 0.434315 -2.046194
v 3.453449 1.434314 -2.046194
v 3.462093 0.434315 -2.041574
v 3.462093 1.434314 -2.041574
v 3.469670 0.434315 -2.035355
v 3.469670 1.434314 -2.035355
v 3.475888 0.434315 -2.027779
v 3.475888 1.434314 -2.027779
v 3.480509 0.434315 -2.019134
v 3.480509 1.434314 -2.019134
v 3.483354 0.434315 -2.009754
v 3.483354 1.434314 -2.009754
v 3.484314 0.434315 -2.000000
v 3.484314 1.434314 -2.000000
v 3.483354 0.434315 -1.990245
v 3.483354 1.434314 -1.990245
v 3.480509 0.434315 -1.980866
v 3.480509 1.434314 -1.980866
v 3.475888 0.434315 -1.972221
v 3.475888 1.434314 -1.972221
v 3.469670 0.434315 -1.964645
v 3.469670 1.434314 -1.964645
v 3.462093 0.434315 -1.958426
v 3.462093 1.434314 -1.958426
v 3.453449 0.434315 -1.953806
v 3.453449 1.434314 -1.953806
v 3.444069 0.434315 -1.950961
v 3.444069 1.434314 -1.950961
v 3.434314 0.434315 -1.950000
v 3.434314 1.434314 -1.950000
v 3.424560 0.434315 -1.950961
v 3.424560 1.434314 -1.950961
v 3.415180 0.434315 -1.953806
v 3.415180 1.434314 -1.953806
v 3.406536 0.434315 -1.958426
v 3.406536 1.434314 -1.958426
v 3.398959 0.434315 -1.964645
v 3.398959 1.434314 -1.964645
v 3.392741 0.434315 -1.972221
v 3.392741 1.434314 -1.972221
v 3.388120 0.434315 -1.980866
v 3.388120 1.434314 -1.980866
v 3.385275 0.434315 -1.990245
v 3.385275 1.434314 -1.990245
v 3.384315 0.434315 -2.000000
v 3.384315 1.434314 -2.000000
v 3.385275 0.434315 -2.009754
v 3.385275 1.434314 -2.009754
v 3.388120 0.434315 -2.019134
v 3.388120 1.434314 -2.019134
v 3.392741 0.434315 -2.027779
v 3.392741 1.434314 -2.027779
v 3.398959 0.434315 -2.035355
v 3.398959 1.434314 -2.035355
v 3.406536 0.434315 -2.041574
v 3.406536 1.434314 -2.041574
v 3.415180 0.434315 -2.046194
v 3.415180 1.434314 -2.046194
v 3.424560 0.434315 -2.049039
v 3.424560 1.434314 -2.049039
vn 0.0980 -0.0000 -0.9952
vn 0.2903 -0.0000 -0.9569
vn 0.4714 -0.0000 -0.8819
vn 0.6344 -0.0000 -0.7730
vn 0.7730 -0.0000 -0.6344
vn 0.8819 -0.0000 -0.4714
vn 0.9569 -0.0000 -0.2903
vn 0.9952 -0.0000 -0.0980
vn 0.9952 -0.0000 0.0980
vn 0.9569 -0.0000 0.2903
vn 0.8819 -0.0000 0.4714
vn 0.7730 -0.0000 0.6344
vn 0.6344 -0.0000 0.7730
vn 0.4714 -0.0000 0.8819
vn 0.2903 -0.0000 0.9569
vn 0.0980 -0.0000 0.9952
vn -0.0980 -0.0000 0.9952
vn -0.2903 -0.0000 0.9569
vn -0.4714 -0.0000 0.8819
vn -0.6344 -0.0000 0.7730
vn -0.7730 -0.0000 0.6344
vn -0.8819 -0.0000 0.4714
vn -0.9569 -0.0000 0.2903
vn -0.9952 -0.0000 0.0980
vn -0.9952 -0.0000 -0.0980
vn -0.9569 -0.0000 -0.2903
vn -0.8819 -0.0000 -0.4714
vn -0.7730 -0.0000 -0.6344
vn -0.6344 -0.0000 -0.7730
vn -0.4714 -0.0000 -0.8819
vn -0.0000 1.0000 -0.0000
vn -0.2903 -0.0000 -0.9569
vn -0.0980 -0.0000 -0.9952
vn -0.0000 -1.0000 -0.0000
vt 1.000000 0.500000
vt 1.000000 1.000000
vt 0.968750 1.000000
vt 0.968750 0.500000
vt 0.937500 1.000000
vt 0.937500 0.500000
vt 0.906250 1.000000
vt 0.906250 0.500000
vt 0.875000 1.000000
vt 0.875000 0.500000
vt 0.843750 1.000000
vt 0.843750 0.500000
vt 0.812500 1.000000
vt 0.812500 0.500000
vt 0.781250 1.000000
vt 0.781250 0.500000
vt 0.750000 1.000000
vt 0.750000 0.500000
vt 0.718750 1.000000
vt 0.718750 0.500000
vt 0.687500 1.000000
vt 0.687500 0.500000
vt 0.656250 1.000000
vt 0.656250 0.500000
vt 0.625000 1.000000
vt 0.625000 0.500000
vt 0.593750 1.000000
vt 0.593750 0.500000
vt 0.562500 1.000000
vt 0.562500 0.500000
vt 0.531250 1.000000
vt 0.531250 0.500000
vt 0.500000 1.000000
vt 0.500000 0.500000
vt 0.468750 1.000000
vt 0.468750 0.500000
vt 0.437500 1.000000
vt 0.437500 0.500000
vt 0.406250 1.000000
vt 0.406250 0.500000
vt 0.375000 1.000000
vt 0.375000 0.500000
vt 0.343750 1.000000
vt 0.343750 0.500000
vt 0.312500 1.000000
vt 0.312500 0.500000
vt 0.281250 1.000000
vt 0.281250 0.500000
vt 0.250000 1.000000
vt 0.250000 0.500000
vt 0.218750 1.000000
vt 0.218750 0.500000
vt 0.187500 1.000000
vt 0.187500 0.500000
vt 0.156250 1.000000
vt 0.156250 0.500000
vt 0.125000 1.000000
vt 0.125000 0.500000
vt 0.093750 1.000000
vt 0.093750 0.500000
vt 0.062500 1.000000
vt 0.062500 0.500000
vt 0.296822 0.485388
vt 0.250000 0.490000
vt 0.203178 0.485388
vt 0.158156 0.471731
vt 0.116663 0.449553
vt 0.080294 0.419706
vt 0.050447 0.383337
vt 0.028269 0.341844
vt 0.014612 0.296822
vt 0.010000 0.250000
vt 0.014612 0.203178
vt 0.028269 0.158156
vt 0.050447 0.116663
vt 0.080294 0.080294
vt 0.116663 0.050447
vt 0.158156 0.028269
vt 0.203178 0.014612
vt 0.250000 0.010000
vt 0.296822 0.014612
vt 0.341844 0.028269
vt 0.383337 0.050447
vt 0.419706 0.080294
vt 0.449553 0.116663
vt 0.471731 0.158156
vt 0.485388 0.203178
vt 0.490000 0.250000
vt 0.485388 0.296822
vt 0.471731 0.341844
vt 0.449553 0.383337
vt 0.419706 0.419706
vt 0.383337 0.449553
vt 0.341844 0.471731
vt 0.031250 1.000000
vt 0.031250 0.500000
vt 0.000000 1.000000
vt 0.000000 0.500000
vt 0.750000 0.490000
vt 0.796822 0.485388
vt 0.841844 0.471731
vt 0.883337 0.449553
vt 0.919706 0.419706
vt 0.949553 0.383337
vt 0.971731 0.341844
vt 0.985388 0.296822
vt 0.990000 0.250000
vt 0.985388 0.203178
vt 0.971731 0.158156
vt 0.949553 0.116663
vt 0.919706 0.080294
vt 0.883337 0.050447
vt 0.841844 0.028269
vt 0.796822 0.014612
vt 0.750000 0.010000
vt 0.703178 0.014612
vt 0.658156 0.028269
vt 0.616663 0.050447
vt 0.580294 0.080294
vt 0.550447 0.116663
vt 0.528269 0.158156
vt 0.514612 0.203178
vt 0.510000 0.250000
vt 0.514612 0.296822
vt 0.528269 0.341844
vt 0.550447 0.383337
vt 0.580294 0.419706
vt 0.616663 0.449553
vt 0.658156 0.471731
vt 0.703178 0.485388
s 0
usemtl BankMetal
f 481/943/273 482/944/273 484/945/273 483/946/273
f 483/946/274 484/945/274 486/947/274 485/948/274
f 485/948/275 486/947/275 488/949/275 487/950/275
f 487/950/276 488/949/276 490/951/276 489/952/276
f 489/952/277 490/951/277 492/953/277 491/954/277
f 491/954/278 492/953/278 494/955/278 493/956/278
f 493/956/279 494/955/279 496/957/279 495/958/279
f 495/958/280 496/957/280 498/959/280 497/960/280
f 497/960/281 498/959/281 500/961/281 499/962/281
f 499/962/282 500/961/282 502/963/282 501/964/282
f 501/964/283 502/963/283 504/965/283 503/966/283
f 503/966/284 504/965/284 506/967/284 505/968/284
f 505/968/285 506/967/285 508/969/285 507/970/285
f 507/970/286 508/969/286 510/971/286 509/972/286
f 509/972/287 510/971/287 512/973/287 511/974/287
f 511/974/288 512/973/288 514/975/288 513/976/288
f 513/976/289 514/975/289 516/977/289 515/978/289
f 515/978/290 516/977/290 518/979/290 517/980/290
f 517/980/291 518/979/291 520/981/291 519/982/291
f 519/982/292 520/981/292 522/983/292 521/984/292
f 521/984/293 522/983/293 524/985/293 523/986/293
f 523/986/294 524/985/294 526/987/294 525/988/294
f 525/988/295 526/987/295 528/989/295 527/990/295
f 527/990/296 528/989/296 530/991/296 529/992/296
f 529/992/297 530/991/297 532/993/297 531/994/297
f 531/994/298 532/993/298 534/995/298 533/996/298
f 533/996/299 534/995/299 536/997/299 535/998/299
f 535/998/300 536/997/300 538/999/300 537/1000/300
f 537/1000/301 538/999/301 540/1001/301 539/1002/301
f 539/1002/302 540/1001/302 542/1003/302 541/1004/302
f 484/1005/303 482/1006/303 544/1007/303 542/1008/303 540/1009/303 538/1010/303 536/1011/303 534/1012/303 532/1013/303 530/1014/303 528/1015/303 526/1016/303 524/1017/303 522/1018/303 520/1019/303 518/1020/303 516/1021/303 514/1022/303 512/1023/303 510/1024/303 508/1025/303 506/1026/303 504/1027/303 502/1028/303 500/1029/303 498/1030/303 496/1031/303 494/1032/303 492/1033/303 490/1034/303 488/1035/303 486/1036/303
f 541/1004/304 542/1003/304 544/1037/304 543/1038/304
f 543/1038/305 544/1037/305 482/1039/305 481/1040/305
f 481/1041/306 483/1042/306 485/1043/306 487/1044/306 489/1045/306 491/1046/306 493/1047/306 495/1048/306 497/1049/306 499/1050/306 501/1051/306 503/1052/306 505/1053/306 507/1054/306 509/1055/306 511/1056/306 513/1057/306 515/1058/306 517/1059/306 519/1060/306 521/1061/306 523/1062/306 525/1063/306 527/1064/306 529/1065/306 531/1066/306 533/1067/306 535/1068/306 537/1069/306 539/1070/306 541/1071/306 543/1072/306
o VaultSpoke_6
v 4.000000 0.200000 -2.050000
v 4.000000 1.200000 -2.050000
v 4.009755 0.200000 -2.049039
v 4.009755 1.200000 -2.049039
v 4.019134 0.200000 -2.046194
v 4.019134 1.200000 -2.046194
v 4.027779 0.200000 -2.041574
v 4.027779 1.200000 -2.041574
v 4.035356 0.200000 -2.035355
v 4.035356 1.200000 -2.035355
v 4.041574 0.200000 -2.027779
v 4.041574 1.200000 -2.027779
v 4.046194 0.200000 -2.019134
v 4.046194 1.200000 -2.019134
v 4.049039 0.200000 -2.009754
v 4.049039 1.200000 -2.009754
v 4.050000 0.200000 -2.000000
v 4.050000 1.200000 -2.000000
v 4.049039 0.200000 -1.990245
v 4.049039 1.200000 -1.990245
v 4.046194 0.200000 -1.980866
v 4.046194 1.200000 -1.980866
v 4.041574 0.200000 -1.972221
v 4.041574 1.200000 -1.972221
v 4.035356 0.200000 -1.964645
v 4.035356 1.200000 -1.964645
v 4.027779 0.200000 -1.958426
v 4.027779 1.200000 -1.958426
v 4.019134 0.200000 -1.953806
v 4.019134 1.200000 -1.953806
v 4.009755 0.200000 -1.950961
v 4.009755 1.200000 -1.950961
v 4.000000 0.200000 -1.950000
v 4.000000 1.200000 -1.950000
v 3.990246 0.200000 -1.950961
v 3.990246 1.200000 -1.950961
v 3.980866 0.200000 -1.953806
v 3.980866 1.200000 -1.953806
v 3.972221 0.200000 -1.958426
v 3.972221 1.200000 -1.958426
v 3.964645 0.200000 -1.964645
v 3.964645 1.200000 -1.964645
v 3.958426 0.200000 -1.972221
v 3.958426 1.200000 -1.972221
v 3.953806 0.200000 -1.980866
v 3.953806 1.200000 -1.980866
v 3.950961 0.200000 -1.990245
v 3.950961 1.200000 -1.990245
v 3.950000 0.200000 -2.000000
v 3.950000 1.200000 -2.000000
v 3.950961 0.200000 -2.009754
v 3.950961 1.200000 -2.009754
v 3.953806 0.200000 -2.019134
v 3.953806 1.200000 -2.019134
v 3.958426 0.200000 -2.027779
v 3.958426 1.200000 -2.027779
v 3.964645 0.200000 -2.035355
v 3.964645 1.200000 -2.035355
v 3.972221 0.200000 -2.041574
v 3.972221 1.200000 -2.041574
v 3.980866 0.200000 -2.046194
v 3.980866 1.200000 -2.046194
v 3.990246 0.200000 -2.049039
v 3.990246 1.200000 -2.049039
vn 0.0980 -0.0000 -0.9952
vn 0.2903 -0.0000 -0.9569
vn 0.4714 -0.0000 -0.8819
vn 0.6344 -0.0000 -0.7730
vn 0.7730 -0.0000 -0.6344
vn 0.8819 -0.0000 -0.4714
vn 0.9569 -0.0000 -0.2903
vn 0.9952 -0.0000 -0.0980
vn 0.9952 -0.0000 0.0980
vn 0.9569 -0.0000 0.2903
vn 0.8819 -0.0000 0.4714
vn 0.7730 -0.0000 0.6344
vn 0.6344 -0.0000 0.7730
vn 0.4714 -0.0000 0.8819
vn 0.2903 -0.0000 0.9569
vn 0.0980 -0.0000 0.9952
vn -0.0980 -0.0000 0.9952
vn -0.2903 -0.0000 0.9569
vn -0.4714 -0.0000 0.8819
vn -0.6344 -0.0000 0.7730
vn -0.7730 -0.0000 0.6344
vn -0.8819 -0.0000 0.4714
vn -0.9569 -0.0000 0.2903
vn -0.9952 -0.0000 0.0980
vn -0.9952 -0.0000 -0.0980
vn -0.9569 -0.0000 -0.2903
vn -0.8819 -0.0000 -0.4714
vn -0.7730 -0.0000 -0.6344
vn -0.6344 -0.0000 -0.7730
vn -0.4714 -0.0000 -0.8819
vn -0.0000 1.0000 -0.0000
vn -0.2903 -0.0000 -0.9569
vn -0.0980 -0.0000 -0.9952
vn -0.0000 -1.0000 -0.0000
vt 1.000000 0.500000
vt 1.000000 1.000000
vt 0.968750 1.000000
vt 0.968750 0.500000
vt 0.937500 1.000000
vt 0.937500 0.500000
vt 0.906250 1.000000
vt 0.906250 0.500000
vt 0.875000 1.000000
vt 0.875000 0.500000
vt 0.843750 1.000000
vt 0.843750 0.500000
vt 0.812500 1.000000
vt 0.812500 0.500000
vt 0.781250 1.000000
vt 0.781250 0.500000
vt 0.750000 1.000000
vt 0.750000 0.500000
vt 0.718750 1.000000
vt 0.718750 0.500000
vt 0.687500 1.000000
vt 0.687500 0.500000
vt 0.656250 1.000000
vt 0.656250 0.500000
vt 0.625000 1.000000
vt 0.625000 0.500000
vt 0.593750 1.000000
vt 0.593750 0.500000
vt 0.562500 1.000000
vt 0.562500 0.500000
vt 0.531250 1.000000
vt 0.531250 0.500000
vt 0.500000 1.000000
vt 0.500000 0.500000
vt 0.468750 1.000000
vt 0.468750 0.500000
vt 0.437500 1.000000
vt 0.437500 0.500000
vt 0.406250 1.000000
vt 0.406250 0.500000
vt 0.375000 1.000000
vt 0.375000 0.500000
vt 0.343750 1.000000
vt 0.343750 0.500000
vt 0.312500 1.000000
vt 0.312500 0.500000
vt 0.281250 1.000000
vt 0.281250 0.500000
vt 0.250000 1.000000
vt 0.250000 0.500000
vt 0.218750 1.000000
vt 0.218750 0.500000
vt 0.187500 1.000000
vt 0.187500 0.500000
vt 0.156250 1.000000
vt 0.156250 0.500000
vt 0.125000 1.000000
vt 0.125000 0.500000
vt 0.093750 1.000000
vt 0.093750 0.500000
vt 0.062500 1.000000
vt 0.062500 0.500000
vt 0.296822 0.485388
vt 0.250000 0.490000
vt 0.203178 0.485388
vt 0.158156 0.471731
vt 0.116663 0.449553
vt 0.080294 0.419706
vt 0.050447 0.383337
vt 0.028269 0.341844
vt 0.014612 0.296822
vt 0.010000 0.250000
vt 0.014612 0.203178
vt 0.028269 0.158156
vt 0.050447 0.116663
vt 0.080294 0.080294
vt 0.116663 0.050447
vt 0.158156 0.028269
vt 0.203178 0.014612
vt 0.250000 0.010000
vt 0.296822 0.014612
vt 0.341844 0.028269
vt 0.383337 0.050447
vt 0.419706 0.080294
vt 0.449553 0.116663
vt 0.471731 0.158156
vt 0.485388 0.203178
vt 0.490000 0.250000
vt 0.485388 0.296822
vt 0.471731 0.341844
vt 0.449553 0.383337
vt 0.419706 0.419706
vt 0.383337 0.449553
vt 0.341844 0.471731
vt 0.031250 1.000000
vt 0.031250 0.500000
vt 0.000000 1.000000
vt 0.000000 0.500000
vt 0.750000 0.490000
vt 0.796822 0.485388
vt 0.841844 0.471731
vt 0.883337 0.449553
vt 0.919706 0.419706
vt 0.949553 0.383337
vt 0.971731 0.341844
vt 0.985388 0.296822
vt 0.990000 0.250000
vt 0.985388 0.203178
vt 0.971731 0.158156
vt 0.949553 0.116663
vt 0.919706 0.080294
vt 0.883337 0.050447
vt 0.841844 0.028269
vt 0.796822 0.014612
vt 0.750000 0.010000
vt 0.703178 0.014612
vt 0.658156 0.028269
vt 0.616663 0.050447
vt 0.580294 0.080294
vt 0.550447 0.116663
vt 0.528269 0.158156
vt 0.514612 0.203178
vt 0.510000 0.250000
vt 0.514612 0.296822
vt 0.528269 0.341844
vt 0.550447 0.383337
vt 0.580294 0.419706
vt 0.616663 0.449553
vt 0.658156 0.471731
vt 0.703178 0.485388
s 0
usemtl BankMetal
f 545/1073/307 546/1074/307 548/1075/307 547/1076/307
f 547/1076/308 548/1075/308 550/1077/308 549/1078/308
f 549/1078/309 550/1077/309 552/1079/309 551/1080/309
f 551/1080/310 552/1079/310 554/1081/310 553/1082/310
f 553/1082/311 554/1081/311 556/1083/311 555/1084/311
f 555/1084/312 556/1083/312 558/1085/312 557/1086/312
f 557/1086/313 558/1085/313 560/1087/313 559/1088/313
f 559/1088/314 560/1087/314 562/1089/314 561/1090/314
f 561/1090/315 562/1089/315 564/1091/315 563/1092/315
f 563/1092/316 564/1091/316 566/1093/316 565/1094/316
f 565/1094/317 566/1093/317 568/1095/317 567/1096/317
f 567/1096/318 568/1095/318 570/1097/318 569/1098/318
f 569/1098/319 570/1097/319 572/1099/319 571/1100/319
f 571/1100/320 572/1099/320 574/1101/320 573/1102/320
f 573/1102/321 574/1101/321 576/1103/321 575/1104/321
f 575/1104/322 576/1103/322 578/1105/322 577/1106/322
f 577/1106/323 578/1105/323 580/1107/323 579/1108/323
f 579/1108/324 580/1107/324 582/1109/324 581/1110/324
f 581/1110/325 582/1109/325 584/1111/325 583/1112/325
f 583/1112/326 584/1111/326 586/1113/326 585/1114/326
f 585/1114/327 586/1113/327 588/1115/327 587/1116/327
f 587/1116/328 588/1115/328 590/1117/328 589/1118/328
f 589/1118/329 590/1117/329 592/1119/329 591/1120/329
f 591/1120/330 592/1119/330 594/1121/330 593/1122/330
f 593/1122/331 594/1121/331 596/1123/331 595/1124/331
f 595/1124/332 596/1123/332 598/1125/332 597/1126/332
f 597/1126/333 598/1125/333 600/1127/333 599/1128/333
f 599/1128/334 600/1127/334 602/1129/334 601/1130/334
f 601/1130/335 602/1129/335 604/1131/335 603/1132/335
f 603/1132/336 604/1131/336 606/1133/336 605/1134/336
f 548/1135/337 546/1136/337 608/1137/337 606/1138/337 604/1139/337 602/1140/337 600/1141/337 598/1142/337 596/1143/337 594/1144/337 592/1145/337 590/1146/337 588/1147/337 586/1148/337 584/1149/337 582/1150/337 580/1151/337 578/1152/337 576/1153/337 574/1154/337 572/1155/337 570/1156/337 568/1157/337 566/1158/337 564/1159/337 562/1160/337 560/1161/337 558/1162/337 556/1163/337 554/1164/337 552/1165/337 550/1166/337
f 605/1134/338 606/1133/338 608/1167/338 607/1168/338
f 607/1168/339 608/1167/339 546/1169/339 545/1170/339
f 545/1171/340 547/1172/340 549/1173/340 551/1174/340 553/1175/340 555/1176/340 557/1177/340 559/1178/340 561/1179/340 563/1180/340 565/1181/340 567/1182/340 569/1183/340 571/1184/340 573/1185/340 575/1186/340 577/1187/340 579/1188/340 581/1189/340 583/1190/340 585/1191/340 587/1192/340 589/1193/340 591/1194/340 593/1195/340 595/1196/340 597/1197/340 599/1198/340 601/1199/340 603/1200/340 605/1201/340 607/1202/340
o VaultSpoke_7
v 4.565685 0.434315 -2.050000
v 4.565685 1.434314 -2.050000
v 4.575440 0.434315 -2.049039
v 4.575440 1.434314 -2.049039
v 4.584819 0.434315 -2.046194
v 4.584819 1.434314 -2.046194
v 4.593464 0.434315 -2.041574
v 4.593464 1.434314 -2.041574
v 4.601041 0.434315 -2.035355
v 4.601041 1.434314 -2.035355
v 4.607259 0.434315 -2.027779
v 4.607259 1.434314 -2.027779
v 4.611879 0.434315 -2.019134
v 4.611879 1.434314 -2.019134
v 4.614725 0.434315 -2.009754
v 4.614725 1.434314 -2.009754
v 4.615685 0.434315 -2.000000
v 4.615685 1.434314 -2.000000
v 4.614725 0.434315 -1.990245
v 4.614725 1.434314 -1.990245
v 4.611879 0.434315 -1.980866
v 4.611879 1.434314 -1.980866
v 4.607259 0.434315 -1.972221
v 4.607259 1.434314 -1.972221
v 4.601041 0.434315 -1.964645
v 4.601041 1.434314 -1.964645
v 4.593464 0.434315 -1.958426
v 4.593464 1.434314 -1.958426
v 4.584819 0.434315 -1.953806
v 4.584819 1.434314 -1.953806
v 4.575440 0.434315 -1.950961
v 4.575440 1.434314 -1.950961
v 4.565685 0.434315 -1.950000
v 4.565685 1.434314 -1.950000
v 4.555931 0.434315 -1.950961
v 4.555931 1.434314 -1.950961
v 4.546551 0.434315 -1.953806
v 4.546551 1.434314 -1.953806
v 4.537907 0.434315 -1.958426
v 4.537907 1.434314 -1.958426
v 4.530330 0.434315 -1.964645
v 4.530330 1.434314 -1.964645
v 4.524112 0.434315 -1.972221
v 4.524112 1.434314 -1.972221
v 4.519491 0.434315 -1.980866
v 4.519491 1.434314 -1.980866
v 4.516646 0.434315 -1.990245
v 4.516646 1.434314 -1.990245
v 4.515685 0.434315 -2.000000
v 4.515685 1.434314 -2.000000
v 4.516646 0.434315 -2.009754
v 4.516646 1.434314 -2.009754
v 4.519491 0.434315 -2.019134
v 4.519491 1.434314 -2.019134
v 4.524112 0.434315 -2.027779
v 4.524112 1.434314 -2.027779
v 4.530330 0.434315 -2.035355
v 4.530330 1.434314 -2.035355
v 4.537907 0.434315 -2.041574
v 4.537907 1.434314 -2.041574
v 4.546551 0.434315 -2.046194
v 4.546551 1.434314 -2.046194
v 4.555931 0.434315 -2.049039
v 4.555931 1.434314 -2.049039
vn 0.0980 -0.0000 -0.9952
vn 0.2903 -0.0000 -0.9569
vn 0.4714 -0.0000 -0.8819
vn 0.6344 -0.0000 -0.7730
vn 0.7730 -0.0000 -0.6344
vn 0.8819 -0.0000 -0.4714
vn 0.9569 -0.0000 -0.2903
vn 0.9952 -0.0000 -0.0980
vn 0.9952 -0.0000 0.0980
vn 0.9569 -0.0000 0.2903
vn 0.8819 -0.0000 0.4714
vn 0.7730 -0.0000 0.6344
vn 0.6344 -0.0000 0.7730
vn 0.4714 -0.0000 0.8819
vn 0.2903 -0.0000 0.9569
vn 0.0980 -0.0000 0.9952
vn -0.0980 -0.0000 0.9952
vn -0.2903 -0.0000 0.9569
vn -0.4714 -0.0000 0.8819
vn -0.6344 -0.0000 0.7730
vn -0.7730 -0.0000 0.6344
vn -0.8819 -0.0000 0.4714
vn -0.9569 -0.0000 0.2903
vn -0.9952 -0.0000 0.0980
vn -0.9952 -0.0000 -0.0980
vn -0.9569 -0.0000 -0.2903
vn -0.8819 -0.0000 -0.4714
vn -0.7730 -0.0000 -0.6344
vn -0.6344 -0.0000 -0.7730
vn -0.4714 -0.0000 -0.8819
vn -0.0000 1.0000 -0.0000
vn -0.2903 -0.0000 -0.9569
vn -0.0980 -0.0000 -0.9952
vn -0.0000 -1.0000 -0.0000
vt 1.000000 0.500000
vt 1.000000 1.000000
vt 0.968750 1.000000
vt 0.968750 0.500000
vt 0.937500 1.000000
vt 0.937500 0.500000
vt 0.906250 1.000000
vt 0.906250 0.500000
vt 0.875000 1.000000
vt 0.875000 0.500000
vt 0.843750 1.000000
vt 0.843750 0.500000
vt 0.812500 1.000000
vt 0.812500 0.500000
vt 0.781250 1.000000
vt 0.781250 0.500000
vt 0.750000 1.000000
vt 0.750000 0.500000
vt 0.718750 1.000000
vt 0.718750 0.500000
vt 0.687500 1.000000
vt 0.687500 0.500000
vt 0.656250 1.000000
vt 0.656250 0.500000
vt 0.625000 1.000000
vt 0.625000 0.500000
vt 0.593750 1.000000
vt 0.593750 0.500000
vt 0.562500 1.000000
vt 0.562500 0.500000
vt 0.531250 1.000000
vt 0.531250 0.500000
vt 0.500000 1.000000
vt 0.500000 0.500000
vt 0.468750 1.000000
vt 0.468750 0.500000
vt 0.437500 1.000000
vt 0.437500 0.500000
vt 0.406250 1.000000
vt 0.406250 0.500000
vt 0.375000 1.000000
vt 0.375000 0.500000
vt 0.343750 1.000000
vt 0.343750 0.500000
vt 0.312500 1.000000
vt 0.312500 0.500000
vt 0.281250 1.000000
vt 0.281250 0.500000
vt 0.250000 1.000000
vt 0.250000 0.500000
vt 0.218750 1.000000
vt 0.218750 0.500000
vt 0.187500 1.000000
vt 0.187500 0.500000
vt 0.156250 1.000000
vt 0.156250 0.500000
vt 0.125000 1.000000
vt 0.125000 0.500000
vt 0.093750 1.000000
vt 0.093750 0.500000
vt 0.062500 1.000000
vt 0.062500 0.500000
vt 0.296822 0.485388
vt 0.250000 0.490000
vt 0.203178 0.485388
vt 0.158156 0.471731
vt 0.116663 0.449553
vt 0.080294 0.419706
vt 0.050447 0.383337
vt 0.028269 0.341844
vt 0.014612 0.296822
vt 0.010000 0.250000
vt 0.014612 0.203178
vt 0.028269 0.158156
vt 0.050447 0.116663
vt 0.080294 0.080294
vt 0.116663 0.050447
vt 0.158156 0.028269
vt 0.203178 0.014612
vt 0.250000 0.010000
vt 0.296822 0.014612
vt 0.341844 0.028269
vt 0.383337 0.050447
vt 0.419706 0.080294
vt 0.449553 0.116663
vt 0.471731 0.158156
vt 0.485388 0.203178
vt 0.490000 0.250000
vt 0.485388 0.296822
vt 0.471731 0.341844
vt 0.449553 0.383337
vt 0.419706 0.419706
vt 0.383337 0.449553
vt 0.341844 0.471731
vt 0.031250 1.000000
vt 0.031250 0.500000
vt 0.000000 1.000000
vt 0.000000 0.500000
vt 0.750000 0.490000
vt 0.796822 0.485388
vt 0.841844 0.471731
vt 0.883337 0.449553
vt 0.919706 0.419706
vt 0.949553 0.383337
vt 0.971731 0.341844
vt 0.985388 0.296822
vt 0.990000 0.250000
vt 0.985388 0.203178
vt 0.971731 0.158156
vt 0.949553 0.116663
vt 0.919706 0.080294
vt 0.883337 0.050447
vt 0.841844 0.028269
vt 0.796822 0.014612
vt 0.750000 0.010000
vt 0.703178 0.014612
vt 0.658156 0.028269
vt 0.616663 0.050447
vt 0.580294 0.080294
vt 0.550447 0.116663
vt 0.528269 0.158156
vt 0.514612 0.203178
vt 0.510000 0.250000
vt 0.514612 0.296822
vt 0.528269 0.341844
vt 0.550447 0.383337
vt 0.580294 0.419706
vt 0.616663 0.449553
vt 0.658156 0.471731
vt 0.703178 0.485388
s 0
usemtl BankMetal
f 609/1203/341 610/1204/341 612/1205/341 611/1206/341
f 611/1206/342 612/1205/342 614/1207/342 613/1208/342
f 613/1208/343 614/1207/343 616/1209/343 615/1210/343
f 615/1210/344 616/1209/344 618/1211/344 617/1212/344
f 617/1212/345 618/1211/345 620/1213/345 619/1214/345
f 619/1214/346 620/1213/346 622/1215/346 621/1216/346
f 621/1216/347 622/1215/347 624/1217/347 623/1218/347
f 623/1218/348 624/1217/348 626/1219/348 625/1220/348
f 625/1220/349 626/1219/349 628/1221/349 627/1222/349
f 627/1222/350 628/1221/350 630/1223/350 629/1224/350
f 629/1224/351 630/1223/351 632/1225/351 631/1226/351
f 631/1226/352 632/1225/352 634/1227/352 633/1228/352
f 633/1228/353 634/1227/353 636/1229/353 635/1230/353
f 635/1230/354 636/1229/354 638/1231/354 637/1232/354
f 637/1232/355 638/1231/355 640/1233/355 639/1234/355
f 639/1234/356 640/1233/356 642/1235/356 641/1236/356
f 641/1236/357 642/1235/357 644/1237/357 643/1238/357
f 643/1238/358 644/1237/358 646/1239/358 645/1240/358
f 645/1240/359 646/1239/359 648/1241/359 647/1242/359
f 647/1242/360 648/1241/360 650/1243/360 649/1244/360
f 649/1244/361 650/1243/361 652/1245/361 651/1246/361
f 651/1246/362 652/1245/362 654/1247/362 653/1248/362
f 653/1248/363 654/1247/363 656/1249/363 655/1250/363
f 655/1250/364 656/1249/364 658/1251/364 657/1252/364
f 657/1252/365 658/1251/365 660/1253/365 659/1254/365
f 659/1254/366 660/1253/366 662/1255/366 661/1256/366
f 661/1256/367 662/1255/367 664/1257/367 663/1258/367
f 663/1258/368 664/1257/368 666/1259/368 665/1260/368
f 665/1260/369 666/1259/369 668/1261/369 667/1262/369
f 667/1262/370 668/1261/370 670/1263/370 669/1264/370
f 612/1265/371 610/1266/371 672/1267/371 670/1268/371 668/1269/371 666/1270/371 664/1271/371 662/1272/371 660/1273/371 658/1274/371 656/1275/371 654/1276/371 652/1277/371 650/1278/371 648/1279/371 646/1280/371 644/1281/371 642/1282/371 640/1283/371 638/1284/371 636/1285/371 634/1286/371 632/1287/371 630/1288/371 628/1289/371 626/1290/371 624/1291/371 622/1292/371 620/1293/371 618/1294/371 616/1295/371 614/1296/371
f 669/1264/372 670/1263/372 672/1297/372 671/1298/372
f 671/1298/373 672/1297/373 610/1299/373 609/1300/373
f 609/1301/374 611/1302/374 613/1303/374 615/1304/374 617/1305/374 619/1306/374 621/1307/374 623/1308/374 625/1309/374 627/1310/374 629/1311/374 631/1312/374 633/1313/374 635/1314/374 637/1315/374 639/1316/374 641/1317/374 643/1318/374 645/1319/374 647/1320/374 649/1321/374 651/1322/374 653/1323/374 655/1324/374 657/1325/374 659/1326/374 661/1327/374 663/1328/374 665/1329/374 667/1330/374 669/1331/374 671/1332/374
o DepositBox_0_0
v 2.250000 0.150000 -5.350000
v 2.250000 0.650000 -5.350000
v 2.250000 0.150000 -5.650000
v 2.250000 0.650000 -5.650000
v 2.750000 0.150000 -5.350000
v 2.750000 0.650000 -5.350000
v 2.750000 0.150000 -5.650000
v 2.750000 0.650000 -5.650000
vn -1.0000 -0.0000 -0.0000
vn -0.0000 -0.0000 -1.0000
vn 1.0000 -0.0000 -0.0000
vn -0.0000 -0.0000 1.0000
vn -0.0000 -1.0000 -0.0000
vn -0.0000 1.0000 -0.0000
vt 0.375000 0.000000
vt 0.625000 0.000000
vt 0.625000 0.250000
vt 0.375000 0.250000
vt 0.625000 0.500000
vt 0.375000 0.500000
vt 0.625000 0.750000
vt 0.375000 0.750000
vt 0.625000 1.000000
vt 0.375000 1.000000
vt 0.125000 0.500000
vt 0.125000 0.750000
vt 0.875000 0.500000
vt 0.875000 0.750000
s 0
usemtl BankMetal
f 673/1333/375 674/1334/375 676/1335/375 675/1336/375
f 675/1336/376 676/1335/376 680/1337/376 679/1338/376
f 679/1338/377 680/1337/377 678/1339/377 677/1340/377
f 677/1340/378 678/1339/378 674/1341/378 673/1342/378
f 675/1343/379 679/1338/379 677/1340/379 673/1344/379
f 680/1337/380 676/1345/380 674/1346/380 678/1339/380
o DepositBox_0_1
v 2.850000 0.150000 -5.350000
v 2.850000 0.650000 -5.350000
v 2.850000 0.150000 -5.650000
v 2.850000 0.650000 -5.650000
v 3.350000 0.150000 -5.350000
v 3.350000 0.650000 -5.350000
v 3.350000 0.150000 -5.650000
v 3.350000 0.650000 -5.650000
vn -1.0000 -0.0000 -0.0000
vn -0.0000 -0.0000 -1.0000
vn 1.0000 -0.0000 -0.0000
vn -0.0000 -0.0000 1.0000
vn -0.0000 -1.0000 -0.0000
vn -0.0000 1.0000 -0.0000
vt 0.375000 0.000000
vt 0.625000 0.000000
vt 0.625000 0.250000
vt 0.375000 0.250000
vt 0.625000 0.500000
vt 0.375000 0.500000
vt 0.625000 0.750000
vt 0.375000 0.750000
vt 0.625000 1.000000
vt 0.375000 1.000000
vt 0.125000 0.500000
vt 0.125000 0.750000
vt 0.875000 0.500000
vt 0.875000 0.750000
s 0
usemtl BankMetal
f 681/1347/381 682/1348/381 684/1349/381 683/1350/381
f 683/1350/382 684/1349/382 688/1351/382 687/1352/382
f 687/1352/383 688/1351/383 686/1353/383 685/1354/383
f 685/1354/384 686/1353/384 682/1355/384 681/1356/384
f 683/1357/385 687/1352/385 685/1354/385 681/1358/385
f 688/1351/386 684/1359/386 682/1360/386 686/1353/386
o DepositBox_0_2
v 3.450000 0.150000 -5.350000
v 3.450000 0.650000 -5.350000
v 3.450000 0.150000 -5.650000
v 3.450000 0.650000 -5.650000
v 3.950000 0.150000 -5.350000
v 3.950000 0.650000 -5.350000
v 3.950000 0.150000 -5.650000
v 3.950000 0.650000 -5.650000
vn -1.0000 -0.0000 -0.0000
vn -0.0000 -0.0000 -1.0000
vn 1.0000 -0.0000 -0.0000
vn -0.0000 -0.0000 1.0000
vn -0.0000 -1.0000 -0.0000
vn -0.0000 1.0000 -0.0000
vt 0.375000 0.000000
vt 0.625000 0.000000
vt 0.625000 0.250000
vt 0.375000 0.250000
vt 0.625000 0.500000
vt 0.375000 0.500000
vt 0.625000 0.750000
vt 0.375000 0.750000
vt 0.625000 1.000000
vt 0.375000 1.000000
vt 0.125000 0.500000
vt 0.125000 0.750000
vt 0.875000 0.500000
vt 0.875000 0.750000
s 0
usemtl BankMetal
f 689/1361/387 690/1362/387 692/1363/387 691/1364/387
f 691/1364/388 692/1363/388 696/1365/388 695/1366/388
f 695/1366/389 696/1365/389 694/1367/389 693/1368/389
f 693/1368/390 694/1367/390 690/1369/390 689/1370/390
f 691/1371/391 695/1366/391 693/1368/391 689/1372/391
f 696/1365/392 692/1373/392 690/1374/392 694/1367/392
o DepositBox_0_3
v 4.050000 0.150000 -5.350000
v 4.050000 0.650000 -5.350000
v 4.050000 0.150000 -5.650000
v 4.050000 0.650000 -5.650000
v 4.550000 0.150000 -5.350000
v 4.550000 0.650000 -5.350000
v 4.550000 0.150000 -5.650000
v 4.550000 0.650000 -5.650000
vn -1.0000 -0.0000 -0.0000
vn -0.0000 -0.0000 -1.0000
vn 1.0000 -0.0000 -0.0000
vn -0.0000 -0.0000 1.0000
vn -0.0000 -1.0000 -0.0000
vn -0.0000 1.0000 -0.0000
vt 0.375000 0.000000
vt 0.625000 0.000000
vt 0.625000 0.250000
vt 0.375000 0.250000
vt 0.625000 0.500000
vt 0.375000 0.500000
vt 0.625000 0.750000
vt 0.375000 0.750000
vt 0.625000 1.000000
vt 0.375000 1.000000
vt 0.125000 0.500000
vt 0.125000 0.750000
vt 0.875000 0.500000
vt 0.875000 0.750000
s 0
usemtl BankMetal
f 697/1375/393 698/1376/393 700/1377/393 699/1378/393
f 699/1378/394 700/1377/394 704/1379/394 703/1380/394
f 703/1380/395 704/1379/395 702/1381/395 701/1382/395
f 701/1382/396 702/1381/396 698/1383/396 697/1384/396
f 699/1385/397 703/1380/397 701/1382/397 697/1386/397
f 704/1379/398 700/1387/398 698/1388/398 702/1381/398
o DepositBox_0_4
v 4.650000 0.150000 -5.350000
v 4.650000 0.650000 -5.350000
v 4.650000 0.150000 -5.650000
v 4.650000 0.650000 -5.650000
v 5.150000 0.150000 -5.350000
v 5.150000 0.650000 -5.350000
v 5.150000 0.150000 -5.650000
v 5.150000 0.650000 -5.650000
vn -1.0000 -0.0000 -0.0000
vn -0.0000 -0.0000 -1.0000
vn 1.0000 -0.0000 -0.0000
vn -0.0000 -0.0000 1.0000
vn -0.0000 -1.0000 -0.0000
vn -0.0000 1.0000 -0.0000
vt 0.375000 0.000000
vt 0.625000 0.000000
vt 0.625000 0.250000
vt 0.375000 0.250000
vt 0.625000 0.500000
vt 0.375000 0.500000
vt 0.625000 0.750000
vt 0.375000 0.750000
vt 0.625000 1.000000
vt 0.375000 1.000000
vt 0.125000 0.500000
vt 0.125000 0.750000
vt 0.875000 0.500000
vt 0.875000 0.750000
s 0
usemtl BankMetal
f 705/1389/399 706/1390/399 708/1391/399 707/1392/399
f 707/1392/400 708/1391/400 712/1393/400 711/1394/400
f 711/1394/401 712/1393/401 710/1395/401 709/1396/401
f 709/1396/402 710/1395/402 706/1397/402 705/1398/402
f 707/1399/403 711/1394/403 709/1396/403 705/1400/403
f 712/1393/404 708/1401/404 706/1402/404 710/1395/404
o DepositBox_0_5
v 5.250000 0.150000 -5.350000
v 5.250000 0.650000 -5.350000
v 5.250000 0.150000 -5.650000
v 5.250000 0.650000 -5.650000
v 5.750000 0.150000 -5.350000
v 5.750000 0.650000 -5.350000
v 5.750000 0.150000 -5.650000
v 5.750000 0.650000 -5.650000
vn -1.0000 -0.0000 -0.0000
vn -0.0000 -0.0000 -1.0000
vn 1.0000 -0.0000 -0.0000
vn -0.0000 -0.0000 1.0000
vn -0.0000 -1.0000 -0.0000
vn -0.0000 1.0000 -0.0000
vt 0.375000 0.000000
vt 0.625000 0.000000
vt 0.625000 0.250000
vt 0.375000 0.250000
vt 0.625000 0.500000
vt 0.375000 0.500000
vt 0.625000 0.750000
vt 0.375000 0.750000
vt 0.625000 1.000000
vt 0.375000 1.000000
vt 0.125000 0.500000
vt 0.125000 0.750000
vt 0.875000 0.500000
vt 0.875000 0.750000
s 0
usemtl BankMetal
f 713/1403/405 714/1404/405 716/1405/405 715/1406/405
f 715/1406/406 716/1405/406 720/1407/406 719/1408/406
f 719/1408/407 720/1407/407 718/1409/407 717/1410/407
f 717/1410/408 718/1409/408 714/1411/408 713/1412/408
f 715/1413/409 719/1408/409 717/1410/409 713/1414/409
f 720/1407/410 716/1415/410 714/1416/410 718/1409/410
o DepositBox_1_0
v 2.250000 0.750000 -5.350000
v 2.250000 1.250000 -5.350000
v 2.250000 0.750000 -5.650000
v 2.250000 1.250000 -5.650000
v 2.750000 0.750000 -5.350000
v 2.750000 1.250000 -5.350000
v 2.750000 0.750000 -5.650000
v 2.750000 1.250000 -5.650000
vn -1.0000 -0.0000 -0.0000
vn -0.0000 -0.0000 -1.0000
vn 1.0000 -0.0000 -0.0000
vn -0.0000 -0.0000 1.0000
vn -0.0000 -1.0000 -0.0000
vn -0.0000 1.0000 -0.0000
vt 0.375000 0.000000
vt 0.625000 0.000000
vt 0.625000 0.250000
vt 0.375000 0.250000
vt 0.625000 0.500000
vt 0.375000 0.500000
vt 0.625000 0.750000
vt 0.375000 0.750000
vt 0.625000 1.000000
vt 0.375000 1.000000
vt 0.125000 0.500000
vt 0.125000 0.750000
vt 0.875000 0.500000
vt 0.875000 0.750000
s 0
usemtl BankMetal
f 721/1417/411 722/1418/411 724/1419/411 723/1420/411
f 723/1420/412 724/1419/412 728/1421/412 727/1422/412
f 727/1422/413 728/1421/413 726/1423/413 725/1424/413
f 725/1424/414 726/1423/414 722/1425/414 721/1426/414
f 723/1427/415 727/1422/415 725/1424/415 721/1428/415
f 728/1421/416 724/1429/416 722/1430/416 726/1423/416
o DepositBox_1_1
v 2.850000 0.750000 -5.350000
v 2.850000 1.250000 -5.350000
v 2.850000 0.750000 -5.650000
v 2.850000 1.250000 -5.650000
v 3.350000 0.750000 -5.350000
v 3.350000 1.250000 -5.350000
v 3.350000 0.750000 -5.650000
v 3.350000 1.250000 -5.650000
vn -1.0000 -0.0000 -0.0000
vn -0.0000 -0.0000 -1.0000
vn 1.0000 -0.0000 -0.0000
vn -0.0000 -0.0000 1.0000
vn -0.0000 -1.0000 -0.0000
vn -0.0000 1.0000 -0.0000
vt 0.375000 0.000000
vt 0.625000 0.000000
vt 0.625000 0.250000
vt 0.375000 0.250000
vt 0.625000 0.500000
vt 0.375000 0.500000
vt 0.625000 0.750000
vt 0.375000 0.750000
vt 0.625000 1.000000
vt 0.375000 1.000000
vt 0.125000 0.500000
vt 0.125000 0.750000
vt 0.875000 0.500000
vt 0.875000 0.750000
s 0
usemtl BankMetal
f 729/1431/417 730/1432/417 732/1433/417 731/1434/417
f 731/1434/418 732/1433/418 736/1435/418 735/1436/418
f 735/1436/419 736/1435/419 734/1437/419 733/1438/419
f 733/1438/420 734/1437/420 730/1439/420 729/1440/420
f 731/1441/421 735/1436/421 733/1438/421 729/1442/421
f 736/1435/422 732/1443/422 730/1444/422 734/1437/422
o DepositBox_1_2
v 3.450000 0.750000 -5.350000
v 3.450000 1.250000 -5.350000
v 3.450000 0.750000 -5.650000
v 3.450000 1.250000 -5.650000
v 3.950000 0.750000 -5.350000
v 3.950000 1.250000 -5.350000
v 3.950000 0.750000 -5.650000
v 3.950000 1.250000 -5.650000
vn -1.0000 -0.0000 -0.0000
vn -0.0000 -0.0000 -1.0000
vn 1.0000 -0.0000 -0.0000
vn -0.0000 -0.0000 1.0000
vn -0.0000 -1.0000 -0.0000
vn -0.0000 1.0000 -0.0000
vt 0.375000 0.000000
vt 0.625000 0.000000
vt 0.625000 0.250000
vt 0.375000 0.250000
vt 0.625000 0.500000
vt 0.375000 0.500000
vt 0.625000 0.750000
vt 0.375000 0.750000
vt 0.625000 1.000000
vt 0.375000 1.000000
vt 0.125000 0.500000
vt 0.125000 0.750000
vt 0.875000 0.500000
vt 0.875000 0.750000
s 0
usemtl BankMetal
f 737/1445/423 738/1446/423 740/1447/423 739/1448/423
f 739/1448/424 740/1447/424 744/1449/424 743/1450/424
f 743/1450/425 744/1449/425 742/1451/425 741/1452/425
f 741/1452/426 742/1451/426 738/1453/426 737/1454/426
f 739/1455/427 743/1450/427 741/1452/427 737/1456/427
f 744/1449/428 740/1457/428 738/1458/428 742/1451/428
o DepositBox_1_3
v 4.050000 0.750000 -5.350000
v 4.050000 1.250000 -5.350000
v 4.050000 0.750000 -5.650000
v 4.050000 1.250000 -5.650000
v 4.550000 0.750000 -5.350000
v 4.550000 1.250000 -5.350000
v 4.550000 0.750000 -5.650000
v 4.550000 1.250000 -5.650000
vn -1.0000 -0.0000 -0.0000
vn -0.0000 -0.0000 -1.0000
vn 1.0000 -0.0000 -0.0000
vn -0.0000 -0.0000 1.0000
vn -0.0000 -1.0000 -0.0000
vn -0.0000 1.0000 -0.0000
vt 0.375000 0.000000
vt 0.625000 0.000000
vt 0.625000 0.250000
vt 0.375000 0.250000
vt 0.625000 0.500000
vt 0.375000 0.500000
vt 0.625000 0.750000
vt 0.375000 0.750000
vt 0.625000 1.000000
vt 0.375000 1.000000
vt 0.125000 0.500000
vt 0.125000 0.750000
vt 0.875000 0.500000
vt 0.875000 0.750000
s 0
usemtl BankMetal
f 745/1459/429 746/1460/429 748/1461/429 747/1462/429
f 747/1462/430 748/1461/430 752/1463/430 751/1464/430
f 751/1464/431 752/1463/431 750/1465/431 749/1466/431
f 749/1466/432 750/1465/432 746/1467/432 745/1468/432
f 747/1469/433 751/1464/433 749/1466/433 745/1470/433
f 752/1463/434 748/1471/434 746/1472/434 750/1465/434
o DepositBox_1_4
v 4.650000 0.750000 -5.350000
v 4.650000 1.250000 -5.350000
v 4.650000 0.750000 -5.650000
v 4.650000 1.250000 -5.650000
v 5.150000 0.750000 -5.350000
v 5.150000 1.250000 -5.350000
v 5.150000 0.750000 -5.650000
v 5.150000 1.250000 -5.650000
vn -1.0000 -0.0000 -0.0000
vn -0.0000 -0.0000 -1.0000
vn 1.0000 -0.0000 -0.0000
vn -0.0000 -0.0000 1.0000
vn -0.0000 -1.0000 -0.0000
vn -0.0000 1.0000 -0.0000
vt 0.375000 0.000000
vt 0.625000 0.000000
vt 0.625000 0.250000
vt 0.375000 0.250000
vt 0.625000 0.500000
vt 0.375000 0.500000
vt 0.625000 0.750000
vt 0.375000 0.750000
vt 0.625000 1.000000
vt 0.375000 1.000000
vt 0.125000 0.500000
vt 0.125000 0.750000
vt 0.875000 0.500000
vt 0.875000 0.750000
s 0
usemtl BankMetal
f 753/1473/435 754/1474/435 756/1475/435 755/1476/435
f 755/1476/436 756/1475/436 760/1477/436 759/1478/436
f 759/1478/437 760/1477/437 758/1479/437 757/1480/437
f 757/1480/438 758/1479/438 754/1481/438 753/1482/438
f 755/1483/439 759/1478/439 757/1480/439 753/1484/439
f 760/1477/440 756/1485/440 754/1486/440 758/1479/440
o DepositBox_1_5
v 5.250000 0.750000 -5.350000
v 5.250000 1.250000 -5.350000
v 5.250000 0.750000 -5.650000
v 5.250000 1.250000 -5.650000
v 5.750000 0.750000 -5.350000
v 5.750000 1.250000 -5.350000
v 5.750000 0.750000 -5.650000
v 5.750000 1.250000 -5.650000
vn -1.0000 -0.0000 -0.0000
vn -0.0000 -0.0000 -1.0000
vn 1.0000 -0.0000 -0.0000
vn -0.0000 -0.0000 1.0000
vn -0.0000 -1.0000 -0.0000
vn -0.0000 1.0000 -0.0000
vt 0.375000 0.000000
vt 0.625000 0.000000
vt 0.625000 0.250000
vt 0.375000 0.250000
vt 0.625000 0.500000
vt 0.375000 0.500000
vt 0.625000 0.750000
vt 0.375000 0.750000
vt 0.625000 1.000000
vt 0.375000 1.000000
vt 0.125000 0.500000
vt 0.125000 0.750000
vt 0.875000 0.500000
vt 0.875000 0.750000
s 0
usemtl BankMetal
f 761/1487/441 762/1488/441 764/1489/441 763/1490/441
f 763/1490/442 764/1489/442 768/1491/442 767/1492/442
f 767/1492/443 768/1491/443 766/1493/443 765/1494/443
f 765/1494/444 766/1493/444 762/1495/444 761/1496/444
f 763/1497/445 767/1492/445 765/1494/445 761/1498/445
f 768/1491/446 764/1499/446 762/1500/446 766/1493/446
o DepositBox_2_0
v 2.250000 1.350000 -5.350000
v 2.250000 1.850000 -5.350000
v 2.250000 1.350000 -5.650000
v 2.250000 1.850000 -5.650000
v 2.750000 1.350000 -5.350000
v 2.750000 1.850000 -5.350000
v 2.750000 1.350000 -5.650000
v 2.750000 1.850000 -5.650000
vn -1.0000 -0.0000 -0.0000
vn -0.0000 -0.0000 -1.0000
vn 1.0000 -0.0000 -0.0000
vn -0.0000 -0.0000 1.0000
vn -0.0000 -1.0000 -0.0000
vn -0.0000 1.0000 -0.0000
vt 0.375000 0.000000
vt 0.625000 0.000000
vt 0.625000 0.250000
vt 0.375000 0.250000
vt 0.625000 0.500000
vt 0.375000 0.500000
vt 0.625000 0.750000
vt 0.375000 0.750000
vt 0.625000 1.000000
vt 0.375000 1.000000
vt 0.125000 0.500000
vt 0.125000 0.750000
vt 0.875000 0.500000
vt 0.875000 0.750000
s 0
usemtl BankMetal
f 769/1501/447 770/1502/447 772/1503/447 771/1504/447
f 771/1504/448 772/1503/448 776/1505/448 775/1506/448
f 775/1506/449 776/1505/449 774/1507/449 773/1508/449
f 773/1508/450 774/1507/450 770/1509/450 769/1510/450
f 771/1511/451 775/1506/451 773/1508/451 769/1512/451
f 776/1505/452 772/1513/452 770/1514/452 774/1507/452
o DepositBox_2_1
v 2.850000 1.350000 -5.350000
v 2.850000 1.850000 -5.350000
v 2.850000 1.350000 -5.650000
v 2.850000 1.850000 -5.650000
v 3.350000 1.350000 -5.350000
v 3.350000 1.850000 -5.350000
v 3.350000 1.350000 -5.650000
v 3.350000 1.850000 -5.650000
vn -1.0000 -0.0000 -0.0000
vn -0.0000 -0.0000 -1.0000
vn 1.0000 -0.0000 -0.0000
vn -0.0000 -0.0000 1.0000
vn -0.0000 -1.0000 -0.0000
vn -0.0000 1.0000 -0.0000
vt 0.375000 0.000000
vt 0.625000 0.000000
vt 0.625000 0.250000
vt 0.375000 0.250000
vt 0.625000 0.500000
vt 0.375000 0.500000
vt 0.625000 0.750000
vt 0.375000 0.750000
vt 0.625000 1.000000
vt 0.375000 1.000000
vt 0.125000 0.500000
vt 0.125000 0.750000
vt 0.875000 0.500000
vt 0.875000 0.750000
s 0
usemtl BankMetal
f 777/1515/453 778/1516/453 780/1517/453 779/1518/453
f 779/1518/454 780/1517/454 784/1519/454 783/1520/454
f 783/1520/455 784/1519/455 782/1521/455 781/1522/455
f 781/1522/456 782/1521/456 778/1523/456 777/1524/456
f 779/1525/457 783/1520/457 781/1522/457 777/1526/457
f 784/1519/458 780/1527/458 778/1528/458 782/1521/458
o DepositBox_2_2
v 3.450000 1.350000 -5.350000
v 3.450000 1.850000 -5.350000
v 3.450000 1.350000 -5.650000
v 3.450000 1.850000 -5.650000
v 3.950000 1.350000 -5.350000
v 3.950000 1.850000 -5.350000
v 3.950000 1.350000 -5.650000
v 3.950000 1.850000 -5.650000
vn -1.0000 -0.0000 -0.0000
vn -0.0000 -0.0000 -1.0000
vn 1.0000 -0.0000 -0.0000
vn -0.0000 -0.0000 1.0000
vn -0.0000 -1.0000 -0.0000
vn -0.0000 1.0000 -0.0000
vt 0.375000 0.000000
vt 0.625000 0.000000
vt 0.625000 0.250000
vt 0.375000 0.250000
vt 0.625000 0.500000
vt 0.375000 0.500000
vt 0.625000 0.750000
vt 0.375000 0.750000
vt 0.625000 1.000000
vt 0.375000 1.000000
vt 0.125000 0.500000
vt 0.125000 0.750000
vt 0.875000 0.500000
vt 0.875000 0.750000
s 0
usemtl BankMetal
f 785/1529/459 786/1530/459 788/1531/459 787/1532/459
f 787/1532/460 788/1531/460 792/1533/460 791/1534/460
f 791/1534/461 792/1533/461 790/1535/461 789/1536/461
f 789/1536/462 790/1535/462 786/1537/462 785/1538/462
f 787/1539/463 791/1534/463 789/1536/463 785/1540/463
f 792/1533/464 788/1541/464 786/1542/464 790/1535/464
o DepositBox_2_3
v 4.050000 1.350000 -5.350000
v 4.050000 1.850000 -5.350000
v 4.050000 1.350000 -5.650000
v 4.050000 1.850000 -5.650000
v 4.550000 1.350000 -5.350000
v 4.550000 1.850000 -5.350000
v 4.550000 1.350000 -5.650000
v 4.550000 1.850000 -5.650000
vn -1.0000 -0.0000 -0.0000
vn -0.0000 -0.0000 -1.0000
vn 1.0000 -0.0000 -0.0000
vn -0.0000 -0.0000 1.0000
vn -0.0000 -1.0000 -0.0000
vn -0.0000 1.0000 -0.0000
vt 0.375000 0.000000
vt 0.625000 0.000000
vt 0.625000 0.250000
vt 0.375000 0.250000
vt 0.625000 0.500000
vt 0.375000 0.500000
vt 0.625000 0.750000
vt 0.375000 0.750000
vt 0.625000 1.000000
vt 0.375000 1.000000
vt 0.125000 0.500000
vt 0.125000 0.750000
vt 0.875000 0.500000
vt 0.875000 0.750000
s 0
usemtl BankMetal
f 793/1543/465 794/1544/465 796/1545/465 795/1546/465
f 795/1546/466 796/1545/466 800/1547/466 799/1548/466
f 799/1548/467 800/1547/467 798/1549/467 797/1550/467
f 797/1550/468 798/1549/468 794/1551/468 793/1552/468
f 795/1553/469 799/1548/469 797/1550/469 793/1554/469
f 800/1547/470 796/1555/470 794/1556/470 798/1549/470
o DepositBox_2_4
v 4.650000 1.350000 -5.350000
v 4.650000 1.850000 -5.350000
v 4.650000 1.350000 -5.650000
v 4.650000 1.850000 -5.650000
v 5.150000 1.350000 -5.350000
v 5.150000 1.850000 -5.350000
v 5.150000 1.350000 -5.650000
v 5.150000 1.850000 -5.650000
vn -1.0000 -0.0000 -0.0000
vn -0.0000 -0.0000 -1.0000
vn 1.0000 -0.0000 -0.0000
vn -0.0000 -0.0000 1.0000
vn -0.0000 -1.0000 -0.0000
vn -0.0000 1.0000 -0.0000
vt 0.375000 0.000000
vt 0.625000 0.000000
vt 0.625000 0.250000
vt 0.375000 0.250000
vt 0.625000 0.500000
vt 0.375000 0.500000
vt 0.625000 0.750000
vt 0.375000 0.750000
vt 0.625000 1.000000
vt 0.375000 1.000000
vt 0.125000 0.500000
vt 0.125000 0.750000
vt 0.875000 0.500000
vt 0.875000 0.750000
s 0
usemtl BankMetal
f 801/1557/471 802/1558/471 804/1559/471 803/1560/471
f 803/1560/472 804/1559/472 808/1561/472 807/1562/472
f 807/1562/473 808/1561/473 806/1563/473 805/1564/473
f 805/1564/474 806/1563/474 802/1565/474 801/1566/474
f 803/1567/475 807/1562/475 805/1564/475 801/1568/475
f 808/1561/476 804/1569/476 802/1570/476 806/1563/476
o DepositBox_2_5
v 5.250000 1.350000 -5.350000
v 5.250000 1.850000 -5.350000
v 5.250000 1.350000 -5.650000
v 5.250000 1.850000 -5.650000
v 5.750000 1.350000 -5.350000
v 5.750000 1.850000 -5.350000
v 5.750000 1.350000 -5.650000
v 5.750000 1.850000 -5.650000
vn -1.0000 -0.0000 -0.0000
vn -0.0000 -0.0000 -1.0000
vn 1.0000 -0.0000 -0.0000
vn -0.0000 -0.0000 1.0000
vn -0.0000 -1.0000 -0.0000
vn -0.0000 1.0000 -0.0000
vt 0.375000 0.000000
vt 0.625000 0.000000
vt 0.625000 0.250000
vt 0.375000 0.250000
vt 0.625000 0.500000
vt 0.375000 0.500000
vt 0.625000 0.750000
vt 0.375000 0.750000
vt 0.625000 1.000000
vt 0.375000 1.000000
vt 0.125000 0.500000
vt 0.125000 0.750000
vt 0.875000 0.500000
vt 0.875000 0.750000
s 0
usemtl BankMetal
f 809/1571/477 810/1572/477 812/1573/477 811/1574/477
f 811/1574/478 812/1573/478 816/1575/478 815/1576/478
f 815/1576/479 816/1575/479 814/1577/479 813/1578/479
f 813/1578/480 814/1577/480 810/1579/480 809/1580/480
f 811/1581/481 815/1576/481 813/1578/481 809/1582/481
f 816/1575/482 812/1583/482 810/1584/482 814/1577/482
o DepositBox_3_0
v 2.250000 1.950000 -5.350000
v 2.250000 2.450000 -5.350000
v 2.250000 1.950000 -5.650000
v 2.250000 2.450000 -5.650000
v 2.750000 1.950000 -5.350000
v 2.750000 2.450000 -5.350000
v 2.750000 1.950000 -5.650000
v 2.750000 2.450000 -5.650000
vn -1.0000 -0.0000 -0.0000
vn -0.0000 -0.0000 -1.0000
vn 1.0000 -0.0000 -0.0000
vn -0.0000 -0.0000 1.0000
vn -0.0000 -1.0000 -0.0000
vn -0.0000 1.0000 -0.0000
vt 0.375000 0.000000
vt 0.625000 0.000000
vt 0.625000 0.250000
vt 0.375000 0.250000
vt 0.625000 0.500000
vt 0.375000 0.500000
vt 0.625000 0.750000
vt 0.375000 0.750000
vt 0.625000 1.000000
vt 0.375000 1.000000
vt 0.125000 0.500000
vt 0.125000 0.750000
vt 0.875000 0.500000
vt 0.875000 0.750000
s 0
usemtl BankMetal
f 817/1585/483 818/1586/483 820/1587/483 819/1588/483
f 819/1588/484 820/1587/484 824/1589/484 823/1590/484
f 823/1590/485 824/1589/485 822/1591/485 821/1592/485
f 821/1592/486 822/1591/486 818/1593/486 817/1594/486
f 819/1595/487 823/1590/487 821/1592/487 817/1596/487
f 824/1589/488 820/1597/488 818/1598/488 822/1591/488
o DepositBox_3_1
v 2.850000 1.950000 -5.350000
v 2.850000 2.450000 -5.350000
v 2.850000 1.950000 -5.650000
v 2.850000 2.450000 -5.650000
v 3.350000 1.950000 -5.350000
v 3.350000 2.450000 -5.350000
v 3.350000 1.950000 -5.650000
v 3.350000 2.450000 -5.650000
vn -1.0000 -0.0000 -0.0000
vn -0.0000 -0.0000 -1.0000
vn 1.0000 -0.0000 -0.0000
vn -0.0000 -0.0000 1.0000
vn -0.0000 -1.0000 -0.0000
vn -0.0000 1.0000 -0.0000
vt 0.375000 0.000000
vt 0.625000 0.000000
vt 0.625000 0.250000
vt 0.375000 0.250000
vt 0.625000 0.500000
vt 0.375000 0.500000
vt 0.625000 0.750000
vt 0.375000 0.750000
vt 0.625000 1.000000
vt 0.375000 1.000000
vt 0.125000 0.500000
vt 0.125000 0.750000
vt 0.875000 0.500000
vt 0.875000 0.750000
s 0
usemtl BankMetal
f 825/1599/489 826/1600/489 828/1601/489 827/1602/489
f 827/1602/490 828/1601/490 832/1603/490 831/1604/490
f 831/1604/491 832/1603/491 830/1605/491 829/1606/491
f 829/1606/492 830/1605/492 826/1607/492 825/1608/492
f 827/1609/493 831/1604/493 829/1606/493 825/1610/493
f 832/1603/494 828/1611/494 826/1612/494 830/1605/494
o DepositBox_3_2
v 3.450000 1.950000 -5.350000
v 3.450000 2.450000 -5.350000
v 3.450000 1.950000 -5.650000
v 3.450000 2.450000 -5.650000
v 3.950000 1.950000 -5.350000
v 3.950000 2.450000 -5.350000
v 3.950000 1.950000 -5.650000
v 3.950000 2.450000 -5.650000
vn -1.0000 -0.0000 -0.0000
vn -0.0000 -0.0000 -1.0000
vn 1.0000 -0.0000 -0.0000
vn -0.0000 -0.0000 1.0000
vn -0.0000 -1.0000 -0.0000
vn -0.0000 1.0000 -0.0000
vt 0.375000 0.000000
vt 0.625000 0.000000
vt 0.625000 0.250000
vt 0.375000 0.250000
vt 0.625000 0.500000
vt 0.375000 0.500000
vt 0.625000 0.750000
vt 0.375000 0.750000
vt 0.625000 1.000000
vt 0.375000 1.000000
vt 0.125000 0.500000
vt 0.125000 0.750000
vt 0.875000 0.500000
vt 0.875000 0.750000
s 0
usemtl BankMetal
f 833/1613/495 834/1614/495 836/1615/495 835/1616/495
f 835/1616/496 836/1615/496 840/1617/496 839/1618/496
f 839/1618/497 840/1617/497 838/1619/497 837/1620/497
f 837/1620/498 838/1619/498 834/1621/498 833/1622/498
f 835/1623/499 839/1618/499 837/1620/499 833/1624/499
f 840/1617/500 836/1625/500 834/1626/500 838/1619/500
o DepositBox_3_3
v 4.050000 1.950000 -5.350000
v 4.050000 2.450000 -5.350000
v 4.050000 1.950000 -5.650000
v 4.050000 2.450000 -5.650000
v 4.550000 1.950000 -5.350000
v 4.550000 2.450000 -5.350000
v 4.550000 1.950000 -5.650000
v 4.550000 2.450000 -5.650000
vn -1.0000 -0.0000 -0.0000
vn -0.0000 -0.0000 -1.0000
vn 1.0000 -0.0000 -0.0000
vn -0.0000 -0.0000 1.0000
vn -0.0000 -1.0000 -0.0000
vn -0.0000 1.0000 -0.0000
vt 0.375000 0.000000
vt 0.625000 0.000000
vt 0.625000 0.250000
vt 0.375000 0.250000
vt 0.625000 0.500000
vt 0.375000 0.500000
vt 0.625000 0.750000
vt 0.375000 0.750000
vt 0.625000 1.000000
vt 0.375000 1.000000
vt 0.125000 0.500000
vt 0.125000 0.750000
vt 0.875000 0.500000
vt 0.875000 0.750000
s 0
usemtl BankMetal
f 841/1627/501 842/1628/501 844/1629/501 843/1630/501
f 843/1630/502 844/1629/502 848/1631/502 847/1632/502
f 847/1632/503 848/1631/503 846/1633/503 845/1634/503
f 845/1634/504 846/1633/504 842/1635/504 841/1636/504
f 843/1637/505 847/1632/505 845/1634/505 841/1638/505
f 848/1631/506 844/1639/506 842/1640/506 846/1633/506
o DepositBox_3_4
v 4.650000 1.950000 -5.350000
v 4.650000 2.450000 -5.350000
v 4.650000 1.950000 -5.650000
v 4.650000 2.450000 -5.650000
v 5.150000 1.950000 -5.350000
v 5.150000 2.450000 -5.350000
v 5.150000 1.950000 -5.650000
v 5.150000 2.450000 -5.650000
vn -1.0000 -0.0000 -0.0000
vn -0.0000 -0.0000 -1.0000
vn 1.0000 -0.0000 -0.0000
vn -0.0000 -0.0000 1.0000
vn -0.0000 -1.0000 -0.0000
vn -0.0000 1.0000 -0.0000
vt 0.375000 0.000000
vt 0.625000 0.000000
vt 0.625000 0.250000
vt 0.375000 0.250000
vt 0.625000 0.500000
vt 0.375000 0.500000
vt 0.625000 0.750000
vt 0.375000 0.750000
vt 0.625000 1.000000
vt 0.375000 1.000000
vt 0.125000 0.500000
vt 0.125000 0.750000
vt 0.875000 0.500000
vt 0.875000 0.750000
s 0
usemtl BankMetal
f 849/1641/507 850/1642/507 852/1643/507 851/1644/507
f 851/1644/508 852/1643/508 856/1645/508 855/1646/508
f 855/1646/509 856/1645/509 854/1647/509 853/1648/509
f 853/1648/510 854/1647/510 850/1649/510 849/1650/510
f 851/1651/511 855/1646/511 853/1648/511 849/1652/511
f 856/1645/512 852/1653/512 850/1654/512 854/1647/512
o DepositBox_3_5
v 5.250000 1.950000 -5.350000
v 5.250000 2.450000 -5.350000
v 5.250000 1.950000 -5.650000
v 5.250000 2.450000 -5.650000
v 5.750000 1.950000 -5.350000
v 5.750000 2.450000 -5.350000
v 5.750000 1.950000 -5.650000
v 5.750000 2.450000 -5.650000
vn -1.0000 -0.0000 -0.0000
vn -0.0000 -0.0000 -1.0000
vn 1.0000 -0.0000 -0.0000
vn -0.0000 -0.0000 1.0000
vn -0.0000 -1.0000 -0.0000
vn -0.0000 1.0000 -0.0000
vt 0.375000 0.000000
vt 0.625000 0.000000
vt 0.625000 0.250000
vt 0.375000 0.250000
vt 0.625000 0.500000
vt 0.375000 0.500000
vt 0.625000 0.750000
vt 0.375000 0.750000
vt 0.625000 1.000000
vt 0.375000 1.000000
vt 0.125000 0.500000
vt 0.125000 0.750000
vt 0.875000 0.500000
vt 0.875000 0.750000
s 0
usemtl BankMetal
f 857/1655/513 858/1656/513 860/1657/513 859/1658/513
f 859/1658/514 860/1657/514 864/1659/514 863/1660/514
f 863/1660/515 864/1659/515 862/1661/515 861/1662/515
f 861/1662/516 862/1661/516 858/1663/516 857/1664/516
f 859/1665/517 863/1660/517 861/1662/517 857/1666/517
f 864/1659/518 860/1667/518 858/1668/518 862/1661/518
o WaitingBench
v -4.000000 0.000000 2.200000
v -4.000000 0.500000 2.200000
v -4.000000 0.000000 1.800000
v -4.000000 0.500000 1.800000
v -2.000000 0.000000 2.200000
v -2.000000 0.500000 2.200000
v -2.000000 0.000000 1.800000
v -2.000000 0.500000 1.800000
vn -1.0000 -0.0000 -0.0000
vn -0.0000 -0.0000 -1.0000
vn 1.0000 -0.0000 -0.0000
vn -0.0000 -0.0000 1.0000
vn -0.0000 -1.0000 -0.0000
vn -0.0000 1.0000 -0.0000
vt 0.375000 0.000000
vt 0.625000 0.000000
vt 0.625000 0.250000
vt 0.375000 0.250000
vt 0.625000 0.500000
vt 0.375000 0.500000
vt 0.625000 0.750000
vt 0.375000 0.750000
vt 0.625000 1.000000
vt 0.375000 1.000000
vt 0.125000 0.500000
vt 0.125000 0.750000
vt 0.875000 0.500000
vt 0.875000 0.750000
s 0
usemtl BankWood
f 865/1669/519 866/1670/519 868/1671/519 867/1672/519
f 867/1672/520 868/1671/520 872/1673/520 871/1674/520
f 871/1674/521 872/1673/521 870/1675/521 869/1676/521
f 869/1676/522 870/1675/522 866/1677/522 865/1678/522
f 867/1679/523 871/1674/523 869/1676/523 865/1680/523
f 872/1673/524 868/1681/524 866/1682/524 870/1675/524
o BankATM
v 3.700000 0.000000 5.200000
v 3.700000 2.000000 5.200000
v 3.700000 0.000000 4.800000
v 3.700000 2.000000 4.800000
v 4.300000 0.000000 5.200000
v 4.300000 2.000000 5.200000
v 4.300000 0.000000 4.800000
v 4.300000 2.000000 4.800000
vn -1.0000 -0.0000 -0.0000
vn -0.0000 -0.0000 -1.0000
vn 1.0000 -0.0000 -0.0000
vn -0.0000 -0.0000 1.0000
vn -0.0000 -1.0000 -0.0000
vn -0.0000 1.0000 -0.0000
vt 0.375000 0.000000
vt 0.625000 0.000000
vt 0.625000 0.250000
vt 0.375000 0.250000
vt 0.625000 0.500000
vt 0.375000 0.500000
vt 0.625000 0.750000
vt 0.375000 0.750000
vt 0.625000 1.000000
vt 0.375000 1.000000
vt 0.125000 0.500000
vt 0.125000 0.750000
vt 0.875000 0.500000
vt 0.875000 0.750000
s 0
usemtl BankMetal
f 873/1683/525 874/1684/525 876/1685/525 875/1686/525
f 875/1686/526 876/1685/526 880/1687/526 879/1688/526
f 879/1688/527 880/1687/527 878/1689/527 877/1690/527
f 877/1690/528 878/1689/528 874/1691/528 873/1692/528
f 875/1693/529 879/1688/529 877/1690/529 873/1694/529
f 880/1687/530 876/1695/530 874/1696/530 878/1689/530
o ATMScreen
v 3.800000 1.400000 5.350000
v 4.200000 1.400000 5.350000
v 3.800000 1.400000 5.050000
v 4.200000 1.400000 5.050000
vn -0.0000 1.0000 -0.0000
vt 0.000000 0.000000
vt 1.000000 0.000000
vt 1.000000 1.000000
vt 0.000000 1.000000
s 0
usemtl Screen
f 881/1697/531 882/1698/531 884/1699/531 883/1700/531
