# Blender 5.0.1
# www.blender.org
mtllib supermarket_interior.mtl
o MarketFloor
v -8.000000 0.000000 8.000000
v 8.000000 0.000000 8.000000
v -8.000000 0.000000 -8.000000
v 8.000000 0.000000 -8.000000
vn -0.0000 1.0000 -0.0000
vt 0.000000 0.000000
vt 1.000000 0.000000
vt 1.000000 1.000000
vt 0.000000 1.000000
s 0
usemtl MarketFloor
f 1/1/1 2/2/1 4/3/1 3/4/1
o WallBack
v -8.000000 0.000000 -7.900000
v -8.000000 4.000000 -7.900000
v -8.000000 0.000000 -8.100000
v -8.000000 4.000000 -8.100000
v 8.000000 0.000000 -7.900000
v 8.000000 4.000000 -7.900000
v 8.000000 0.000000 -8.100000
v 8.000000 4.000000 -8.100000
vn -1.0000 -0.0000 -0.0000
vn -0.0000 -0.0000 -1.0000
vn 1.0000 -0.0000 -0.0000
vn -0.0000 -0.0000 1.0000
vn -0.0000 -1.0000 -0.0000
vn -0.0000 1.0000 -0.0000
vt 0.375000 0.000000
vt 0.625000 0.000000
vt 0.625000 0.250000
vt 0.375000 0.250000
vt 0.625000 0.500000
vt 0.375000 0.500000
vt 0.625000 0.750000
vt 0.375000 0.750000
vt 0.625000 1.000000
vt 0.375000 1.000000
vt 0.125000 0.500000
vt 0.125000 0.750000
vt 0.875000 0.500000
vt 0.875000 0.750000
s 0
usemtl WhiteWall
f 5/5/2 6/6/2 8/7/2 7/8/2
f 7/8/3 8/7/3 12/9/3 11/10/3
f 11/10/4 12/9/4 10/11/4 9/12/4
f 9/12/5 10/11/5 6/13/5 5/14/5
f 7/15/6 11/10/6 9/12/6 5/16/6
f 12/9/7 8/17/7 6/18/7 10/11/7
o WallFrontL
v -8.000000 0.000000 8.100000
v -8.000000 4.000000 8.100000
v -8.000000 0.000000 7.900000
v -8.000000 4.000000 7.900000
v -2.000000 0.000000 8.100000
v -2.000000 4.000000 8.100000
v -2.000000 0.000000 7.900000
v -2.000000 4.000000 7.900000
vn -1.0000 -0.0000 -0.0000
vn -0.0000 -0.0000 -1.0000
vn 1.0000 -0.0000 -0.0000
vn -0.0000 -0.0000 1.0000
vn -0.0000 -1.0000 -0.0000
vn -0.0000 1.0000 -0.0000
vt 0.375000 0.000000
vt 0.625000 0.000000
vt 0.625000 0.250000
vt 0.375000 0.250000
vt 0.625000 0.500000
vt 0.375000 0.500000
vt 0.625000 0.750000
vt 0.375000 0.750000
vt 0.625000 1.000000
vt 0.375000 1.000000
vt 0.125000 0.500000
vt 0.125000 0.750000
vt 0.875000 0.500000
vt 0.875000 0.750000
s 0
usemtl WhiteWall
f 13/19/8 14/20/8 16/21/8 15/22/8
f 15/22/9 16/21/9 20/23/9 19/24/9
f 19/24/10 20/23/10 18/25/10 17/26/10
f 17/26/11 18/25/11 14/27/11 13/28/11
f 15/29/12 19/24/12 17/26/12 13/30/12
f 20/23/13 16/31/13 14/32/13 18/25/13
o WallFrontR
v 2.000000 0.000000 8.100000
v 2.000000 4.000000 8.100000
v 2.000000 0.000000 7.900000
v 2.000000 4.000000 7.900000
v 8.000000 0.000000 8.100000
v 8.000000 4.000000 8.100000
v 8.000000 0.000000 7.900000
v 8.000000 4.000000 7.900000
vn -1.0000 -0.0000 -0.0000
vn -0.0000 -0.0000 -1.0000
vn 1.0000 -0.0000 -0.0000
vn -0.0000 -0.0000 1.0000
vn -0.0000 -1.0000 -0.0000
vn -0.0000 1.0000 -0.0000
vt 0.375000 0.000000
vt 0.625000 0.000000
vt 0.625000 0.250000
vt 0.375000 0.250000
vt 0.625000 0.500000
vt 0.375000 0.500000
vt 0.625000 0.750000
vt 0.375000 0.750000
vt 0.625000 1.000000
vt 0.375000 1.000000
vt 0.125000 0.500000
vt 0.125000 0.750000
vt 0.875000 0.500000
vt 0.875000 0.750000
s 0
usemtl WhiteWall
f 21/33/14 22/34/14 24/35/14 23/36/14
f 23/36/15 24/35/15 28/37/15 27/38/15
f 27/38/16 28/37/16 26/39/16 25/40/16
f 25/40/17 26/39/17 22/41/17 21/42/17
f 23/43/18 27/38/18 25/40/18 21/44/18
f 28/37/19 24/45/19 22/46/19 26/39/19
o WallLeft
v -8.100000 0.000000 8.000000
v -8.100000 4.000000 8.000000
v -8.100000 0.000000 -8.000000
v -8.100000 4.000000 -8.000000
v -7.900000 0.000000 8.000000
v -7.900000 4.000000 8.000000
v -7.900000 0.000000 -8.000000
v -7.900000 4.000000 -8.000000
vn -1.0000 -0.0000 -0.0000
vn -0.0000 -0.0000 -1.0000
vn 1.0000 -0.0000 -0.0000
vn -0.0000 -0.0000 1.0000
vn -0.0000 -1.0000 -0.0000
vn -0.0000 1.0000 -0.0000
vt 0.375000 0.000000
vt 0.625000 0.000000
vt 0.625000 0.250000
vt 0.375000 0.250000
vt 0.625000 0.500000
vt 0.375000 0.500000
vt 0.625000 0.750000
vt 0.375000 0.750000
vt 0.625000 1.000000
vt 0.375000 1.000000
vt 0.125000 0.500000
vt 0.125000 0.750000
vt 0.875000 0.500000
vt 0.875000 0.750000
s 0
usemtl WhiteWall
f 29/47/20 30/48/20 32/49/20 31/50/20
f 31/50/21 32/49/21 36/51/21 35/52/21
f 35/52/22 36/51/22 34/53/22 33/54/22
f 33/54/23 34/53/23 30/55/23 29/56/23
f 31/57/24 35/52/24 33/54/24 29/58/24
f 36/51/25 32/59/25 30/60/25 34/53/25
o WallRight
v 7.900000 0.000000 8.000000
v 7.900000 4.000000 8.000000
v 7.900000 0.000000 -8.000000
v 7.900000 4.000000 -8.000000
v 8.100000 0.000000 8.000000
v 8.100000 4.000000 8.000000
v 8.100000 0.000000 -8.000000
v 8.100000 4.000000 -8.000000
vn -1.0000 -0.0000 -0.0000
vn -0.0000 -0.0000 -1.0000
vn 1.0000 -0.0000 -0.0000
vn -0.0000 -0.0000 1.0000
vn -0.0000 -1.0000 -0.0000
vn -0.0000 1.0000 -0.0000
vt 0.375000 0.000000
vt 0.625000 0.000000
vt 0.625000 0.250000
vt 0.375000 0.250000
vt 0.625000 0.500000
vt 0.375000 0.500000
vt 0.625000 0.750000
vt 0.375000 0.750000
vt 0.625000 1.000000
vt 0.375000 1.000000
vt 0.125000 0.500000
vt 0.125000 0.750000
vt 0.875000 0.500000
vt 0.875000 0.750000
s 0
usemtl WhiteWall
f 37/61/26 38/62/26 40/63/26 39/64/26
f 39/64/27 40/63/27 44/65/27 43/66/27
f 43/66/28 44/65/28 42/67/28 41/68/28
f 41/68/29 42/67/29 38/69/29 37/70/29
f 39/71/30 43/66/30 41/68/30 37/72/30
f 44/65/31 40/73/31 38/74/31 42/67/31
o ShelfBase_0_0
v -5.250000 0.000000 3.300000
v -5.250000 0.200000 3.300000
v -5.250000 0.000000 2.700000
v -5.250000 0.200000 2.700000
v -3.750000 0.000000 3.300000
v -3.750000 0.200000 3.300000
v -3.750000 0.000000 2.700000
v -3.750000 0.200000 2.700000
vn -1.0000 -0.0000 -0.0000
vn -0.0000 -0.0000 -1.0000
vn 1.0000 -0.0000 -0.0000
vn -0.0000 -0.0000 1.0000
vn -0.0000 -1.0000 -0.0000
vn -0.0000 1.0000 -0.0000
vt 0.375000 0.000000
vt 0.625000 0.000000
vt 0.625000 0.250000
vt 0.375000 0.250000
vt 0.625000 0.500000
vt 0.375000 0.500000
vt 0.625000 0.750000
vt 0.375000 0.750000
vt 0.625000 1.000000
vt 0.375000 1.000000
vt 0.125000 0.500000
vt 0.125000 0.750000
vt 0.875000 0.500000
vt 0.875000 0.750000
s 0
usemtl ShelfMetal
f 45/75/32 46/76/32 48/77/32 47/78/32
f 47/78/33 48/77/33 52/79/33 51/80/33
f 51/80/34 52/79/34 50/81/34 49/82/34
f 49/82/35 50/81/35 46/83/35 45/84/35
f 47/85/36 51/80/36 49/82/36 45/86/36
f 52/79/37 48/87/37 46/88/37 50/81/37
o Shelf_0_0_0
v -5.250000 0.375000 3.300000
v -5.250000 0.425000 3.300000
v -5.250000 0.375000 2.700000
v -5.250000 0.425000 2.700000
v -3.750000 0.375000 3.300000
v -3.750000 0.425000 3.300000
v -3.750000 0.375000 2.700000
v -3.750000 0.425000 2.700000
vn -1.0000 -0.0000 -0.0000
vn -0.0000 -0.0000 -1.0000
vn 1.0000 -0.0000 -0.0000
vn -0.0000 -0.0000 1.0000
vn -0.0000 -1.0000 -0.0000
vn -0.0000 1.0000 -0.0000
vt 0.375000 0.000000
vt 0.625000 0.000000
vt 0.625000 0.250000
vt 0.375000 0.250000
vt 0.625000 0.500000
vt 0.375000 0.500000
vt 0.625000 0.750000
vt 0.375000 0.750000
vt 0.625000 1.000000
vt 0.375000 1.000000
vt 0.125000 0.500000
vt 0.125000 0.750000
vt 0.875000 0.500000
vt 0.875000 0.750000
s 0
usemtl ShelfMetal
f 53/89/38 54/90/38 56/91/38 55/92/38
f 55/92/39 56/91/39 60/93/39 59/94/39
f 59/94/40 60/93/40 58/95/40 57/96/40
f 57/96/41 58/95/41 54/97/41 53/98/41
f 55/99/42 59/94/42 57/96/42 53/100/42
f 60/93/43 56/101/43 54/102/43 58/95/43
o Shelf_0_0_1
v -5.250000 0.975000 3.300000
v -5.250000 1.025000 3.300000
v -5.250000 0.975000 2.700000
v -5.250000 1.025000 2.700000
v -3.750000 0.975000 3.300000
v -3.750000 1.025000 3.300000
v -3.750000 0.975000 2.700000
v -3.750000 1.025000 2.700000
vn -1.0000 -0.0000 -0.0000
vn -0.0000 -0.0000 -1.0000
vn 1.0000 -0.0000 -0.0000
vn -0.0000 -0.0000 1.0000
vn -0.0000 -1.0000 -0.0000
vn -0.0000 1.0000 -0.0000
vt 0.375000 0.000000
vt 0.625000 0.000000
vt 0.625000 0.250000
vt 0.375000 0.250000
vt 0.625000 0.500000
vt 0.375000 0.500000
vt 0.625000 0.750000
vt 0.375000 0.750000
vt 0.625000 1.000000
vt 0.375000 1.000000
vt 0.125000 0.500000
vt 0.125000 0.750000
vt 0.875000 0.500000
vt 0.875000 0.750000
s 0
usemtl ShelfMetal
f 61/103/44 62/104/44 64/105/44 63/106/44
f 63/106/45 64/105/45 68/107/45 67/108/45
f 67/108/46 68/107/46 66/109/46 65/110/46
f 65/110/47 66/109/47 62/111/47 61/112/47
f 63/113/48 67/108/48 65/110/48 61/114/48
f 68/107/49 64/115/49 62/116/49 66/109/49
o Shelf_0_0_2
v -5.250000 1.575000 3.300000
v -5.250000 1.625000 3.300000
v -5.250000 1.575000 2.700000
v -5.250000 1.625000 2.700000
v -3.750000 1.575000 3.300000
v -3.750000 1.625000 3.300000
v -3.750000 1.575000 2.700000
v -3.750000 1.625000 2.700000
vn -1.0000 -0.0000 -0.0000
vn -0.0000 -0.0000 -1.0000
vn 1.0000 -0.0000 -0.0000
vn -0.0000 -0.0000 1.0000
vn -0.0000 -1.0000 -0.0000
vn -0.0000 1.0000 -0.0000
vt 0.375000 0.000000
vt 0.625000 0.000000
vt 0.625000 0.250000
vt 0.375000 0.250000
vt 0.625000 0.500000
vt 0.375000 0.500000
vt 0.625000 0.750000
vt 0.375000 0.750000
vt 0.625000 1.000000
vt 0.375000 1.000000
vt 0.125000 0.500000
vt 0.125000 0.750000
vt 0.875000 0.500000
vt 0.875000 0.750000
s 0
usemtl ShelfMetal
f 69/117/50 70/118/50 72/119/50 71/120/50
f 71/120/51 72/119/51 76/121/51 75/122/51
f 75/122/52 76/121/52 74/123/52 73/124/52
f 73/124/53 74/123/53 70/125/53 69/126/53
f 71/127/54 75/122/54 73/124/54 69/128/54
f 76/121/55 72/129/55 70/130/55 74/123/55
o Shelf_0_0_3
v -5.250000 2.175000 3.300000
v -5.250000 2.225000 3.300000
v -5.250000 2.175000 2.700000
v -5.250000 2.225000 2.700000
v -3.750000 2.175000 3.300000
v -3.750000 2.225000 3.300000
v -3.750000 2.175000 2.700000
v -3.750000 2.225000 2.700000
vn -1.0000 -0.0000 -0.0000
vn -0.0000 -0.0000 -1.0000
vn 1.0000 -0.0000 -0.0000
vn -0.0000 -0.0000 1.0000
vn -0.0000 -1.0000 -0.0000
vn -0.0000 1.0000 -0.0000
vt 0.375000 0.000000
vt 0.625000 0.000000
vt 0.625000 0.250000
vt 0.375000 0.250000
vt 0.625000 0.500000
vt 0.375000 0.500000
vt 0.625000 0.750000
vt 0.375000 0.750000
vt 0.625000 1.000000
vt 0.375000 1.000000
vt 0.125000 0.500000
vt 0.125000 0.750000
vt 0.875000 0.500000
vt 0.875000 0.750000
s 0
usemtl ShelfMetal
f 77/131/56 78/132/56 80/133/56 79/134/56
f 79/134/57 80/133/57 84/135/57 83/136/57
f 83/136/58 84/135/58 82/137/58 81/138/58
f 81/138/59 82/137/59 78/139/59 77/140/59
f 79/141/60 83/136/60 81/138/60 77/142/60
f 84/135/61 80/143/61 78/144/61 82/137/61
o ShelfBack_0_0
v -5.250000 0.500000 2.725000
v -5.250000 2.500000 2.725000
v -5.250000 0.500000 2.675000
v -5.250000 2.500000 2.675000
v -3.750000 0.500000 2.725000
v -3.750000 2.500000 2.725000
v -3.750000 0.500000 2.675000
v -3.750000 2.500000 2.675000
vn -1.0000 -0.0000 -0.0000
vn -0.0000 -0.0000 -1.0000
vn 1.0000 -0.0000 -0.0000
vn -0.0000 -0.0000 1.0000
vn -0.0000 -1.0000 -0.0000
vn -0.0000 1.0000 -0.0000
vt 0.375000 0.000000
vt 0.625000 0.000000
vt 0.625000 0.250000
vt 0.375000 0.250000
vt 0.625000 0.500000
vt 0.375000 0.500000
vt 0.625000 0.750000
vt 0.375000 0.750000
vt 0.625000 1.000000
vt 0.375000 1.000000
vt 0.125000 0.500000
vt 0.125000 0.750000
vt 0.875000 0.500000
vt 0.875000 0.750000
s 0
usemtl ShelfMetal
f 85/145/62 86/146/62 88/147/62 87/148/62
f 87/148/63 88/147/63 92/149/63 91/150/63
f 91/150/64 92/149/64 90/151/64 89/152/64
f 89/152/65 90/151/65 86/153/65 85/154/65
f 87/155/66 91/150/66 89/152/66 85/156/66
f 92/149/67 88/157/67 86/158/67 90/151/67
o Product_0_0_0_0
v -5.100000 0.425000 3.100000
v -5.100000 0.575000 3.100000
v -5.100000 0.425000 2.900000
v -5.100000 0.575000 2.900000
v -4.900000 0.425000 3.100000
v -4.900000 0.575000 3.100000
v -4.900000 0.425000 2.900000
v -4.900000 0.575000 2.900000
vn -1.0000 -0.0000 -0.0000
vn -0.0000 -0.0000 -1.0000
vn 1.0000 -0.0000 -0.0000
vn -0.0000 -0.0000 1.0000
vn -0.0000 -1.0000 -0.0000
vn -0.0000 1.0000 -0.0000
vt 0.375000 0.000000
vt 0.625000 0.000000
vt 0.625000 0.250000
vt 0.375000 0.250000
vt 0.625000 0.500000
vt 0.375000 0.500000
vt 0.625000 0.750000
vt 0.375000 0.750000
vt 0.625000 1.000000
vt 0.375000 1.000000
vt 0.125000 0.500000
vt 0.125000 0.750000
vt 0.875000 0.500000
vt 0.875000 0.750000
s 0
usemtl Prod_0_0_0_0
f 93/159/68 94/160/68 96/161/68 95/162/68
f 95/162/69 96/161/69 100/163/69 99/164/69
f 99/164/70 100/163/70 98/165/70 97/166/70
f 97/166/71 98/165/71 94/167/71 93/168/71
f 95/169/72 99/164/72 97/166/72 93/170/72
f 100/163/73 96/171/73 94/172/73 98/165/73
o Product_0_0_0_1
v -4.800000 0.425000 3.100000
v -4.800000 0.575000 3.100000
v -4.800000 0.425000 2.900000
v -4.800000 0.575000 2.900000
v -4.600000 0.425000 3.100000
v -4.600000 0.575000 3.100000
v -4.600000 0.425000 2.900000
v -4.600000 0.575000 2.900000
vn -1.0000 -0.0000 -0.0000
vn -0.0000 -0.0000 -1.0000
vn 1.0000 -0.0000 -0.0000
vn -0.0000 -0.0000 1.0000
vn -0.0000 -1.0000 -0.0000
vn -0.0000 1.0000 -0.0000
vt 0.375000 0.000000
vt 0.625000 0.000000
vt 0.625000 0.250000
vt 0.375000 0.250000
vt 0.625000 0.500000
vt 0.375000 0.500000
vt 0.625000 0.750000
vt 0.375000 0.750000
vt 0.625000 1.000000
vt 0.375000 1.000000
vt 0.125000 0.500000
vt 0.125000 0.750000
vt 0.875000 0.500000
vt 0.875000 0.750000
s 0
usemtl Prod_0_0_0_1
f 101/173/74 102/174/74 104/175/74 103/176/74
f 103/176/75 104/175/75 108/177/75 107/178/75
f 107/178/76 108/177/76 106/179/76 105/180/76
f 105/180/77 106/179/77 102/181/77 101/182/77
f 103/183/78 107/178/78 105/180/78 101/184/78
f 108/177/79 104/185/79 102/186/79 106/179/79
o Product_0_0_0_2
v -4.500000 0.425000 3.100000
v -4.500000 0.575000 3.100000
v -4.500000 0.425000 2.900000
v -4.500000 0.575000 2.900000
v -4.300000 0.425000 3.100000
v -4.300000 0.575000 3.100000
v -4.300000 0.425000 2.900000
v -4.300000 0.575000 2.900000
vn -1.0000 -0.0000 -0.0000
vn -0.0000 -0.0000 -1.0000
vn 1.0000 -0.0000 -0.0000
vn -0.0000 -0.0000 1.0000
vn -0.0000 -1.0000 -0.0000
vn -0.0000 1.0000 -0.0000
vt 0.375000 0.000000
vt 0.625000 0.000000
vt 0.625000 0.250000
vt 0.375000 0.250000
vt 0.625000 0.500000
vt 0.375000 0.500000
vt 0.625000 0.750000
vt 0.375000 0.750000
vt 0.625000 1.000000
vt 0.375000 1.000000
vt 0.125000 0.500000
vt 0.125000 0.750000
vt 0.875000 0.500000
vt 0.875000 0.750000
s 0
usemtl Prod_0_0_0_2
f 109/187/80 110/188/80 112/189/80 111/190/80
f 111/190/81 112/189/81 116/191/81 115/192/81
f 115/192/82 116/191/82 114/193/82 113/194/82
f 113/194/83 114/193/83 110/195/83 109/196/83
f 111/197/84 115/192/84 113/194/84 109/198/84
f 116/191/85 112/199/85 110/200/85 114/193/85
o Product_0_0_0_3
v -4.200000 0.425000 3.100000
v -4.200000 0.575000 3.100000
v -4.200000 0.425000 2.900000
v -4.200000 0.575000 2.900000
v -4.000000 0.425000 3.100000
v -4.000000 0.575000 3.100000
v -4.000000 0.425000 2.900000
v -4.000000 0.575000 2.900000
vn -1.0000 -0.0000 -0.0000
vn -0.0000 -0.0000 -1.0000
vn 1.0000 -0.0000 -0.0000
vn -0.0000 -0.0000 1.0000
vn -0.0000 -1.0000 -0.0000
vn -0.0000 1.0000 -0.0000
vt 0.375000 0.000000
vt 0.625000 0.000000
vt 0.625000 0.250000
vt 0.375000 0.250000
vt 0.625000 0.500000
vt 0.375000 0.500000
vt 0.625000 0.750000
vt 0.375000 0.750000
vt 0.625000 1.000000
vt 0.375000 1.000000
vt 0.125000 0.500000
vt 0.125000 0.750000
vt 0.875000 0.500000
vt 0.875000 0.750000
s 0
usemtl Prod_0_0_0_3
f 117/201/86 118/202/86 120/203/86 119/204/86
f 119/204/87 120/203/87 124/205/87 123/206/87
f 123/206/88 124/205/88 122/207/88 121/208/88
f 121/208/89 122/207/89 118/209/89 117/210/89
f 119/211/90 123/206/90 121/208/90 117/212/90
f 124/205/91 120/213/91 118/214/91 122/207/91
o Product_0_0_1_0
v -5.100000 1.025000 3.100000
v -5.100000 1.175000 3.100000
v -5.100000 1.025000 2.900000
v -5.100000 1.175000 2.900000
v -4.900000 1.025000 3.100000
v -4.900000 1.175000 3.100000
v -4.900000 1.025000 2.900000
v -4.900000 1.175000 2.900000
vn -1.0000 -0.0000 -0.0000
vn -0.0000 -0.0000 -1.0000
vn 1.0000 -0.0000 -0.0000
vn -0.0000 -0.0000 1.0000
vn -0.0000 -1.0000 -0.0000
vn -0.0000 1.0000 -0.0000
vt 0.375000 0.000000
vt 0.625000 0.000000
vt 0.625000 0.250000
vt 0.375000 0.250000
vt 0.625000 0.500000
vt 0.375000 0.500000
vt 0.625000 0.750000
vt 0.375000 0.750000
vt 0.625000 1.000000
vt 0.375000 1.000000
vt 0.125000 0.500000
vt 0.125000 0.750000
vt 0.875000 0.500000
vt 0.875000 0.750000
s 0
usemtl Prod_0_0_1_0
f 125/215/92 126/216/92 128/217/92 127/218/92
f 127/218/93 128/217/93 132/219/93 131/220/93
f 131/220/94 132/219/94 130/221/94 129/222/94
f 129/222/95 130/221/95 126/223/95 125/224/95
f 127/225/96 131/220/96 129/222/96 125/226/96
f 132/219/97 128/227/97 126/228/97 130/221/97
o Product_0_0_1_1
v -4.800000 1.025000 3.100000
v -4.800000 1.175000 3.100000
v -4.800000 1.025000 2.900000
v -4.800000 1.175000 2.900000
v -4.600000 1.025000 3.100000
v -4.600000 1.175000 3.100000
v -4.600000 1.025000 2.900000
v -4.600000 1.175000 2.900000
vn -1.0000 -0.0000 -0.0000
vn -0.0000 -0.0000 -1.0000
vn 1.0000 -0.0000 -0.0000
vn -0.0000 -0.0000 1.0000
vn -0.0000 -1.0000 -0.0000
vn -0.0000 1.0000 -0.0000
vt 0.375000 0.000000
vt 0.625000 0.000000
vt 0.625000 0.250000
vt 0.375000 0.250000
vt 0.625000 0.500000
vt 0.375000 0.500000
vt 0.625000 0.750000
vt 0.375000 0.750000
vt 0.625000 1.000000
vt 0.375000 1.000000
vt 0.125000 0.500000
vt 0.125000 0.750000
vt 0.875000 0.500000
vt 0.875000 0.750000
s 0
usemtl Prod_0_0_1_1
f 133/229/98 134/230/98 136/231/98 135/232/98
f 135/232/99 136/231/99 140/233/99 139/234/99
f 139/234/100 140/233/100 138/235/100 137/236/100
f 137/236/101 138/235/101 134/237/101 133/238/101
f 135/239/102 139/234/102 137/236/102 133/240/102
f 140/233/103 136/241/103 134/242/103 138/235/103
o Product_0_0_1_2
v -4.500000 1.025000 3.100000
v -4.500000 1.175000 3.100000
v -4.500000 1.025000 2.900000
v -4.500000 1.175000 2.900000
v -4.300000 1.025000 3.100000
v -4.300000 1.175000 3.100000
v -4.300000 1.025000 2.900000
v -4.300000 1.175000 2.900000
vn -1.0000 -0.0000 -0.0000
vn -0.0000 -0.0000 -1.0000
vn 1.0000 -0.0000 -0.0000
vn -0.0000 -0.0000 1.0000
vn -0.0000 -1.0000 -0.0000
vn -0.0000 1.0000 -0.0000
vt 0.375000 0.000000
vt 0.625000 0.000000
vt 0.625000 0.250000
vt 0.375000 0.250000
vt 0.625000 0.500000
vt 0.375000 0.500000
vt 0.625000 0.750000
vt 0.375000 0.750000
vt 0.625000 1.000000
vt 0.375000 1.000000
vt 0.125000 0.500000
vt 0.125000 0.750000
vt 0.875000 0.500000
vt 0.875000 0.750000
s 0
usemtl Prod_0_0_1_2
f 141/243/104 142/244/104 144/245/104 143/246/104
f 143/246/105 144/245/105 148/247/105 147/248/105
f 147/248/106 148/247/106 146/249/106 145/250/106
f 145/250/107 146/249/107 142/251/107 141/252/107
f 143/253/108 147/248/108 145/250/108 141/254/108
f 148/247/109 144/255/109 142/256/109 146/249/109
o Product_0_0_1_3
v -4.200000 1.025000 3.100000
v -4.200000 1.175000 3.100000
v -4.200000 1.025000 2.900000
v -4.200000 1.175000 2.900000
v -4.000000 1.025000 3.100000
v -4.000000 1.175000 3.100000
v -4.000000 1.025000 2.900000
v -4.000000 1.175000 2.900000
vn -1.0000 -0.0000 -0.0000
vn -0.0000 -0.0000 -1.0000
vn 1.0000 -0.0000 -0.0000
vn -0.0000 -0.0000 1.0000
vn -0.0000 -1.0000 -0.0000
vn -0.0000 1.0000 -0.0000
vt 0.375000 0.000000
vt 0.625000 0.000000
vt 0.625000 0.250000
vt 0.375000 0.250000
vt 0.625000 0.500000
vt 0.375000 0.500000
vt 0.625000 0.750000
vt 0.375000 0.750000
vt 0.625000 1.000000
vt 0.375000 1.000000
vt 0.125000 0.500000
vt 0.125000 0.750000
vt 0.875000 0.500000
vt 0.875000 0.750000
s 0
usemtl Prod_0_0_1_3
f 149/257/110 150/258/110 152/259/110 151/260/110
f 151/260/111 152/259/111 156/261/111 155/262/111
f 155/262/112 156/261/112 154/263/112 153/264/112
f 153/264/113 154/263/113 150/265/113 149/266/113
f 151/267/114 155/262/114 153/264/114 149/268/114
f 156/261/115 152/269/115 150/270/115 154/263/115
o Product_0_0_2_0
v -5.100000 1.625000 3.100000
v -5.100000 1.775000 3.100000
v -5.100000 1.625000 2.900000
v -5.100000 1.775000 2.900000
v -4.900000 1.625000 3.100000
v -4.900000 1.775000 3.100000
v -4.900000 1.625000 2.900000
v -4.900000 1.775000 2.900000
vn -1.0000 -0.0000 -0.0000
vn -0.0000 -0.0000 -1.0000
vn 1.0000 -0.0000 -0.0000
vn -0.0000 -0.0000 1.0000
vn -0.0000 -1.0000 -0.0000
vn -0.0000 1.0000 -0.0000
vt 0.375000 0.000000
vt 0.625000 0.000000
vt 0.625000 0.250000
vt 0.375000 0.250000
vt 0.625000 0.500000
vt 0.375000 0.500000
vt 0.625000 0.750000
vt 0.375000 0.750000
vt 0.625000 1.000000
vt 0.375000 1.000000
vt 0.125000 0.500000
vt 0.125000 0.750000
vt 0.875000 0.500000
vt 0.875000 0.750000
s 0
usemtl Prod_0_0_2_0
f 157/271/116 158/272/116 160/273/116 159/274/116
f 159/274/117 160/273/117 164/275/117 163/276/117
f 163/276/118 164/275/118 162/277/118 161/278/118
f 161/278/119 162/277/119 158/279/119 157/280/119
f 159/281/120 163/276/120 161/278/120 157/282/120
f 164/275/121 160/283/121 158/284/121 162/277/121
o Product_0_0_2_1
v -4.800000 1.625000 3.100000
v -4.800000 1.775000 3.100000
v -4.800000 1.625000 2.900000
v -4.800000 1.775000 2.900000
v -4.600000 1.625000 3.100000
v -4.600000 1.775000 3.100000
v -4.600000 1.625000 2.900000
v -4.600000 1.775000 2.900000
vn -1.0000 -0.0000 -0.0000
vn -0.0000 -0.0000 -1.0000
vn 1.0000 -0.0000 -0.0000
vn -0.0000 -0.0000 1.0000
vn -0.0000 -1.0000 -0.0000
vn -0.0000 1.0000 -0.0000
vt 0.375000 0.000000
vt 0.625000 0.000000
vt 0.625000 0.250000
vt 0.375000 0.250000
vt 0.625000 0.500000
vt 0.375000 0.500000
vt 0.625000 0.750000
vt 0.375000 0.750000
vt 0.625000 1.000000
vt 0.375000 1.000000
vt 0.125000 0.500000
vt 0.125000 0.750000
vt 0.875000 0.500000
vt 0.875000 0.750000
s 0
usemtl Prod_0_0_2_1
f 165/285/122 166/286/122 168/287/122 167/288/122
f 167/288/123 168/287/123 172/289/123 171/290/123
f 171/290/124 172/289/124 170/291/124 169/292/124
f 169/292/125 170/291/125 166/293/125 165/294/125
f 167/295/126 171/290/126 169/292/126 165/296/126
f 172/289/127 168/297/127 166/298/127 170/291/127
o Product_0_0_2_2
v -4.500000 1.625000 3.100000
v -4.500000 1.775000 3.100000
v -4.500000 1.625000 2.900000
v -4.500000 1.775000 2.900000
v -4.300000 1.625000 3.100000
v -4.300000 1.775000 3.100000
v -4.300000 1.625000 2.900000
v -4.300000 1.775000 2.900000
vn -1.0000 -0.0000 -0.0000
vn -0.0000 -0.0000 -1.0000
vn 1.0000 -0.0000 -0.0000
vn -0.0000 -0.0000 1.0000
vn -0.0000 -1.0000 -0.0000
vn -0.0000 1.0000 -0.0000
vt 0.375000 0.000000
vt 0.625000 0.000000
vt 0.625000 0.250000
vt 0.375000 0.250000
vt 0.625000 0.500000
vt 0.375000 0.500000
vt 0.625000 0.750000
vt 0.375000 0.750000
vt 0.625000 1.000000
vt 0.375000 1.000000
vt 0.125000 0.500000
vt 0.125000 0.750000
vt 0.875000 0.500000
vt 0.875000 0.750000
s 0
usemtl Prod_0_0_2_2
f 173/299/128 174/300/128 176/301/128 175/302/128
f 175/302/129 176/301/129 180/303/129 179/304/129
f 179/304/130 180/303/130 178/305/130 177/306/130
f 177/306/131 178/305/131 174/307/131 173/308/131
f 175/309/132 179/304/132 177/306/132 173/310/132
f 180/303/133 176/311/133 174/312/133 178/305/133
o Product_0_0_2_3
v -4.200000 1.625000 3.100000
v -4.200000 1.775000 3.100000
v -4.200000 1.625000 2.900000
v -4.200000 1.775000 2.900000
v -4.000000 1.625000 3.100000
v -4.000000 1.775000 3.100000
v -4.000000 1.625000 2.900000
v -4.000000 1.775000 2.900000
vn -1.0000 -0.0000 -0.0000
vn -0.0000 -0.0000 -1.0000
vn 1.0000 -0.0000 -0.0000
vn -0.0000 -0.0000 1.0000
vn -0.0000 -1.0000 -0.0000
vn -0.0000 1.0000 -0.0000
vt 0.375000 0.000000
vt 0.625000 0.000000
vt 0.625000 0.250000
vt 0.375000 0.250000
vt 0.625000 0.500000
vt 0.375000 0.500000
vt 0.625000 0.750000
vt 0.375000 0.750000
vt 0.625000 1.000000
vt 0.375000 1.000000
vt 0.125000 0.500000
vt 0.125000 0.750000
vt 0.875000 0.500000
vt 0.875000 0.750000
s 0
usemtl Prod_0_0_2_3
f 181/313/134 182/314/134 184/315/134 183/316/134
f 183/316/135 184/315/135 188/317/135 187/318/135
f 187/318/136 188/317/136 186/319/136 185/320/136
f 185/320/137 186/319/137 182/321/137 181/322/137
f 183/323/138 187/318/138 185/320/138 181/324/138
f 188/317/139 184/325/139 182/326/139 186/319/139
o Product_0_0_3_0
v -5.100000 2.225000 3.100000
v -5.100000 2.375000 3.100000
v -5.100000 2.225000 2.900000
v -5.100000 2.375000 2.900000
v -4.900000 2.225000 3.100000
v -4.900000 2.375000 3.100000
v -4.900000 2.225000 2.900000
v -4.900000 2.375000 2.900000
vn -1.0000 -0.0000 -0.0000
vn -0.0000 -0.0000 -1.0000
vn 1.0000 -0.0000 -0.0000
vn -0.0000 -0.0000 1.0000
vn -0.0000 -1.0000 -0.0000
vn -0.0000 1.0000 -0.0000
vt 0.375000 0.000000
vt 0.625000 0.000000
vt 0.625000 0.250000
vt 0.375000 0.250000
vt 0.625000 0.500000
vt 0.375000 0.500000
vt 0.625000 0.750000
vt 0.375000 0.750000
vt 0.625000 1.000000
vt 0.375000 1.000000
vt 0.125000 0.500000
vt 0.125000 0.750000
vt 0.875000 0.500000
vt 0.875000 0.750000
s 0
usemtl Prod_0_0_3_0
f 189/327/140 190/328/140 192/329/140 191/330/140
f 191/330/141 192/329/141 196/331/141 195/332/141
f 195/332/142 196/331/142 194/333/142 193/334/142
f 193/334/143 194/333/143 190/335/143 189/336/143
f 191/337/144 195/332/144 193/334/144 189/338/144
f 196/331/145 192/339/145 190/340/145 194/333/145
o Product_0_0_3_1
v -4.800000 2.225000 3.100000
v -4.800000 2.375000 3.100000
v -4.800000 2.225000 2.900000
v -4.800000 2.375000 2.900000
v -4.600000 2.225000 3.100000
v -4.600000 2.375000 3.100000
v -4.600000 2.225000 2.900000
v -4.600000 2.375000 2.900000
vn -1.0000 -0.0000 -0.0000
vn -0.0000 -0.0000 -1.0000
vn 1.0000 -0.0000 -0.0000
vn -0.0000 -0.0000 1.0000
vn -0.0000 -1.0000 -0.0000
vn -0.0000 1.0000 -0.0000
vt 0.375000 0.000000
vt 0.625000 0.000000
vt 0.625000 0.250000
vt 0.375000 0.250000
vt 0.625000 0.500000
vt 0.375000 0.500000
vt 0.625000 0.750000
vt 0.375000 0.750000
vt 0.625000 1.000000
vt 0.375000 1.000000
vt 0.125000 0.500000
vt 0.125000 0.750000
vt 0.875000 0.500000
vt 0.875000 0.750000
s 0
usemtl Prod_0_0_3_1
f 197/341/146 198/342/146 200/343/146 199/344/146
f 199/344/147 200/343/147 204/345/147 203/346/147
f 203/346/148 204/345/148 202/347/148 201/348/148
f 201/348/149 202/347/149 198/349/149 197/350/149
f 199/351/150 203/346/150 201/348/150 197/352/150
f 204/345/151 200/353/151 198/354/151 202/347/151
o Product_0_0_3_2
v -4.500000 2.225000 3.100000
v -4.500000 2.375000 3.100000
v -4.500000 2.225000 2.900000
v -4.500000 2.375000 2.900000
v -4.300000 2.225000 3.100000
v -4.300000 2.375000 3.100000
v -4.300000 2.225000 2.900000
v -4.300000 2.375000 2.900000
vn -1.0000 -0.0000 -0.0000
vn -0.0000 -0.0000 -1.0000
vn 1.0000 -0.0000 -0.0000
vn -0.0000 -0.0000 1.0000
vn -0.0000 -1.0000 -0.0000
vn -0.0000 1.0000 -0.0000
vt 0.375000 0.000000
vt 0.625000 0.000000
vt 0.625000 0.250000
vt 0.375000 0.250000
vt 0.625000 0.500000
vt 0.375000 0.500000
vt 0.625000 0.750000
vt 0.375000 0.750000
vt 0.625000 1.000000
vt 0.375000 1.000000
vt 0.125000 0.500000
vt 0.125000 0.750000
vt 0.875000 0.500000
vt 0.875000 0.750000
s 0
usemtl Prod_0_0_3_2
f 205/355/152 206/356/152 208/357/152 207/358/152
f 207/358/153 208/357/153 212/359/153 211/360/153
f 211/360/154 212/359/154 210/361/154 209/362/154
f 209/362/155 210/361/155 206/363/155 205/364/155
f 207/365/156 211/360/156 209/362/156 205/366/156
f 212/359/157 208/367/157 206/368/157 210/361/157
o Product_0_0_3_3
v -4.200000 2.225000 3.100000
v -4.200000 2.375000 3.100000
v -4.200000 2.225000 2.900000
v -4.200000 2.375000 2.900000
v -4.000000 2.225000 3.100000
v -4.000000 2.375000 3.100000
v -4.000000 2.225000 2.900000
v -4.000000 2.375000 2.900000
vn -1.0000 -0.0000 -0.0000
vn -0.0000 -0.0000 -1.0000
vn 1.0000 -0.0000 -0.0000
vn -0.0000 -0.0000 1.0000
vn -0.0000 -1.0000 -0.0000
vn -0.0000 1.0000 -0.0000
vt 0.375000 0.000000
vt 0.625000 0.000000
vt 0.625000 0.250000
vt 0.375000 0.250000
vt 0.625000 0.500000
vt 0.375000 0.500000
vt 0.625000 0.750000
vt 0.375000 0.750000
vt 0.625000 1.000000
vt 0.375000 1.000000
vt 0.125000 0.500000
vt 0.125000 0.750000
vt 0.875000 0.500000
vt 0.875000 0.750000
s 0
usemtl Prod_0_0_3_3
f 213/369/158 214/370/158 216/371/158 215/372/158
f 215/372/159 216/371/159 220/373/159 219/374/159
f 219/374/160 220/373/160 218/375/160 217/376/160
f 217/376/161 218/375/161 214/377/161 213/378/161
f 215/379/162 219/374/162 217/376/162 213/380/162
f 220/373/163 216/381/163 214/382/163 218/375/163
o ShelfBase_0_1
v -2.250000 0.000000 3.300000
v -2.250000 0.200000 3.300000
v -2.250000 0.000000 2.700000
v -2.250000 0.200000 2.700000
v -0.750000 0.000000 3.300000
v -0.750000 0.200000 3.300000
v -0.750000 0.000000 2.700000
v -0.750000 0.200000 2.700000
vn -1.0000 -0.0000 -0.0000
vn -0.0000 -0.0000 -1.0000
vn 1.0000 -0.0000 -0.0000
vn -0.0000 -0.0000 1.0000
vn -0.0000 -1.0000 -0.0000
vn -0.0000 1.0000 -0.0000
vt 0.375000 0.000000
vt 0.625000 0.000000
vt 0.625000 0.250000
vt 0.375000 0.250000
vt 0.625000 0.500000
vt 0.375000 0.500000
vt 0.625000 0.750000
vt 0.375000 0.750000
vt 0.625000 1.000000
vt 0.375000 1.000000
vt 0.125000 0.500000
vt 0.125000 0.750000
vt 0.875000 0.500000
vt 0.875000 0.750000
s 0
usemtl ShelfMetal
f 221/383/164 222/384/164 224/385/164 223/386/164
f 223/386/165 224/385/165 228/387/165 227/388/165
f 227/388/166 228/387/166 226/389/166 225/390/166
f 225/390/167 226/389/167 222/391/167 221/392/167
f 223/393/168 227/388/168 225/390/168 221/394/168
f 228/387/169 224/395/169 222/396/169 226/389/169
o Shelf_0_1_0
v -2.250000 0.375000 3.300000
v -2.250000 0.425000 3.300000
v -2.250000 0.375000 2.700000
v -2.250000 0.425000 2.700000
v -0.750000 0.375000 3.300000
v -0.750000 0.425000 3.300000
v -0.750000 0.375000 2.700000
v -0.750000 0.425000 2.700000
vn -1.0000 -0.0000 -0.0000
vn -0.0000 -0.0000 -1.0000
vn 1.0000 -0.0000 -0.0000
vn -0.0000 -0.0000 1.0000
vn -0.0000 -1.0000 -0.0000
vn -0.0000 1.0000 -0.0000
vt 0.375000 0.000000
vt 0.625000 0.000000
vt 0.625000 0.250000
vt 0.375000 0.250000
vt 0.625000 0.500000
vt 0.375000 0.500000
vt 0.625000 0.750000
vt 0.375000 0.750000
vt 0.625000 1.000000
vt 0.375000 1.000000
vt 0.125000 0.500000
vt 0.125000 0.750000
vt 0.875000 0.500000
vt 0.875000 0.750000
s 0
usemtl ShelfMetal
f 229/397/170 230/398/170 232/399/170 231/400/170
f 231/400/171 232/399/171 236/401/171 235/402/171
f 235/402/172 236/401/172 234/403/172 233/404/172
f 233/404/173 234/403/173 230/405/173 229/406/173
f 231/407/174 235/402/174 233/404/174 229/408/174
f 236/401/175 232/409/175 230/410/175 234/403/175
o Shelf_0_1_1
v -2.250000 0.975000 3.300000
v -2.250000 1.025000 3.300000
v -2.250000 0.975000 2.700000
v -2.250000 1.025000 2.700000
v -0.750000 0.975000 3.300000
v -0.750000 1.025000 3.300000
v -0.750000 0.975000 2.700000
v -0.750000 1.025000 2.700000
vn -1.0000 -0.0000 -0.0000
vn -0.0000 -0.0000 -1.0000
vn 1.0000 -0.0000 -0.0000
vn -0.0000 -0.0000 1.0000
vn -0.0000 -1.0000 -0.0000
vn -0.0000 1.0000 -0.0000
vt 0.375000 0.000000
vt 0.625000 0.000000
vt 0.625000 0.250000
vt 0.375000 0.250000
vt 0.625000 0.500000
vt 0.375000 0.500000
vt 0.625000 0.750000
vt 0.375000 0.750000
vt 0.625000 1.000000
vt 0.375000 1.000000
vt 0.125000 0.500000
vt 0.125000 0.750000
vt 0.875000 0.500000
vt 0.875000 0.750000
s 0
usemtl ShelfMetal
f 237/411/176 238/412/176 240/413/176 239/414/176
f 239/414/177 240/413/177 244/415/177 243/416/177
f 243/416/178 244/415/178 242/417/178 241/418/178
f 241/418/179 242/417/179 238/419/179 237/420/179
f 239/421/180 243/416/180 241/418/180 237/422/180
f 244/415/181 240/423/181 238/424/181 242/417/181
o Shelf_0_1_2
v -2.250000 1.575000 3.300000
v -2.250000 1.625000 3.300000
v -2.250000 1.575000 2.700000
v -2.250000 1.625000 2.700000
v -0.750000 1.575000 3.300000
v -0.750000 1.625000 3.300000
v -0.750000 1.575000 2.700000
v -0.750000 1.625000 2.700000
vn -1.0000 -0.0000 -0.0000
vn -0.0000 -0.0000 -1.0000
vn 1.0000 -0.0000 -0.0000
vn -0.0000 -0.0000 1.0000
vn -0.0000 -1.0000 -0.0000
vn -0.0000 1.0000 -0.0000
vt 0.375000 0.000000
vt 0.625000 0.000000
vt 0.625000 0.250000
vt 0.375000 0.250000
vt 0.625000 0.500000
vt 0.375000 0.500000
vt 0.625000 0.750000
vt 0.375000 0.750000
vt 0.625000 1.000000
vt 0.375000 1.000000
vt 0.125000 0.500000
vt 0.125000 0.750000
vt 0.875000 0.500000
vt 0.875000 0.750000
s 0
usemtl ShelfMetal
f 245/425/182 246/426/182 248/427/182 247/428/182
f 247/428/183 248/427/183 252/429/183 251/430/183
f 251/430/184 252/429/184 250/431/184 249/432/184
f 249/432/185 250/431/185 246/433/185 245/434/185
f 247/435/186 251/430/186 249/432/186 245/436/186
f 252/429/187 248/437/187 246/438/187 250/431/187
o Shelf_0_1_3
v -2.250000 2.175000 3.300000
v -2.250000 2.225000 3.300000
v -2.250000 2.175000 2.700000
v -2.250000 2.225000 2.700000
v -0.750000 2.175000 3.300000
v -0.750000 2.225000 3.300000
v -0.750000 2.175000 2.700000
v -0.750000 2.225000 2.700000
vn -1.0000 -0.0000 -0.0000
vn -0.0000 -0.0000 -1.0000
vn 1.0000 -0.0000 -0.0000
vn -0.0000 -0.0000 1.0000
vn -0.0000 -1.0000 -0.0000
vn -0.0000 1.0000 -0.0000
vt 0.375000 0.000000
vt 0.625000 0.000000
vt 0.625000 0.250000
vt 0.375000 0.250000
vt 0.625000 0.500000
vt 0.375000 0.500000
vt 0.625000 0.750000
vt 0.375000 0.750000
vt 0.625000 1.000000
vt 0.375000 1.000000
vt 0.125000 0.500000
vt 0.125000 0.750000
vt 0.875000 0.500000
vt 0.875000 0.750000
s 0
usemtl ShelfMetal
f 253/439/188 254/440/188 256/441/188 255/442/188
f 255/442/189 256/441/189 260/443/189 259/444/189
f 259/444/190 260/443/190 258/445/190 257/446/190
f 257/446/191 258/445/191 254/447/191 253/448/191
f 255/449/192 259/444/192 257/446/192 253/450/192
f 260/443/193 256/451/193 254/452/193 258/445/193
o ShelfBack_0_1
v -2.250000 0.500000 2.725000
v -2.250000 2.500000 2.725000
v -2.250000 0.500000 2.675000
v -2.250000 2.500000 2.675000
v -0.750000 0.500000 2.725000
v -0.750000 2.500000 2.725000
v -0.750000 0.500000 2.675000
v -0.750000 2.500000 2.675000
vn -1.0000 -0.0000 -0.0000
vn -0.0000 -0.0000 -1.0000
vn 1.0000 -0.0000 -0.0000
vn -0.0000 -0.0000 1.0000
vn -0.0000 -1.0000 -0.0000
vn -0.0000 1.0000 -0.0000
vt 0.375000 0.000000
vt 0.625000 0.000000
vt 0.625000 0.250000
vt 0.375000 0.250000
vt 0.625000 0.500000
vt 0.375000 0.500000
vt 0.625000 0.750000
vt 0.375000 0.750000
vt 0.625000 1.000000
vt 0.375000 1.000000
vt 0.125000 0.500000
vt 0.125000 0.750000
vt 0.875000 0.500000
vt 0.875000 0.750000
s 0
usemtl ShelfMetal
f 261/453/194 262/454/194 264/455/194 263/456/194
f 263/456/195 264/455/195 268/457/195 267/458/195
f 267/458/196 268/457/196 266/459/196 265/460/196
f 265/460/197 266/459/197 262/461/197 261/462/197
f 263/463/198 267/458/198 265/460/198 261/464/198
f 268/457/199 264/465/199 262/466/199 266/459/199
o Product_0_1_0_0
v -2.100000 0.425000 3.100000
v -2.100000 0.575000 3.100000
v -2.100000 0.425000 2.900000
v -2.100000 0.575000 2.900000
v -1.900000 0.425000 3.100000
v -1.900000 0.575000 3.100000
v -1.900000 0.425000 2.900000
v -1.900000 0.575000 2.900000
vn -1.0000 -0.0000 -0.0000
vn -0.0000 -0.0000 -1.0000
vn 1.0000 -0.0000 -0.0000
vn -0.0000 -0.0000 1.0000
vn -0.0000 -1.0000 -0.0000
vn -0.0000 1.0000 -0.0000
vt 0.375000 0.000000
vt 0.625000 0.000000
vt 0.625000 0.250000
vt 0.375000 0.250000
vt 0.625000 0.500000
vt 0.375000 0.500000
vt 0.625000 0.750000
vt 0.375000 0.750000
vt 0.625000 1.000000
vt 0.375000 1.000000
vt 0.125000 0.500000
vt 0.125000 0.750000
vt 0.875000 0.500000
vt 0.875000 0.750000
s 0
usemtl Prod_0_1_0_0
f 269/467/200 270/468/200 272/469/200 271/470/200
f 271/470/201 272/469/201 276/471/201 275/472/201
f 275/472/202 276/471/202 274/473/202 273/474/202
f 273/474/203 274/473/203 270/475/203 269/476/203
f 271/477/204 275/472/204 273/474/204 269/478/204
f 276/471/205 272/479/205 270/480/205 274/473/205
o Product_0_1_0_1
v -1.800000 0.425000 3.100000
v -1.800000 0.575000 3.100000
v -1.800000 0.425000 2.900000
v -1.800000 0.575000 2.900000
v -1.600000 0.425000 3.100000
v -1.600000 0.575000 3.100000
v -1.600000 0.425000 2.900000
v -1.600000 0.575000 2.900000
vn -1.0000 -0.0000 -0.0000
vn -0.0000 -0.0000 -1.0000
vn 1.0000 -0.0000 -0.0000
vn -0.0000 -0.0000 1.0000
vn -0.0000 -1.0000 -0.0000
vn -0.0000 1.0000 -0.0000
vt 0.375000 0.000000
vt 0.625000 0.000000
vt 0.625000 0.250000
vt 0.375000 0.250000
vt 0.625000 0.500000
vt 0.375000 0.500000
vt 0.625000 0.750000
vt 0.375000 0.750000
vt 0.625000 1.000000
vt 0.375000 1.000000
vt 0.125000 0.500000
vt 0.125000 0.750000
vt 0.875000 0.500000
vt 0.875000 0.750000
s 0
usemtl Prod_0_1_0_1
f 277/481/206 278/482/206 280/483/206 279/484/206
f 279/484/207 280/483/207 284/485/207 283/486/207
f 283/486/208 284/485/208 282/487/208 281/488/208
f 281/488/209 282/487/209 278/489/209 277/490/209
f 279/491/210 283/486/210 281/488/210 277/492/210
f 284/485/211 280/493/211 278/494/211 282/487/211
o Product_0_1_0_2
v -1.500000 0.425000 3.100000
v -1.500000 0.575000 3.100000
v -1.500000 0.425000 2.900000
v -1.500000 0.575000 2.900000
v -1.300000 0.425000 3.100000
v -1.300000 0.575000 3.100000
v -1.300000 0.425000 2.900000
v -1.300000 0.575000 2.900000
vn -1.0000 -0.0000 -0.0000
vn -0.0000 -0.0000 -1.0000
vn 1.0000 -0.0000 -0.0000
vn -0.0000 -0.0000 1.0000
vn -0.0000 -1.0000 -0.0000
vn -0.0000 1.0000 -0.0000
vt 0.375000 0.000000
vt 0.625000 0.000000
vt 0.625000 0.250000
vt 0.375000 0.250000
vt 0.625000 0.500000
vt 0.375000 0.500000
vt 0.625000 0.750000
vt 0.375000 0.750000
vt 0.625000 1.000000
vt 0.375000 1.000000
vt 0.125000 0.500000
vt 0.125000 0.750000
vt 0.875000 0.500000
vt 0.875000 0.750000
s 0
usemtl Prod_0_1_0_2
f 285/495/212 286/496/212 288/497/212 287/498/212
f 287/498/213 288/497/213 292/499/213 291/500/213
f 291/500/214 292/499/214 290/501/214 289/502/214
f 289/502/215 290/501/215 286/503/215 285/504/215
f 287/505/216 291/500/216 289/502/216 285/506/216
f 292/499/217 288/507/217 286/508/217 290/501/217
o Product_0_1_0_3
v -1.200000 0.425000 3.100000
v -1.200000 0.575000 3.100000
v -1.200000 0.425000 2.900000
v -1.200000 0.575000 2.900000
v -1.000000 0.425000 3.100000
v -1.000000 0.575000 3.100000
v -1.000000 0.425000 2.900000
v -1.000000 0.575000 2.900000
vn -1.0000 -0.0000 -0.0000
vn -0.0000 -0.0000 -1.0000
vn 1.0000 -0.0000 -0.0000
vn -0.0000 -0.0000 1.0000
vn -0.0000 -1.0000 -0.0000
vn -0.0000 1.0000 -0.0000
vt 0.375000 0.000000
vt 0.625000 0.000000
vt 0.625000 0.250000
vt 0.375000 0.250000
vt 0.625000 0.500000
vt 0.375000 0.500000
vt 0.625000 0.750000
vt 0.375000 0.750000
vt 0.625000 1.000000
vt 0.375000 1.000000
vt 0.125000 0.500000
vt 0.125000 0.750000
vt 0.875000 0.500000
vt 0.875000 0.750000
s 0
usemtl Prod_0_1_0_3
f 293/509/218 294/510/218 296/511/218 295/512/218
f 295/512/219 296/511/219 300/513/219 299/514/219
f 299/514/220 300/513/220 298/515/220 297/516/220
f 297/516/221 298/515/221 294/517/221 293/518/221
f 295/519/222 299/514/222 297/516/222 293/520/222
f 300/513/223 296/521/223 294/522/223 298/515/223
o Product_0_1_1_0
v -2.100000 1.025000 3.100000
v -2.100000 1.175000 3.100000
v -2.100000 1.025000 2.900000
v -2.100000 1.175000 2.900000
v -1.900000 1.025000 3.100000
v -1.900000 1.175000 3.100000
v -1.900000 1.025000 2.900000
v -1.900000 1.175000 2.900000
vn -1.0000 -0.0000 -0.0000
vn -0.0000 -0.0000 -1.0000
vn 1.0000 -0.0000 -0.0000
vn -0.0000 -0.0000 1.0000
vn -0.0000 -1.0000 -0.0000
vn -0.0000 1.0000 -0.0000
vt 0.375000 0.000000
vt 0.625000 0.000000
vt 0.625000 0.250000
vt 0.375000 0.250000
vt 0.625000 0.500000
vt 0.375000 0.500000
vt 0.625000 0.750000
vt 0.375000 0.750000
vt 0.625000 1.000000
vt 0.375000 1.000000
vt 0.125000 0.500000
vt 0.125000 0.750000
vt 0.875000 0.500000
vt 0.875000 0.750000
s 0
usemtl Prod_0_1_1_0
f 301/523/224 302/524/224 304/525/224 303/526/224
f 303/526/225 304/525/225 308/527/225 307/528/225
f 307/528/226 308/527/226 306/529/226 305/530/226
f 305/530/227 306/529/227 302/531/227 301/532/227
f 303/533/228 307/528/228 305/530/228 301/534/228
f 308/527/229 304/535/229 302/536/229 306/529/229
o Product_0_1_1_1
v -1.800000 1.025000 3.100000
v -1.800000 1.175000 3.100000
v -1.800000 1.025000 2.900000
v -1.800000 1.175000 2.900000
v -1.600000 1.025000 3.100000
v -1.600000 1.175000 3.100000
v -1.600000 1.025000 2.900000
v -1.600000 1.175000 2.900000
vn -1.0000 -0.0000 -0.0000
vn -0.0000 -0.0000 -1.0000
vn 1.0000 -0.0000 -0.0000
vn -0.0000 -0.0000 1.0000
vn -0.0000 -1.0000 -0.0000
vn -0.0000 1.0000 -0.0000
vt 0.375000 0.000000
vt 0.625000 0.000000
vt 0.625000 0.250000
vt 0.375000 0.250000
vt 0.625000 0.500000
vt 0.375000 0.500000
vt 0.625000 0.750000
vt 0.375000 0.750000
vt 0.625000 1.000000
vt 0.375000 1.000000
vt 0.125000 0.500000
vt 0.125000 0.750000
vt 0.875000 0.500000
vt 0.875000 0.750000
s 0
usemtl Prod_0_1_1_1
f 309/537/230 310/538/230 312/539/230 311/540/230
f 311/540/231 312/539/231 316/541/231 315/542/231
f 315/542/232 316/541/232 314/543/232 313/544/232
f 313/544/233 314/543/233 310/545/233 309/546/233
f 311/547/234 315/542/234 313/544/234 309/548/234
f 316/541/235 312/549/235 310/550/235 314/543/235
o Product_0_1_1_2
v -1.500000 1.025000 3.100000
v -1.500000 1.175000 3.100000
v -1.500000 1.025000 2.900000
v -1.500000 1.175000 2.900000
v -1.300000 1.025000 3.100000
v -1.300000 1.175000 3.100000
v -1.300000 1.025000 2.900000
v -1.300000 1.175000 2.900000
vn -1.0000 -0.0000 -0.0000
vn -0.0000 -0.0000 -1.0000
vn 1.0000 -0.0000 -0.0000
vn -0.0000 -0.0000 1.0000
vn -0.0000 -1.0000 -0.0000
vn -0.0000 1.0000 -0.0000
vt 0.375000 0.000000
vt 0.625000 0.000000
vt 0.625000 0.250000
vt 0.375000 0.250000
vt 0.625000 0.500000
vt 0.375000 0.500000
vt 0.625000 0.750000
vt 0.375000 0.750000
vt 0.625000 1.000000
vt 0.375000 1.000000
vt 0.125000 0.500000
vt 0.125000 0.750000
vt 0.875000 0.500000
vt 0.875000 0.750000
s 0
usemtl Prod_0_1_1_2
f 317/551/236 318/552/236 320/553/236 319/554/236
f 319/554/237 320/553/237 324/555/237 323/556/237
f 323/556/238 324/555/238 322/557/238 321/558/238
f 321/558/239 322/557/239 318/559/239 317/560/239
f 319/561/240 323/556/240 321/558/240 317/562/240
f 324/555/241 320/563/241 318/564/241 322/557/241
o Product_0_1_1_3
v -1.200000 1.025000 3.100000
v -1.200000 1.175000 3.100000
v -1.200000 1.025000 2.900000
v -1.200000 1.175000 2.900000
v -1.000000 1.025000 3.100000
v -1.000000 1.175000 3.100000
v -1.000000 1.025000 2.900000
v -1.000000 1.175000 2.900000
vn -1.0000 -0.0000 -0.0000
vn -0.0000 -0.0000 -1.0000
vn 1.0000 -0.0000 -0.0000
vn -0.0000 -0.0000 1.0000
vn -0.0000 -1.0000 -0.0000
vn -0.0000 1.0000 -0.0000
vt 0.375000 0.000000
vt 0.625000 0.000000
vt 0.625000 0.250000
vt 0.375000 0.250000
vt 0.625000 0.500000
vt 0.375000 0.500000
vt 0.625000 0.750000
vt 0.375000 0.750000
vt 0.625000 1.000000
vt 0.375000 1.000000
vt 0.125000 0.500000
vt 0.125000 0.750000
vt 0.875000 0.500000
vt 0.875000 0.750000
s 0
usemtl Prod_0_1_1_3
f 325/565/242 326/566/242 328/567/242 327/568/242
f 327/568/243 328/567/243 332/569/243 331/570/243
f 331/570/244 332/569/244 330/571/244 329/572/244
f 329/572/245 330/571/245 326/573/245 325/574/245
f 327/575/246 331/570/246 329/572/246 325/576/246
f 332/569/247 328/577/247 326/578/247 330/571/247
o Product_0_1_2_0
v -2.100000 1.625000 3.100000
v -2.100000 1.775000 3.100000
v -2.100000 1.625000 2.900000
v -2.100000 1.775000 2.900000
v -1.900000 1.625000 3.100000
v -1.900000 1.775000 3.100000
v -1.900000 1.625000 2.900000
v -1.900000 1.775000 2.900000
vn -1.0000 -0.0000 -0.0000
vn -0.0000 -0.0000 -1.0000
vn 1.0000 -0.0000 -0.0000
vn -0.0000 -0.0000 1.0000
vn -0.0000 -1.0000 -0.0000
vn -0.0000 1.0000 -0.0000
vt 0.375000 0.000000
vt 0.625000 0.000000
vt 0.625000 0.250000
vt 0.375000 0.250000
vt 0.625000 0.500000
vt 0.375000 0.500000
vt 0.625000 0.750000
vt 0.375000 0.750000
vt 0.625000 1.000000
vt 0.375000 1.000000
vt 0.125000 0.500000
vt 0.125000 0.750000
vt 0.875000 0.500000
vt 0.875000 0.750000
s 0
usemtl Prod_0_1_2_0
f 333/579/248 334/580/248 336/581/248 335/582/248
f 335/582/249 336/581/249 340/583/249 339/584/249
f 339/584/250 340/583/250 338/585/250 337/586/250
f 337/586/251 338/585/251 334/587/251 333/588/251
f 335/589/252 339/584/252 337/586/252 333/590/252
f 340/583/253 336/591/253 334/592/253 338/585/253
o Product_0_1_2_1
v -1.800000 1.625000 3.100000
v -1.800000 1.775000 3.100000
v -1.800000 1.625000 2.900000
v -1.800000 1.775000 2.900000
v -1.600000 1.625000 3.100000
v -1.600000 1.775000 3.100000
v -1.600000 1.625000 2.900000
v -1.600000 1.775000 2.900000
vn -1.0000 -0.0000 -0.0000
vn -0.0000 -0.0000 -1.0000
vn 1.0000 -0.0000 -0.0000
vn -0.0000 -0.0000 1.0000
vn -0.0000 -1.0000 -0.0000
vn -0.0000 1.0000 -0.0000
vt 0.375000 0.000000
vt 0.625000 0.000000
vt 0.625000 0.250000
vt 0.375000 0.250000
vt 0.625000 0.500000
vt 0.375000 0.500000
vt 0.625000 0.750000
vt 0.375000 0.750000
vt 0.625000 1.000000
vt 0.375000 1.000000
vt 0.125000 0.500000
vt 0.125000 0.750000
vt 0.875000 0.500000
vt 0.875000 0.750000
s 0
usemtl Prod_0_1_2_1
f 341/593/254 342/594/254 344/595/254 343/596/254
f 343/596/255 344/595/255 348/597/255 347/598/255
f 347/598/256 348/597/256 346/599/256 345/600/256
f 345/600/257 346/599/257 342/601/257 341/602/257
f 343/603/258 347/598/258 345/600/258 341/604/258
f 348/597/259 344/605/259 342/606/259 346/599/259
o Product_0_1_2_2
v -1.500000 1.625000 3.100000
v -1.500000 1.775000 3.100000
v -1.500000 1.625000 2.900000
v -1.500000 1.775000 2.900000
v -1.300000 1.625000 3.100000
v -1.300000 1.775000 3.100000
v -1.300000 1.625000 2.900000
v -1.300000 1.775000 2.900000
vn -1.0000 -0.0000 -0.0000
vn -0.0000 -0.0000 -1.0000
vn 1.0000 -0.0000 -0.0000
vn -0.0000 -0.0000 1.0000
vn -0.0000 -1.0000 -0.0000
vn -0.0000 1.0000 -0.0000
vt 0.375000 0.000000
vt 0.625000 0.000000
vt 0.625000 0.250000
vt 0.375000 0.250000
vt 0.625000 0.500000
vt 0.375000 0.500000
vt 0.625000 0.750000
vt 0.375000 0.750000
vt 0.625000 1.000000
vt 0.375000 1.000000
vt 0.125000 0.500000
vt 0.125000 0.750000
vt 0.875000 0.500000
vt 0.875000 0.750000
s 0
usemtl Prod_0_1_2_2
f 349/607/260 350/608/260 352/609/260 351/610/260
f 351/610/261 352/609/261 356/611/261 355/612/261
f 355/612/262 356/611/262 354/613/262 353/614/262
f 353/614/263 354/613/263 350/615/263 349/616/263
f 351/617/264 355/612/264 353/614/264 349/618/264
f 356/611/265 352/619/265 350/620/265 354/613/265
o Product_0_1_2_3
v -1.200000 1.625000 3.100000
v -1.200000 1.775000 3.100000
v -1.200000 1.625000 2.900000
v -1.200000 1.775000 2.900000
v -1.000000 1.625000 3.100000
v -1.000000 1.775000 3.100000
v -1.000000 1.625000 2.900000
v -1.000000 1.775000 2.900000
vn -1.0000 -0.0000 -0.0000
vn -0.0000 -0.0000 -1.0000
vn 1.0000 -0.0000 -0.0000
vn -0.0000 -0.0000 1.0000
vn -0.0000 -1.0000 -0.0000
vn -0.0000 1.0000 -0.0000
vt 0.375000 0.000000
vt 0.625000 0.000000
vt 0.625000 0.250000
vt 0.375000 0.250000
vt 0.625000 0.500000
vt 0.375000 0.500000
vt 0.625000 0.750000
vt 0.375000 0.750000
vt 0.625000 1.000000
vt 0.375000 1.000000
vt 0.125000 0.500000
vt 0.125000 0.750000
vt 0.875000 0.500000
vt 0.875000 0.750000
s 0
usemtl Prod_0_1_2_3
f 357/621/266 358/622/266 360/623/266 359/624/266
f 359/624/267 360/623/267 364/625/267 363/626/267
f 363/626/268 364/625/268 362/627/268 361/628/268
f 361/628/269 362/627/269 358/629/269 357/630/269
f 359/631/270 363/626/270 361/628/270 357/632/270
f 364/625/271 360/633/271 358/634/271 362/627/271
o Product_0_1_3_0
v -2.100000 2.225000 3.100000
v -2.100000 2.375000 3.100000
v -2.100000 2.225000 2.900000
v -2.100000 2.375000 2.900000
v -1.900000 2.225000 3.100000
v -1.900000 2.375000 3.100000
v -1.900000 2.225000 2.900000
v -1.900000 2.375000 2.900000
vn -1.0000 -0.0000 -0.0000
vn -0.0000 -0.0000 -1.0000
vn 1.0000 -0.0000 -0.0000
vn -0.0000 -0.0000 1.0000
vn -0.0000 -1.0000 -0.0000
vn -0.0000 1.0000 -0.0000
vt 0.375000 0.000000
vt 0.625000 0.000000
vt 0.625000 0.250000
vt 0.375000 0.250000
vt 0.625000 0.500000
vt 0.375000 0.500000
vt 0.625000 0.750000
vt 0.375000 0.750000
vt 0.625000 1.000000
vt 0.375000 1.000000
vt 0.125000 0.500000
vt 0.125000 0.750000
vt 0.875000 0.500000
vt 0.875000 0.750000
s 0
usemtl Prod_0_1_3_0
f 365/635/272 366/636/272 368/637/272 367/638/272
f 367/638/273 368/637/273 372/639/273 371/640/273
f 371/640/274 372/639/274 370/641/274 369/642/274
f 369/642/275 370/641/275 366/643/275 365/644/275
f 367/645/276 371/640/276 369/642/276 365/646/276
f 372/639/277 368/647/277 366/648/277 370/641/277
o Product_0_1_3_1
v -1.800000 2.225000 3.100000
v -1.800000 2.375000 3.100000
v -1.800000 2.225000 2.900000
v -1.800000 2.375000 2.900000
v -1.600000 2.225000 3.100000
v -1.600000 2.375000 3.100000
v -1.600000 2.225000 2.900000
v -1.600000 2.375000 2.900000
vn -1.0000 -0.0000 -0.0000
vn -0.0000 -0.0000 -1.0000
vn 1.0000 -0.0000 -0.0000
vn -0.0000 -0.0000 1.0000
vn -0.0000 -1.0000 -0.0000
vn -0.0000 1.0000 -0.0000
vt 0.375000 0.000000
vt 0.625000 0.000000
vt 0.625000 0.250000
vt 0.375000 0.250000
vt 0.625000 0.500000
vt 0.375000 0.500000
vt 0.625000 0.750000
vt 0.375000 0.750000
vt 0.625000 1.000000
vt 0.375000 1.000000
vt 0.125000 0.500000
vt 0.125000 0.750000
vt 0.875000 0.500000
vt 0.875000 0.750000
s 0
usemtl Prod_0_1_3_1
f 373/649/278 374/650/278 376/651/278 375/652/278
f 375/652/279 376/651/279 380/653/279 379/654/279
f 379/654/280 380/653/280 378/655/280 377/656/280
f 377/656/281 378/655/281 374/657/281 373/658/281
f 375/659/282 379/654/282 377/656/282 373/660/282
f 380/653/283 376/661/283 374/662/283 378/655/283
o Product_0_1_3_2
v -1.500000 2.225000 3.100000
v -1.500000 2.375000 3.100000
v -1.500000 2.225000 2.900000
v -1.500000 2.375000 2.900000
v -1.300000 2.225000 3.100000
v -1.300000 2.375000 3.100000
v -1.300000 2.225000 2.900000
v -1.300000 2.375000 2.900000
vn -1.0000 -0.0000 -0.0000
vn -0.0000 -0.0000 -1.0000
vn 1.0000 -0.0000 -0.0000
vn -0.0000 -0.0000 1.0000
vn -0.0000 -1.0000 -0.0000
vn -0.0000 1.0000 -0.0000
vt 0.375000 0.000000
vt 0.625000 0.000000
vt 0.625000 0.250000
vt 0.375000 0.250000
vt 0.625000 0.500000
vt 0.375000 0.500000
vt 0.625000 0.750000
vt 0.375000 0.750000
vt 0.625000 1.000000
vt 0.375000 1.000000
vt 0.125000 0.500000
vt 0.125000 0.750000
vt 0.875000 0.500000
vt 0.875000 0.750000
s 0
usemtl Prod_0_1_3_2
f 381/663/284 382/664/284 384/665/284 383/666/284
f 383/666/285 384/665/285 388/667/285 387/668/285
f 387/668/286 388/667/286 386/669/286 385/670/286
f 385/670/287 386/669/287 382/671/287 381/672/287
f 383/673/288 387/668/288 385/670/288 381/674/288
f 388/667/289 384/675/289 382/676/289 386/669/289
o Product_0_1_3_3
v -1.200000 2.225000 3.100000
v -1.200000 2.375000 3.100000
v -1.200000 2.225000 2.900000
v -1.200000 2.375000 2.900000
v -1.000000 2.225000 3.100000
v -1.000000 2.375000 3.100000
v -1.000000 2.225000 2.900000
v -1.000000 2.375000 2.900000
vn -1.0000 -0.0000 -0.0000
vn -0.0000 -0.0000 -1.0000
vn 1.0000 -0.0000 -0.0000
vn -0.0000 -0.0000 1.0000
vn -0.0000 -1.0000 -0.0000
vn -0.0000 1.0000 -0.0000
vt 0.375000 0.000000
vt 0.625000 0.000000
vt 0.625000 0.250000
vt 0.375000 0.250000
vt 0.625000 0.500000
vt 0.375000 0.500000
vt 0.625000 0.750000
vt 0.375000 0.750000
vt 0.625000 1.000000
vt 0.375000 1.000000
vt 0.125000 0.500000
vt 0.125000 0.750000
vt 0.875000 0.500000
vt 0.875000 0.750000
s 0
usemtl Prod_0_1_3_3
f 389/677/290 390/678/290 392/679/290 391/680/290
f 391/680/291 392/679/291 396/681/291 395/682/291
f 395/682/292 396/681/292 394/683/292 393/684/292
f 393/684/293 394/683/293 390/685/293 389/686/293
f 391/687/294 395/682/294 393/684/294 389/688/294
f 396/681/295 392/689/295 390/690/295 394/683/295
o ShelfBase_0_2
v 0.750000 0.000000 3.300000
v 0.750000 0.200000 3.300000
v 0.750000 0.000000 2.700000
v 0.750000 0.200000 2.700000
v 2.250000 0.000000 3.300000
v 2.250000 0.200000 3.300000
v 2.250000 0.000000 2.700000
v 2.250000 0.200000 2.700000
vn -1.0000 -0.0000 -0.0000
vn -0.0000 -0.0000 -1.0000
vn 1.0000 -0.0000 -0.0000
vn -0.0000 -0.0000 1.0000
vn -0.0000 -1.0000 -0.0000
vn -0.0000 1.0000 -0.0000
vt 0.375000 0.000000
vt 0.625000 0.000000
vt 0.625000 0.250000
vt 0.375000 0.250000
vt 0.625000 0.500000
vt 0.375000 0.500000
vt 0.625000 0.750000
vt 0.375000 0.750000
vt 0.625000 1.000000
vt 0.375000 1.000000
vt 0.125000 0.500000
vt 0.125000 0.750000
vt 0.875000 0.500000
vt 0.875000 0.750000
s 0
usemtl ShelfMetal
f 397/691/296 398/692/296 400/693/296 399/694/296
f 399/694/297 400/693/297 404/695/297 403/696/297
f 403/696/298 404/695/298 402/697/298 401/698/298
f 401/698/299 402/697/299 398/699/299 397/700/299
f 399/701/300 403/696/300 401/698/300 397/702/300
f 404/695/301 400/703/301 398/704/301 402/697/301
o Shelf_0_2_0
v 0.750000 0.375000 3.300000
v 0.750000 0.425000 3.300000
v 0.750000 0.375000 2.700000
v 0.750000 0.425000 2.700000
v 2.250000 0.375000 3.300000
v 2.250000 0.425000 3.300000
v 2.250000 0.375000 2.700000
v 2.250000 0.425000 2.700000
vn -1.0000 -0.0000 -0.0000
vn -0.0000 -0.0000 -1.0000
vn 1.0000 -0.0000 -0.0000
vn -0.0000 -0.0000 1.0000
vn -0.0000 -1.0000 -0.0000
vn -0.0000 1.0000 -0.0000
vt 0.375000 0.000000
vt 0.625000 0.000000
vt 0.625000 0.250000
vt 0.375000 0.250000
vt 0.625000 0.500000
vt 0.375000 0.500000
vt 0.625000 0.750000
vt 0.375000 0.750000
vt 0.625000 1.000000
vt 0.375000 1.000000
vt 0.125000 0.500000
vt 0.125000 0.750000
vt 0.875000 0.500000
vt 0.875000 0.750000
s 0
usemtl ShelfMetal
f 405/705/302 406/706/302 408/707/302 407/708/302
f 407/708/303 408/707/303 412/709/303 411/710/303
f 411/710/304 412/709/304 410/711/304 409/712/304
f 409/712/305 410/711/305 406/713/305 405/714/305
f 407/715/306 411/710/306 409/712/306 405/716/306
f 412/709/307 408/717/307 406/718/307 410/711/307
o Shelf_0_2_1
v 0.750000 0.975000 3.300000
v 0.750000 1.025000 3.300000
v 0.750000 0.975000 2.700000
v 0.750000 1.025000 2.700000
v 2.250000 0.975000 3.300000
v 2.250000 1.025000 3.300000
v 2.250000 0.975000 2.700000
v 2.250000 1.025000 2.700000
vn -1.0000 -0.0000 -0.0000
vn -0.0000 -0.0000 -1.0000
vn 1.0000 -0.0000 -0.0000
vn -0.0000 -0.0000 1.0000
vn -0.0000 -1.0000 -0.0000
vn -0.0000 1.0000 -0.0000
vt 0.375000 0.000000
vt 0.625000 0.000000
vt 0.625000 0.250000
vt 0.375000 0.250000
vt 0.625000 0.500000
vt 0.375000 0.500000
vt 0.625000 0.750000
vt 0.375000 0.750000
vt 0.625000 1.000000
vt 0.375000 1.000000
vt 0.125000 0.500000
vt 0.125000 0.750000
vt 0.875000 0.500000
vt 0.875000 0.750000
s 0
usemtl ShelfMetal
f 413/719/308 414/720/308 416/721/308 415/722/308
f 415/722/309 416/721/309 420/723/309 419/724/309
f 419/724/310 420/723/310 418/725/310 417/726/310
f 417/726/311 418/725/311 414/727/311 413/728/311
f 415/729/312 419/724/312 417/726/312 413/730/312
f 420/723/313 416/731/313 414/732/313 418/725/313
o Shelf_0_2_2
v 0.750000 1.575000 3.300000
v 0.750000 1.625000 3.300000
v 0.750000 1.575000 2.700000
v 0.750000 1.625000 2.700000
v 2.250000 1.575000 3.300000
v 2.250000 1.625000 3.300000
v 2.250000 1.575000 2.700000
v 2.250000 1.625000 2.700000
vn -1.0000 -0.0000 -0.0000
vn -0.0000 -0.0000 -1.0000
vn 1.0000 -0.0000 -0.0000
vn -0.0000 -0.0000 1.0000
vn -0.0000 -1.0000 -0.0000
vn -0.0000 1.0000 -0.0000
vt 0.375000 0.000000
vt 0.625000 0.000000
vt 0.625000 0.250000
vt 0.375000 0.250000
vt 0.625000 0.500000
vt 0.375000 0.500000
vt 0.625000 0.750000
vt 0.375000 0.750000
vt 0.625000 1.000000
vt 0.375000 1.000000
vt 0.125000 0.500000
vt 0.125000 0.750000
vt 0.875000 0.500000
vt 0.875000 0.750000
s 0
usemtl ShelfMetal
f 421/733/314 422/734/314 424/735/314 423/736/314
f 423/736/315 424/735/315 428/737/315 427/738/315
f 427/738/316 428/737/316 426/739/316 425/740/316
f 425/740/317 426/739/317 422/741/317 421/742/317
f 423/743/318 427/738/318 425/740/318 421/744/318
f 428/737/319 424/745/319 422/746/319 426/739/319
o Shelf_0_2_3
v 0.750000 2.175000 3.300000
v 0.750000 2.225000 3.300000
v 0.750000 2.175000 2.700000
v 0.750000 2.225000 2.700000
v 2.250000 2.175000 3.300000
v 2.250000 2.225000 3.300000
v 2.250000 2.175000 2.700000
v 2.250000 2.225000 2.700000
vn -1.0000 -0.0000 -0.0000
vn -0.0000 -0.0000 -1.0000
vn 1.0000 -0.0000 -0.0000
vn -0.0000 -0.0000 1.0000
vn -0.0000 -1.0000 -0.0000
vn -0.0000 1.0000 -0.0000
vt 0.375000 0.000000
vt 0.625000 0.000000
vt 0.625000 0.250000
vt 0.375000 0.250000
vt 0.625000 0.500000
vt 0.375000 0.500000
vt 0.625000 0.750000
vt 0.375000 0.750000
vt 0.625000 1.000000
vt 0.375000 1.000000
vt 0.125000 0.500000
vt 0.125000 0.750000
vt 0.875000 0.500000
vt 0.875000 0.750000
s 0
usemtl ShelfMetal
f 429/747/320 430/748/320 432/749/320 431/750/320
f 431/750/321 432/749/321 436/751/321 435/752/321
f 435/752/322 436/751/322 434/753/322 433/754/322
f 433/754/323 434/753/323 430/755/323 429/756/323
f 431/757/324 435/752/324 433/754/324 429/758/324
f 436/751/325 432/759/325 430/760/325 434/753/325
o ShelfBack_0_2
v 0.750000 0.500000 2.725000
v 0.750000 2.500000 2.725000
v 0.750000 0.500000 2.675000
v 0.750000 2.500000 2.675000
v 2.250000 0.500000 2.725000
v 2.250000 2.500000 2.725000
v 2.250000 0.500000 2.675000
v 2.250000 2.500000 2.675000
vn -1.0000 -0.0000 -0.0000
vn -0.0000 -0.0000 -1.0000
vn 1.0000 -0.0000 -0.0000
vn -0.0000 -0.0000 1.0000
vn -0.0000 -1.0000 -0.0000
vn -0.0000 1.0000 -0.0000
vt 0.375000 0.000000
vt 0.625000 0.000000
vt 0.625000 0.250000
vt 0.375000 0.250000
vt 0.625000 0.500000
vt 0.375000 0.500000
vt 0.625000 0.750000
vt 0.375000 0.750000
vt 0.625000 1.000000
vt 0.375000 1.000000
vt 0.125000 0.500000
vt 0.125000 0.750000
vt 0.875000 0.500000
vt 0.875000 0.750000
s 0
usemtl ShelfMetal
f 437/761/326 438/762/326 440/763/326 439/764/326
f 439/764/327 440/763/327 444/765/327 443/766/327
f 443/766/328 444/765/328 442/767/328 441/768/328
f 441/768/329 442/767/329 438/769/329 437/770/329
f 439/771/330 443/766/330 441/768/330 437/772/330
f 444/765/331 440/773/331 438/774/331 442/767/331
o Product_0_2_0_0
v 0.900000 0.425000 3.100000
v 0.900000 0.575000 3.100000
v 0.900000 0.425000 2.900000
v 0.900000 0.575000 2.900000
v 1.100000 0.425000 3.100000
v 1.100000 0.575000 3.100000
v 1.100000 0.425000 2.900000
v 1.100000 0.575000 2.900000
vn -1.0000 -0.0000 -0.0000
vn -0.0000 -0.0000 -1.0000
vn 1.0000 -0.0000 -0.0000
vn -0.0000 -0.0000 1.0000
vn -0.0000 -1.0000 -0.0000
vn -0.0000 1.0000 -0.0000
vt 0.375000 0.000000
vt 0.625000 0.000000
vt 0.625000 0.250000
vt 0.375000 0.250000
vt 0.625000 0.500000
vt 0.375000 0.500000
vt 0.625000 0.750000
vt 0.375000 0.750000
vt 0.625000 1.000000
vt 0.375000 1.000000
vt 0.125000 0.500000
vt 0.125000 0.750000
vt 0.875000 0.500000
vt 0.875000 0.750000
s 0
usemtl Prod_0_2_0_0
f 445/775/332 446/776/332 448/777/332 447/778/332
f 447/778/333 448/777/333 452/779/333 451/780/333
f 451/780/334 452/779/334 450/781/334 449/782/334
f 449/782/335 450/781/335 446/783/335 445/784/335
f 447/785/336 451/780/336 449/782/336 445/786/336
f 452/779/337 448/787/337 446/788/337 450/781/337
o Product_0_2_0_1
v 1.200000 0.425000 3.100000
v 1.200000 0.575000 3.100000
v 1.200000 0.425000 2.900000
v 1.200000 0.575000 2.900000
v 1.400000 0.425000 3.100000
v 1.400000 0.575000 3.100000
v 1.400000 0.425000 2.900000
v 1.400000 0.575000 2.900000
vn -1.0000 -0.0000 -0.0000
vn -0.0000 -0.0000 -1.0000
vn 1.0000 -0.0000 -0.0000
vn -0.0000 -0.0000 1.0000
vn -0.0000 -1.0000 -0.0000
vn -0.0000 1.0000 -0.0000
vt 0.375000 0.000000
vt 0.625000 0.000000
vt 0.625000 0.250000
vt 0.375000 0.250000
vt 0.625000 0.500000
vt 0.375000 0.500000
vt 0.625000 0.750000
vt 0.375000 0.750000
vt 0.625000 1.000000
vt 0.375000 1.000000
vt 0.125000 0.500000
vt 0.125000 0.750000
vt 0.875000 0.500000
vt 0.875000 0.750000
s 0
usemtl Prod_0_2_0_1
f 453/789/338 454/790/338 456/791/338 455/792/338
f 455/792/339 456/791/339 460/793/339 459/794/339
f 459/794/340 460/793/340 458/795/340 457/796/340
f 457/796/341 458/795/341 454/797/341 453/798/341
f 455/799/342 459/794/342 457/796/342 453/800/342
f 460/793/343 456/801/343 454/802/343 458/795/343
o Product_0_2_0_2
v 1.500000 0.425000 3.100000
v 1.500000 0.575000 3.100000
v 1.500000 0.425000 2.900000
v 1.500000 0.575000 2.900000
v 1.700000 0.425000 3.100000
v 1.700000 0.575000 3.100000
v 1.700000 0.425000 2.900000
v 1.700000 0.575000 2.900000
vn -1.0000 -0.0000 -0.0000
vn -0.0000 -0.0000 -1.0000
vn 1.0000 -0.0000 -0.0000
vn -0.0000 -0.0000 1.0000
vn -0.0000 -1.0000 -0.0000
vn -0.0000 1.0000 -0.0000
vt 0.375000 0.000000
vt 0.625000 0.000000
vt 0.625000 0.250000
vt 0.375000 0.250000
vt 0.625000 0.500000
vt 0.375000 0.500000
vt 0.625000 0.750000
vt 0.375000 0.750000
vt 0.625000 1.000000
vt 0.375000 1.000000
vt 0.125000 0.500000
vt 0.125000 0.750000
vt 0.875000 0.500000
vt 0.875000 0.750000
s 0
usemtl Prod_0_2_0_2
f 461/803/344 462/804/344 464/805/344 463/806/344
f 463/806/345 464/805/345 468/807/345 467/808/345
f 467/808/346 468/807/346 466/809/346 465/810/346
f 465/810/347 466/809/347 462/811/347 461/812/347
f 463/813/348 467/808/348 465/810/348 461/814/348
f 468/807/349 464/815/349 462/816/349 466/809/349
o Product_0_2_0_3
v 1.800000 0.425000 3.100000
v 1.800000 0.575000 3.100000
v 1.800000 0.425000 2.900000
v 1.800000 0.575000 2.900000
v 2.000000 0.425000 3.100000
v 2.000000 0.575000 3.100000
v 2.000000 0.425000 2.900000
v 2.000000 0.575000 2.900000
vn -1.0000 -0.0000 -0.0000
vn -0.0000 -0.0000 -1.0000
vn 1.0000 -0.0000 -0.0000
vn -0.0000 -0.0000 1.0000
vn -0.0000 -1.0000 -0.0000
vn -0.0000 1.0000 -0.0000
vt 0.375000 0.000000
vt 0.625000 0.000000
vt 0.625000 0.250000
vt 0.375000 0.250000
vt 0.625000 0.500000
vt 0.375000 0.500000
vt 0.625000 0.750000
vt 0.375000 0.750000
vt 0.625000 1.000000
vt 0.375000 1.000000
vt 0.125000 0.500000
vt 0.125000 0.750000
vt 0.875000 0.500000
vt 0.875000 0.750000
s 0
usemtl Prod_0_2_0_3
f 469/817/350 470/818/350 472/819/350 471/820/350
f 471/820/351 472/819/351 476/821/351 475/822/351
f 475/822/352 476/821/352 474/823/352 473/824/352
f 473/824/353 474/823/353 470/825/353 469/826/353
f 471/827/354 475/822/354 473/824/354 469/828/354
f 476/821/355 472/829/355 470/830/355 474/823/355
o Product_0_2_1_0
v 0.900000 1.025000 3.100000
v 0.900000 1.175000 3.100000
v 0.900000 1.025000 2.900000
v 0.900000 1.175000 2.900000
v 1.100000 1.025000 3.100000
v 1.100000 1.175000 3.100000
v 1.100000 1.025000 2.900000
v 1.100000 1.175000 2.900000
vn -1.0000 -0.0000 -0.0000
vn -0.0000 -0.0000 -1.0000
vn 1.0000 -0.0000 -0.0000
vn -0.0000 -0.0000 1.0000
vn -0.0000 -1.0000 -0.0000
vn -0.0000 1.0000 -0.0000
vt 0.375000 0.000000
vt 0.625000 0.000000
vt 0.625000 0.250000
vt 0.375000 0.250000
vt 0.625000 0.500000
vt 0.375000 0.500000
vt 0.625000 0.750000
vt 0.375000 0.750000
vt 0.625000 1.000000
vt 0.375000 1.000000
vt 0.125000 0.500000
vt 0.125000 0.750000
vt 0.875000 0.500000
vt 0.875000 0.750000
s 0
usemtl Prod_0_2_1_0
f 477/831/356 478/832/356 480/833/356 479/834/356
f 479/834/357 480/833/357 484/835/357 483/836/357
f 483/836/358 484/835/358 482/837/358 481/838/358
f 481/838/359 482/837/359 478/839/359 477/840/359
f 479/841/360 483/836/360 481/838/360 477/842/360
f 484/835/361 480/843/361 478/844/361 482/837/361
o Product_0_2_1_1
v 1.200000 1.025000 3.100000
v 1.200000 1.175000 3.100000
v 1.200000 1.025000 2.900000
v 1.200000 1.175000 2.900000
v 1.400000 1.025000 3.100000
v 1.400000 1.175000 3.100000
v 1.400000 1.025000 2.900000
v 1.400000 1.175000 2.900000
vn -1.0000 -0.0000 -0.0000
vn -0.0000 -0.0000 -1.0000
vn 1.0000 -0.0000 -0.0000
vn -0.0000 -0.0000 1.0000
vn -0.0000 -1.0000 -0.0000
vn -0.0000 1.0000 -0.0000
vt 0.375000 0.000000
vt 0.625000 0.000000
vt 0.625000 0.250000
vt 0.375000 0.250000
vt 0.625000 0.500000
vt 0.375000 0.500000
vt 0.625000 0.750000
vt 0.375000 0.750000
vt 0.625000 1.000000
vt 0.375000 1.000000
vt 0.125000 0.500000
vt 0.125000 0.750000
vt 0.875000 0.500000
vt 0.875000 0.750000
s 0
usemtl Prod_0_2_1_1
f 485/845/362 486/846/362 488/847/362 487/848/362
f 487/848/363 488/847/363 492/849/363 491/850/363
f 491/850/364 492/849/364 490/851/364 489/852/364
f 489/852/365 490/851/365 486/853/365 485/854/365
f 487/855/366 491/850/366 489/852/366 485/856/366
f 492/849/367 488/857/367 486/858/367 490/851/367
o Product_0_2_1_2
v 1.500000 1.025000 3.100000
v 1.500000 1.175000 3.100000
v 1.500000 1.025000 2.900000
v 1.500000 1.175000 2.900000
v 1.700000 1.025000 3.100000
v 1.700000 1.175000 3.100000
v 1.700000 1.025000 2.900000
v 1.700000 1.175000 2.900000
vn -1.0000 -0.0000 -0.0000
vn -0.0000 -0.0000 -1.0000
vn 1.0000 -0.0000 -0.0000
vn -0.0000 -0.0000 1.0000
vn -0.0000 -1.0000 -0.0000
vn -0.0000 1.0000 -0.0000
vt 0.375000 0.000000
vt 0.625000 0.000000
vt 0.625000 0.250000
vt 0.375000 0.250000
vt 0.625000 0.500000
vt 0.375000 0.500000
vt 0.625000 0.750000
vt 0.375000 0.750000
vt 0.625000 1.000000
vt 0.375000 1.000000
vt 0.125000 0.500000
vt 0.125000 0.750000
vt 0.875000 0.500000
vt 0.875000 0.750000
s 0
usemtl Prod_0_2_1_2
f 493/859/368 494/860/368 496/861/368 495/862/368
f 495/862/369 496/861/369 500/863/369 499/864/369
f 499/864/370 500/863/370 498/865/370 497/866/370
f 497/866/371 498/865/371 494/867/371 493/868/371
f 495/869/372 499/864/372 497/866/372 493/870/372
f 500/863/373 496/871/373 494/872/373 498/865/373
o Product_0_2_1_3
v 1.800000 1.025000 3.100000
v 1.800000 1.175000 3.100000
v 1.800000 1.025000 2.900000
v 1.800000 1.175000 2.900000
v 2.000000 1.025000 3.100000
v 2.000000 1.175000 3.100000
v 2.000000 1.025000 2.900000
v 2.000000 1.175000 2.900000
vn -1.0000 -0.0000 -0.0000
vn -0.0000 -0.0000 -1.0000
vn 1.0000 -0.0000 -0.0000
vn -0.0000 -0.0000 1.0000
vn -0.0000 -1.0000 -0.0000
vn -0.0000 1.0000 -0.0000
vt 0.375000 0.000000
vt 0.625000 0.000000
vt 0.625000 0.250000
vt 0.375000 0.250000
vt 0.625000 0.500000
vt 0.375000 0.500000
vt 0.625000 0.750000
vt 0.375000 0.750000
vt 0.625000 1.000000
vt 0.375000 1.000000
vt 0.125000 0.500000
vt 0.125000 0.750000
vt 0.875000 0.500000
vt 0.875000 0.750000
s 0
usemtl Prod_0_2_1_3
f 501/873/374 502/874/374 504/875/374 503/876/374
f 503/876/375 504/875/375 508/877/375 507/878/375
f 507/878/376 508/877/376 506/879/376 505/880/376
f 505/880/377 506/879/377 502/881/377 501/882/377
f 503/883/378 507/878/378 505/880/378 501/884/378
f 508/877/379 504/885/379 502/886/379 506/879/379
o Product_0_2_2_0
v 0.900000 1.625000 3.100000
v 0.900000 1.775000 3.100000
v 0.900000 1.625000 2.900000
v 0.900000 1.775000 2.900000
v 1.100000 1.625000 3.100000
v 1.100000 1.775000 3.100000
v 1.100000 1.625000 2.900000
v 1.100000 1.775000 2.900000
vn -1.0000 -0.0000 -0.0000
vn -0.0000 -0.0000 -1.0000
vn 1.0000 -0.0000 -0.0000
vn -0.0000 -0.0000 1.0000
vn -0.0000 -1.0000 -0.0000
vn -0.0000 1.0000 -0.0000
vt 0.375000 0.000000
vt 0.625000 0.000000
vt 0.625000 0.250000
vt 0.375000 0.250000
vt 0.625000 0.500000
vt 0.375000 0.500000
vt 0.625000 0.750000
vt 0.375000 0.750000
vt 0.625000 1.000000
vt 0.375000 1.000000
vt 0.125000 0.500000
vt 0.125000 0.750000
vt 0.875000 0.500000
vt 0.875000 0.750000
s 0
usemtl Prod_0_2_2_0
f 509/887/380 510/888/380 512/889/380 511/890/380
f 511/890/381 512/889/381 516/891/381 515/892/381
f 515/892/382 516/891/382 514/893/382 513/894/382
f 513/894/383 514/893/383 510/895/383 509/896/383
f 511/897/384 515/892/384 513/894/384 509/898/384
f 516/891/385 512/899/385 510/900/385 514/893/385
o Product_0_2_2_1
v 1.200000 1.625000 3.100000
v 1.200000 1.775000 3.100000
v 1.200000 1.625000 2.900000
v 1.200000 1.775000 2.900000
v 1.400000 1.625000 3.100000
v 1.400000 1.775000 3.100000
v 1.400000 1.625000 2.900000
v 1.400000 1.775000 2.900000
vn -1.0000 -0.0000 -0.0000
vn -0.0000 -0.0000 -1.0000
vn 1.0000 -0.0000 -0.0000
vn -0.0000 -0.0000 1.0000
vn -0.0000 -1.0000 -0.0000
vn -0.0000 1.0000 -0.0000
vt 0.375000 0.000000
vt 0.625000 0.000000
vt 0.625000 0.250000
vt 0.375000 0.250000
vt 0.625000 0.500000
vt 0.375000 0.500000
vt 0.625000 0.750000
vt 0.375000 0.750000
vt 0.625000 1.000000
vt 0.375000 1.000000
vt 0.125000 0.500000
vt 0.125000 0.750000
vt 0.875000 0.500000
vt 0.875000 0.750000
s 0
usemtl Prod_0_2_2_1
f 517/901/386 518/902/386 520/903/386 519/904/386
f 519/904/387 520/903/387 524/905/387 523/906/387
f 523/906/388 524/905/388 522/907/388 521/908/388
f 521/908/389 522/907/389 518/909/389 517/910/389
f 519/911/390 523/906/390 521/908/390 517/912/390
f 524/905/391 520/913/391 518/914/391 522/907/391
o Product_0_2_2_2
v 1.500000 1.625000 3.100000
v 1.500000 1.775000 3.100000
v 1.500000 1.625000 2.900000
v 1.500000 1.775000 2.900000
v 1.700000 1.625000 3.100000
v 1.700000 1.775000 3.100000
v 1.700000 1.625000 2.900000
v 1.700000 1.775000 2.900000
vn -1.0000 -0.0000 -0.0000
vn -0.0000 -0.0000 -1.0000
vn 1.0000 -0.0000 -0.0000
vn -0.0000 -0.0000 1.0000
vn -0.0000 -1.0000 -0.0000
vn -0.0000 1.0000 -0.0000
vt 0.375000 0.000000
vt 0.625000 0.000000
vt 0.625000 0.250000
vt 0.375000 0.250000
vt 0.625000 0.500000
vt 0.375000 0.500000
vt 0.625000 0.750000
vt 0.375000 0.750000
vt 0.625000 1.000000
vt 0.375000 1.000000
vt 0.125000 0.500000
vt 0.125000 0.750000
vt 0.875000 0.500000
vt 0.875000 0.750000
s 0
usemtl Prod_0_2_2_2
f 525/915/392 526/916/392 528/917/392 527/918/392
f 527/918/393 528/917/393 532/919/393 531/920/393
f 531/920/394 532/919/394 530/921/394 529/922/394
f 529/922/395 530/921/395 526/923/395 525/924/395
f 527/925/396 531/920/396 529/922/396 525/926/396
f 532/919/397 528/927/397 526/928/397 530/921/397
o Product_0_2_2_3
v 1.800000 1.625000 3.100000
v 1.800000 1.775000 3.100000
v 1.800000 1.625000 2.900000
v 1.800000 1.775000 2.900000
v 2.000000 1.625000 3.100000
v 2.000000 1.775000 3.100000
v 2.000000 1.625000 2.900000
v 2.000000 1.775000 2.900000
vn -1.0000 -0.0000 -0.0000
vn -0.0000 -0.0000 -1.0000
vn 1.0000 -0.0000 -0.0000
vn -0.0000 -0.0000 1.0000
vn -0.0000 -1.0000 -0.0000
vn -0.0000 1.0000 -0.0000
vt 0.375000 0.000000
vt 0.625000 0.000000
vt 0.625000 0.250000
vt 0.375000 0.250000
vt 0.625000 0.500000
vt 0.375000 0.500000
vt 0.625000 0.750000
vt 0.375000 0.750000
vt 0.625000 1.000000
vt 0.375000 1.000000
vt 0.125000 0.500000
vt 0.125000 0.750000
vt 0.875000 0.500000
vt 0.875000 0.750000
s 0
usemtl Prod_0_2_2_3
f 533/929/398 534/930/398 536/931/398 535/932/398
f 535/932/399 536/931/399 540/933/399 539/934/399
f 539/934/400 540/933/400 538/935/400 537/936/400
f 537/936/401 538/935/401 534/937/401 533/938/401
f 535/939/402 539/934/402 537/936/402 533/940/402
f 540/933/403 536/941/403 534/942/403 538/935/403
o Product_0_2_3_0
v 0.900000 2.225000 3.100000
v 0.900000 2.375000 3.100000
v 0.900000 2.225000 2.900000
v 0.900000 2.375000 2.900000
v 1.100000 2.225000 3.100000
v 1.100000 2.375000 3.100000
v 1.100000 2.225000 2.900000
v 1.100000 2.375000 2.900000
vn -1.0000 -0.0000 -0.0000
vn -0.0000 -0.0000 -1.0000
vn 1.0000 -0.0000 -0.0000
vn -0.0000 -0.0000 1.0000
vn -0.0000 -1.0000 -0.0000
vn -0.0000 1.0000 -0.0000
vt 0.375000 0.000000
vt 0.625000 0.000000
vt 0.625000 0.250000
vt 0.375000 0.250000
vt 0.625000 0.500000
vt 0.375000 0.500000
vt 0.625000 0.750000
vt 0.375000 0.750000
vt 0.625000 1.000000
vt 0.375000 1.000000
vt 0.125000 0.500000
vt 0.125000 0.750000
vt 0.875000 0.500000
vt 0.875000 0.750000
s 0
usemtl Prod_0_2_3_0
f 541/943/404 542/944/404 544/945/404 543/946/404
f 543/946/405 544/945/405 548/947/405 547/948/405
f 547/948/406 548/947/406 546/949/406 545/950/406
f 545/950/407 546/949/407 542/951/407 541/952/407
f 543/953/408 547/948/408 545/950/408 541/954/408
f 548/947/409 544/955/409 542/956/409 546/949/409
o Product_0_2_3_1
v 1.200000 2.225000 3.100000
v 1.200000 2.375000 3.100000
v 1.200000 2.225000 2.900000
v 1.200000 2.375000 2.900000
v 1.400000 2.225000 3.100000
v 1.400000 2.375000 3.100000
v 1.400000 2.225000 2.900000
v 1.400000 2.375000 2.900000
vn -1.0000 -0.0000 -0.0000
vn -0.0000 -0.0000 -1.0000
vn 1.0000 -0.0000 -0.0000
vn -0.0000 -0.0000 1.0000
vn -0.0000 -1.0000 -0.0000
vn -0.0000 1.0000 -0.0000
vt 0.375000 0.000000
vt 0.625000 0.000000
vt 0.625000 0.250000
vt 0.375000 0.250000
vt 0.625000 0.500000
vt 0.375000 0.500000
vt 0.625000 0.750000
vt 0.375000 0.750000
vt 0.625000 1.000000
vt 0.375000 1.000000
vt 0.125000 0.500000
vt 0.125000 0.750000
vt 0.875000 0.500000
vt 0.875000 0.750000
s 0
usemtl Prod_0_2_3_1
f 549/957/410 550/958/410 552/959/410 551/960/410
f 551/960/411 552/959/411 556/961/411 555/962/411
f 555/962/412 556/961/412 554/963/412 553/964/412
f 553/964/413 554/963/413 550/965/413 549/966/413
f 551/967/414 555/962/414 553/964/414 549/968/414
f 556/961/415 552/969/415 550/970/415 554/963/415
o Product_0_2_3_2
v 1.500000 2.225000 3.100000
v 1.500000 2.375000 3.100000
v 1.500000 2.225000 2.900000
v 1.500000 2.375000 2.900000
v 1.700000 2.225000 3.100000
v 1.700000 2.375000 3.100000
v 1.700000 2.225000 2.900000
v 1.700000 2.375000 2.900000
vn -1.0000 -0.0000 -0.0000
vn -0.0000 -0.0000 -1.0000
vn 1.0000 -0.0000 -0.0000
vn -0.0000 -0.0000 1.0000
vn -0.0000 -1.0000 -0.0000
vn -0.0000 1.0000 -0.0000
vt 0.375000 0.000000
vt 0.625000 0.000000
vt 0.625000 0.250000
vt 0.375000 0.250000
vt 0.625000 0.500000
vt 0.375000 0.500000
vt 0.625000 0.750000
vt 0.375000 0.750000
vt 0.625000 1.000000
vt 0.375000 1.000000
vt 0.125000 0.500000
vt 0.125000 0.750000
vt 0.875000 0.500000
vt 0.875000 0.750000
s 0
usemtl Prod_0_2_3_2
f 557/971/416 558/972/416 560/973/416 559/974/416
f 559/974/417 560/973/417 564/975/417 563/976/417
f 563/976/418 564/975/418 562/977/418 561/978/418
f 561/978/419 562/977/419 558/979/419 557/980/419
f 559/981/420 563/976/420 561/978/420 557/982/420
f 564/975/421 560/983/421 558/984/421 562/977/421
o Product_0_2_3_3
v 1.800000 2.225000 3.100000
v 1.800000 2.375000 3.100000
v 1.800000 2.225000 2.900000
v 1.800000 2.375000 2.900000
v 2.000000 2.225000 3.100000
v 2.000000 2.375000 3.100000
v 2.000000 2.225000 2.900000
v 2.000000 2.375000 2.900000
vn -1.0000 -0.0000 -0.0000
vn -0.0000 -0.0000 -1.0000
vn 1.0000 -0.0000 -0.0000
vn -0.0000 -0.0000 1.0000
vn -0.0000 -1.0000 -0.0000
vn -0.0000 1.0000 -0.0000
vt 0.375000 0.000000
vt 0.625000 0.000000
vt 0.625000 0.250000
vt 0.375000 0.250000
vt 0.625000 0.500000
vt 0.375000 0.500000
vt 0.625000 0.750000
vt 0.375000 0.750000
vt 0.625000 1.000000
vt 0.375000 1.000000
vt 0.125000 0.500000
vt 0.125000 0.750000
vt 0.875000 0.500000
vt 0.875000 0.750000
s 0
usemtl Prod_0_2_3_3
f 565/985/422 566/986/422 568/987/422 567/988/422
f 567/988/423 568/987/423 572/989/423 571/990/423
f 571/990/424 572/989/424 570/991/424 569/992/424
f 569/992/425 570/991/425 566/993/425 565/994/425
f 567/995/426 571/990/426 569/992/426 565/996/426
f 572/989/427 568/997/427 566/998/427 570/991/427
o ShelfBase_0_3
v 3.750000 0.000000 3.300000
v 3.750000 0.200000 3.300000
v 3.750000 0.000000 2.700000
v 3.750000 0.200000 2.700000
v 5.250000 0.000000 3.300000
v 5.250000 0.200000 3.300000
v 5.250000 0.000000 2.700000
v 5.250000 0.200000 2.700000
vn -1.0000 -0.0000 -0.0000
vn -0.0000 -0.0000 -1.0000
vn 1.0000 -0.0000 -0.0000
vn -0.0000 -0.0000 1.0000
vn -0.0000 -1.0000 -0.0000
vn -0.0000 1.0000 -0.0000
vt 0.375000 0.000000
vt 0.625000 0.000000
vt 0.625000 0.250000
vt 0.375000 0.250000
vt 0.625000 0.500000
vt 0.375000 0.500000
vt 0.625000 0.750000
vt 0.375000 0.750000
vt 0.625000 1.000000
vt 0.375000 1.000000
vt 0.125000 0.500000
vt 0.125000 0.750000
vt 0.875000 0.500000
vt 0.875000 0.750000
s 0
usemtl ShelfMetal
f 573/999/428 574/1000/428 576/1001/428 575/1002/428
f 575/1002/429 576/1001/429 580/1003/429 579/1004/429
f 579/1004/430 580/1003/430 578/1005/430 577/1006/430
f 577/1006/431 578/1005/431 574/1007/431 573/1008/431
f 575/1009/432 579/1004/432 577/1006/432 573/1010/432
f 580/1003/433 576/1011/433 574/1012/433 578/1005/433
o Shelf_0_3_0
v 3.750000 0.375000 3.300000
v 3.750000 0.425000 3.300000
v 3.750000 0.375000 2.700000
v 3.750000 0.425000 2.700000
v 5.250000 0.375000 3.300000
v 5.250000 0.425000 3.300000
v 5.250000 0.375000 2.700000
v 5.250000 0.425000 2.700000
vn -1.0000 -0.0000 -0.0000
vn -0.0000 -0.0000 -1.0000
vn 1.0000 -0.0000 -0.0000
vn -0.0000 -0.0000 1.0000
vn -0.0000 -1.0000 -0.0000
vn -0.0000 1.0000 -0.0000
vt 0.375000 0.000000
vt 0.625000 0.000000
vt 0.625000 0.250000
vt 0.375000 0.250000
vt 0.625000 0.500000
vt 0.375000 0.500000
vt 0.625000 0.750000
vt 0.375000 0.750000
vt 0.625000 1.000000
vt 0.375000 1.000000
vt 0.125000 0.500000
vt 0.125000 0.750000
vt 0.875000 0.500000
vt 0.875000 0.750000
s 0
usemtl ShelfMetal
f 581/1013/434 582/1014/434 584/1015/434 583/1016/434
f 583/1016/435 584/1015/435 588/1017/435 587/1018/435
f 587/1018/436 588/1017/436 586/1019/436 585/1020/436
f 585/1020/437 586/1019/437 582/1021/437 581/1022/437
f 583/1023/438 587/1018/438 585/1020/438 581/1024/438
f 588/1017/439 584/1025/439 582/1026/439 586/1019/439
o Shelf_0_3_1
v 3.750000 0.975000 3.300000
v 3.750000 1.025000 3.300000
v 3.750000 0.975000 2.700000
v 3.750000 1.025000 2.700000
v 5.250000 0.975000 3.300000
v 5.250000 1.025000 3.300000
v 5.250000 0.975000 2.700000
v 5.250000 1.025000 2.700000
vn -1.0000 -0.0000 -0.0000
vn -0.0000 -0.0000 -1.0000
vn 1.0000 -0.0000 -0.0000
vn -0.0000 -0.0000 1.0000
vn -0.0000 -1.0000 -0.0000
vn -0.0000 1.0000 -0.0000
vt 0.375000 0.000000
vt 0.625000 0.000000
vt 0.625000 0.250000
vt 0.375000 0.250000
vt 0.625000 0.500000
vt 0.375000 0.500000
vt 0.625000 0.750000
vt 0.375000 0.750000
vt 0.625000 1.000000
vt 0.375000 1.000000
vt 0.125000 0.500000
vt 0.125000 0.750000
vt 0.875000 0.500000
vt 0.875000 0.750000
s 0
usemtl ShelfMetal
f 589/1027/440 590/1028/440 592/1029/440 591/1030/440
f 591/1030/441 592/1029/441 596/1031/441 595/1032/441
f 595/1032/442 596/1031/442 594/1033/442 593/1034/442
f 593/1034/443 594/1033/443 590/1035/443 589/1036/443
f 591/1037/444 595/1032/444 593/1034/444 589/1038/444
f 596/1031/445 592/1039/445 590/1040/445 594/1033/445
o Shelf_0_3_2
v 3.750000 1.575000 3.300000
v 3.750000 1.625000 3.300000
v 3.750000 1.575000 2.700000
v 3.750000 1.625000 2.700000
v 5.250000 1.575000 3.300000
v 5.250000 1.625000 3.300000
v 5.250000 1.575000 2.700000
v 5.250000 1.625000 2.700000
vn -1.0000 -0.0000 -0.0000
vn -0.0000 -0.0000 -1.0000
vn 1.0000 -0.0000 -0.0000
vn -0.0000 -0.0000 1.0000
vn -0.0000 -1.0000 -0.0000
vn -0.0000 1.0000 -0.0000
vt 0.375000 0.000000
vt 0.625000 0.000000
vt 0.625000 0.250000
vt 0.375000 0.250000
vt 0.625000 0.500000
vt 0.375000 0.500000
vt 0.625000 0.750000
vt 0.375000 0.750000
vt 0.625000 1.000000
vt 0.375000 1.000000
vt 0.125000 0.500000
vt 0.125000 0.750000
vt 0.875000 0.500000
vt 0.875000 0.750000
s 0
usemtl ShelfMetal
f 597/1041/446 598/1042/446 600/1043/446 599/1044/446
f 599/1044/447 600/1043/447 604/1045/447 603/1046/447
f 603/1046/448 604/1045/448 602/1047/448 601/1048/448
f 601/1048/449 602/1047/449 598/1049/449 597/1050/449
f 599/1051/450 603/1046/450 601/1048/450 597/1052/450
f 604/1045/451 600/1053/451 598/1054/451 602/1047/451
o Shelf_0_3_3
v 3.750000 2.175000 3.300000
v 3.750000 2.225000 3.300000
v 3.750000 2.175000 2.700000
v 3.750000 2.225000 2.700000
v 5.250000 2.175000 3.300000
v 5.250000 2.225000 3.300000
v 5.250000 2.175000 2.700000
v 5.250000 2.225000 2.700000
vn -1.0000 -0.0000 -0.0000
vn -0.0000 -0.0000 -1.0000
vn 1.0000 -0.0000 -0.0000
vn -0.0000 -0.0000 1.0000
vn -0.0000 -1.0000 -0.0000
vn -0.0000 1.0000 -0.0000
vt 0.375000 0.000000
vt 0.625000 0.000000
vt 0.625000 0.250000
vt 0.375000 0.250000
vt 0.625000 0.500000
vt 0.375000 0.500000
vt 0.625000 0.750000
vt 0.375000 0.750000
vt 0.625000 1.000000
vt 0.375000 1.000000
vt 0.125000 0.500000
vt 0.125000 0.750000
vt 0.875000 0.500000
vt 0.875000 0.750000
s 0
usemtl ShelfMetal
f 605/1055/452 606/1056/452 608/1057/452 607/1058/452
f 607/1058/453 608/1057/453 612/1059/453 611/1060/453
f 611/1060/454 612/1059/454 610/1061/454 609/1062/454
f 609/1062/455 610/1061/455 606/1063/455 605/1064/455
f 607/1065/456 611/1060/456 609/1062/456 605/1066/456
f 612/1059/457 608/1067/457 606/1068/457 610/1061/457
o ShelfBack_0_3
v 3.750000 0.500000 2.725000
v 3.750000 2.500000 2.725000
v 3.750000 0.500000 2.675000
v 3.750000 2.500000 2.675000
v 5.250000 0.500000 2.725000
v 5.250000 2.500000 2.725000
v 5.250000 0.500000 2.675000
v 5.250000 2.500000 2.675000
vn -1.0000 -0.0000 -0.0000
vn -0.0000 -0.0000 -1.0000
vn 1.0000 -0.0000 -0.0000
vn -0.0000 -0.0000 1.0000
vn -0.0000 -1.0000 -0.0000
vn -0.0000 1.0000 -0.0000
vt 0.375000 0.000000
vt 0.625000 0.000000
vt 0.625000 0.250000
vt 0.375000 0.250000
vt 0.625000 0.500000
vt 0.375000 0.500000
vt 0.625000 0.750000
vt 0.375000 0.750000
vt 0.625000 1.000000
vt 0.375000 1.000000
vt 0.125000 0.500000
vt 0.125000 0.750000
vt 0.875000 0.500000
vt 0.875000 0.750000
s 0
usemtl ShelfMetal
f 613/1069/458 614/1070/458 616/1071/458 615/1072/458
f 615/1072/459 616/1071/459 620/1073/459 619/1074/459
f 619/1074/460 620/1073/460 618/1075/460 617/1076/460
f 617/1076/461 618/1075/461 614/1077/461 613/1078/461
f 615/1079/462 619/1074/462 617/1076/462 613/1080/462
f 620/1073/463 616/1081/463 614/1082/463 618/1075/463
o Product_0_3_0_0
v 3.900000 0.425000 3.100000
v 3.900000 0.575000 3.100000
v 3.900000 0.425000 2.900000
v 3.900000 0.575000 2.900000
v 4.100000 0.425000 3.100000
v 4.100000 0.575000 3.100000
v 4.100000 0.425000 2.900000
v 4.100000 0.575000 2.900000
vn -1.0000 -0.0000 -0.0000
vn -0.0000 -0.0000 -1.0000
vn 1.0000 -0.0000 -0.0000
vn -0.0000 -0.0000 1.0000
vn -0.0000 -1.0000 -0.0000
vn -0.0000 1.0000 -0.0000
vt 0.375000 0.000000
vt 0.625000 0.000000
vt 0.625000 0.250000
vt 0.375000 0.250000
vt 0.625000 0.500000
vt 0.375000 0.500000
vt 0.625000 0.750000
vt 0.375000 0.750000
vt 0.625000 1.000000
vt 0.375000 1.000000
vt 0.125000 0.500000
vt 0.125000 0.750000
vt 0.875000 0.500000
vt 0.875000 0.750000
s 0
usemtl Prod_0_3_0_0
f 621/1083/464 622/1084/464 624/1085/464 623/1086/464
f 623/1086/465 624/1085/465 628/1087/465 627/1088/465
f 627/1088/466 628/1087/466 626/1089/466 625/1090/466
f 625/1090/467 626/1089/467 622/1091/467 621/1092/467
f 623/1093/468 627/1088/468 625/1090/468 621/1094/468
f 628/1087/469 624/1095/469 622/1096/469 626/1089/469
o Product_0_3_0_1
v 4.200000 0.425000 3.100000
v 4.200000 0.575000 3.100000
v 4.200000 0.425000 2.900000
v 4.200000 0.575000 2.900000
v 4.400000 0.425000 3.100000
v 4.400000 0.575000 3.100000
v 4.400000 0.425000 2.900000
v 4.400000 0.575000 2.900000
vn -1.0000 -0.0000 -0.0000
vn -0.0000 -0.0000 -1.0000
vn 1.0000 -0.0000 -0.0000
vn -0.0000 -0.0000 1.0000
vn -0.0000 -1.0000 -0.0000
vn -0.0000 1.0000 -0.0000
vt 0.375000 0.000000
vt 0.625000 0.000000
vt 0.625000 0.250000
vt 0.375000 0.250000
vt 0.625000 0.500000
vt 0.375000 0.500000
vt 0.625000 0.750000
vt 0.375000 0.750000
vt 0.625000 1.000000
vt 0.375000 1.000000
vt 0.125000 0.500000
vt 0.125000 0.750000
vt 0.875000 0.500000
vt 0.875000 0.750000
s 0
usemtl Prod_0_3_0_1
f 629/1097/470 630/1098/470 632/1099/470 631/1100/470
f 631/1100/471 632/1099/471 636/1101/471 635/1102/471
f 635/1102/472 636/1101/472 634/1103/472 633/1104/472
f 633/1104/473 634/1103/473 630/1105/473 629/1106/473
f 631/1107/474 635/1102/474 633/1104/474 629/1108/474
f 636/1101/475 632/1109/475 630/1110/475 634/1103/475
o Product_0_3_0_2
v 4.500000 0.425000 3.100000
v 4.500000 0.575000 3.100000
v 4.500000 0.425000 2.900000
v 4.500000 0.575000 2.900000
v 4.700000 0.425000 3.100000
v 4.700000 0.575000 3.100000
v 4.700000 0.425000 2.900000
v 4.700000 0.575000 2.900000
vn -1.0000 -0.0000 -0.0000
vn -0.0000 -0.0000 -1.0000
vn 1.0000 -0.0000 -0.0000
vn -0.0000 -0.0000 1.0000
vn -0.0000 -1.0000 -0.0000
vn -0.0000 1.0000 -0.0000
vt 0.375000 0.000000
vt 0.625000 0.000000
vt 0.625000 0.250000
vt 0.375000 0.250000
vt 0.625000 0.500000
vt 0.375000 0.500000
vt 0.625000 0.750000
vt 0.375000 0.750000
vt 0.625000 1.000000
vt 0.375000 1.000000
vt 0.125000 0.500000
vt 0.125000 0.750000
vt 0.875000 0.500000
vt 0.875000 0.750000
s 0
usemtl Prod_0_3_0_2
f 637/1111/476 638/1112/476 640/1113/476 639/1114/476
f 639/1114/477 640/1113/477 644/1115/477 643/1116/477
f 643/1116/478 644/1115/478 642/1117/478 641/1118/478
f 641/1118/479 642/1117/479 638/1119/479 637/1120/479
f 639/1121/480 643/1116/480 641/1118/480 637/1122/480
f 644/1115/481 640/1123/481 638/1124/481 642/1117/481
o Product_0_3_0_3
v 4.800000 0.425000 3.100000
v 4.800000 0.575000 3.100000
v 4.800000 0.425000 2.900000
v 4.800000 0.575000 2.900000
v 5.000000 0.425000 3.100000
v 5.000000 0.575000 3.100000
v 5.000000 0.425000 2.900000
v 5.000000 0.575000 2.900000
vn -1.0000 -0.0000 -0.0000
vn -0.0000 -0.0000 -1.0000
vn 1.0000 -0.0000 -0.0000
vn -0.0000 -0.0000 1.0000
vn -0.0000 -1.0000 -0.0000
vn -0.0000 1.0000 -0.0000
vt 0.375000 0.000000
vt 0.625000 0.000000
vt 0.625000 0.250000
vt 0.375000 0.250000
vt 0.625000 0.500000
vt 0.375000 0.500000
vt 0.625000 0.750000
vt 0.375000 0.750000
vt 0.625000 1.000000
vt 0.375000 1.000000
vt 0.125000 0.500000
vt 0.125000 0.750000
vt 0.875000 0.500000
vt 0.875000 0.750000
s 0
usemtl Prod_0_3_0_3
f 645/1125/482 646/1126/482 648/1127/482 647/1128/482
f 647/1128/483 648/1127/483 652/1129/483 651/1130/483
f 651/1130/484 652/1129/484 650/1131/484 649/1132/484
f 649/1132/485 650/1131/485 646/1133/485 645/1134/485
f 647/1135/486 651/1130/486 649/1132/486 645/1136/486
f 652/1129/487 648/1137/487 646/1138/487 650/1131/487
o Product_0_3_1_0
v 3.900000 1.025000 3.100000
v 3.900000 1.175000 3.100000
v 3.900000 1.025000 2.900000
v 3.900000 1.175000 2.900000
v 4.100000 1.025000 3.100000
v 4.100000 1.175000 3.100000
v 4.100000 1.025000 2.900000
v 4.100000 1.175000 2.900000
vn -1.0000 -0.0000 -0.0000
vn -0.0000 -0.0000 -1.0000
vn 1.0000 -0.0000 -0.0000
vn -0.0000 -0.0000 1.0000
vn -0.0000 -1.0000 -0.0000
vn -0.0000 1.0000 -0.0000
vt 0.375000 0.000000
vt 0.625000 0.000000
vt 0.625000 0.250000
vt 0.375000 0.250000
vt 0.625000 0.500000
vt 0.375000 0.500000
vt 0.625000 0.750000
vt 0.375000 0.750000
vt 0.625000 1.000000
vt 0.375000 1.000000
vt 0.125000 0.500000
vt 0.125000 0.750000
vt 0.875000 0.500000
vt 0.875000 0.750000
s 0
usemtl Prod_0_3_1_0
f 653/1139/488 654/1140/488 656/1141/488 655/1142/488
f 655/1142/489 656/1141/489 660/1143/489 659/1144/489
f 659/1144/490 660/1143/490 658/1145/490 657/1146/490
f 657/1146/491 658/1145/491 654/1147/491 653/1148/491
f 655/1149/492 659/1144/492 657/1146/492 653/1150/492
f 660/1143/493 656/1151/493 654/1152/493 658/1145/493
o Product_0_3_1_1
v 4.200000 1.025000 3.100000
v 4.200000 1.175000 3.100000
v 4.200000 1.025000 2.900000
v 4.200000 1.175000 2.900000
v 4.400000 1.025000 3.100000
v 4.400000 1.175000 3.100000
v 4.400000 1.025000 2.900000
v 4.400000 1.175000 2.900000
vn -1.0000 -0.0000 -0.0000
vn -0.0000 -0.0000 -1.0000
vn 1.0000 -0.0000 -0.0000
vn -0.0000 -0.0000 1.0000
vn -0.0000 -1.0000 -0.0000
vn -0.0000 1.0000 -0.0000
vt 0.375000 0.000000
vt 0.625000 0.000000
vt 0.625000 0.250000
vt 0.375000 0.250000
vt 0.625000 0.500000
vt 0.375000 0.500000
vt 0.625000 0.750000
vt 0.375000 0.750000
vt 0.625000 1.000000
vt 0.375000 1.000000
vt 0.125000 0.500000
vt 0.125000 0.750000
vt 0.875000 0.500000
vt 0.875000 0.750000
s 0
usemtl Prod_0_3_1_1
f 661/1153/494 662/1154/494 664/1155/494 663/1156/494
f 663/1156/495 664/1155/495 668/1157/495 667/1158/495
f 667/1158/496 668/1157/496 666/1159/496 665/1160/496
f 665/1160/497 666/1159/497 662/1161/497 661/1162/497
f 663/1163/498 667/1158/498 665/1160/498 661/1164/498
f 668/1157/499 664/1165/499 662/1166/499 666/1159/499
o Product_0_3_1_2
v 4.500000 1.025000 3.100000
v 4.500000 1.175000 3.100000
v 4.500000 1.025000 2.900000
v 4.500000 1.175000 2.900000
v 4.700000 1.025000 3.100000
v 4.700000 1.175000 3.100000
v 4.700000 1.025000 2.900000
v 4.700000 1.175000 2.900000
vn -1.0000 -0.0000 -0.0000
vn -0.0000 -0.0000 -1.0000
vn 1.0000 -0.0000 -0.0000
vn -0.0000 -0.0000 1.0000
vn -0.0000 -1.0000 -0.0000
vn -0.0000 1.0000 -0.0000
vt 0.375000 0.000000
vt 0.625000 0.000000
vt 0.625000 0.250000
vt 0.375000 0.250000
vt 0.625000 0.500000
vt 0.375000 0.500000
vt 0.625000 0.750000
vt 0.375000 0.750000
vt 0.625000 1.000000
vt 0.375000 1.000000
vt 0.125000 0.500000
vt 0.125000 0.750000
vt 0.875000 0.500000
vt 0.875000 0.750000
s 0
usemtl Prod_0_3_1_2
f 669/1167/500 670/1168/500 672/1169/500 671/1170/500
f 671/1170/501 672/1169/501 676/1171/501 675/1172/501
f 675/1172/502 676/1171/502 674/1173/502 673/1174/502
f 673/1174/503 674/1173/503 670/1175/503 669/1176/503
f 671/1177/504 675/1172/504 673/1174/504 669/1178/504
f 676/1171/505 672/1179/505 670/1180/505 674/1173/505
o Product_0_3_1_3
v 4.800000 1.025000 3.100000
v 4.800000 1.175000 3.100000
v 4.800000 1.025000 2.900000
v 4.800000 1.175000 2.900000
v 5.000000 1.025000 3.100000
v 5.000000 1.175000 3.100000
v 5.000000 1.025000 2.900000
v 5.000000 1.175000 2.900000
vn -1.0000 -0.0000 -0.0000
vn -0.0000 -0.0000 -1.0000
vn 1.0000 -0.0000 -0.0000
vn -0.0000 -0.0000 1.0000
vn -0.0000 -1.0000 -0.0000
vn -0.0000 1.0000 -0.0000
vt 0.375000 0.000000
vt 0.625000 0.000000
vt 0.625000 0.250000
vt 0.375000 0.250000
vt 0.625000 0.500000
vt 0.375000 0.500000
vt 0.625000 0.750000
vt 0.375000 0.750000
vt 0.625000 1.000000
vt 0.375000 1.000000
vt 0.125000 0.500000
vt 0.125000 0.750000
vt 0.875000 0.500000
vt 0.875000 0.750000
s 0
usemtl Prod_0_3_1_3
f 677/1181/506 678/1182/506 680/1183/506 679/1184/506
f 679/1184/507 680/1183/507 684/1185/507 683/1186/507
f 683/1186/508 684/1185/508 682/1187/508 681/1188/508
f 681/1188/509 682/1187/509 678/1189/509 677/1190/509
f 679/1191/510 683/1186/510 681/1188/510 677/1192/510
f 684/1185/511 680/1193/511 678/1194/511 682/1187/511
o Product_0_3_2_0
v 3.900000 1.625000 3.100000
v 3.900000 1.775000 3.100000
v 3.900000 1.625000 2.900000
v 3.900000 1.775000 2.900000
v 4.100000 1.625000 3.100000
v 4.100000 1.775000 3.100000
v 4.100000 1.625000 2.900000
v 4.100000 1.775000 2.900000
vn -1.0000 -0.0000 -0.0000
vn -0.0000 -0.0000 -1.0000
vn 1.0000 -0.0000 -0.0000
vn -0.0000 -0.0000 1.0000
vn -0.0000 -1.0000 -0.0000
vn -0.0000 1.0000 -0.0000
vt 0.375000 0.000000
vt 0.625000 0.000000
vt 0.625000 0.250000
vt 0.375000 0.250000
vt 0.625000 0.500000
vt 0.375000 0.500000
vt 0.625000 0.750000
vt 0.375000 0.750000
vt 0.625000 1.000000
vt 0.375000 1.000000
vt 0.125000 0.500000
vt 0.125000 0.750000
vt 0.875000 0.500000
vt 0.875000 0.750000
s 0
usemtl Prod_0_3_2_0
f 685/1195/512 686/1196/512 688/1197/512 687/1198/512
f 687/1198/513 688/1197/513 692/1199/513 691/1200/513
f 691/1200/514 692/1199/514 690/1201/514 689/1202/514
f 689/1202/515 690/1201/515 686/1203/515 685/1204/515
f 687/1205/516 691/1200/516 689/1202/516 685/1206/516
f 692/1199/517 688/1207/517 686/1208/517 690/1201/517
o Product_0_3_2_1
v 4.200000 1.625000 3.100000
v 4.200000 1.775000 3.100000
v 4.200000 1.625000 2.900000
v 4.200000 1.775000 2.900000
v 4.400000 1.625000 3.100000
v 4.400000 1.775000 3.100000
v 4.400000 1.625000 2.900000
v 4.400000 1.775000 2.900000
vn -1.0000 -0.0000 -0.0000
vn -0.0000 -0.0000 -1.0000
vn 1.0000 -0.0000 -0.0000
vn -0.0000 -0.0000 1.0000
vn -0.0000 -1.0000 -0.0000
vn -0.0000 1.0000 -0.0000
vt 0.375000 0.000000
vt 0.625000 0.000000
vt 0.625000 0.250000
vt 0.375000 0.250000
vt 0.625000 0.500000
vt 0.375000 0.500000
vt 0.625000 0.750000
vt 0.375000 0.750000
vt 0.625000 1.000000
vt 0.375000 1.000000
vt 0.125000 0.500000
vt 0.125000 0.750000
vt 0.875000 0.500000
vt 0.875000 0.750000
s 0
usemtl Prod_0_3_2_1
f 693/1209/518 694/1210/518 696/1211/518 695/1212/518
f 695/1212/519 696/1211/519 700/1213/519 699/1214/519
f 699/1214/520 700/1213/520 698/1215/520 697/1216/520
f 697/1216/521 698/1215/521 694/1217/521 693/1218/521
f 695/1219/522 699/1214/522 697/1216/522 693/1220/522
f 700/1213/523 696/1221/523 694/1222/523 698/1215/523
o Product_0_3_2_2
v 4.500000 1.625000 3.100000
v 4.500000 1.775000 3.100000
v 4.500000 1.625000 2.900000
v 4.500000 1.775000 2.900000
v 4.700000 1.625000 3.100000
v 4.700000 1.775000 3.100000
v 4.700000 1.625000 2.900000
v 4.700000 1.775000 2.900000
vn -1.0000 -0.0000 -0.0000
vn -0.0000 -0.0000 -1.0000
vn 1.0000 -0.0000 -0.0000
vn -0.0000 -0.0000 1.0000
vn -0.0000 -1.0000 -0.0000
vn -0.0000 1.0000 -0.0000
vt 0.375000 0.000000
vt 0.625000 0.000000
vt 0.625000 0.250000
vt 0.375000 0.250000
vt 0.625000 0.500000
vt 0.375000 0.500000
vt 0.625000 0.750000
vt 0.375000 0.750000
vt 0.625000 1.000000
vt 0.375000 1.000000
vt 0.125000 0.500000
vt 0.125000 0.750000
vt 0.875000 0.500000
vt 0.875000 0.750000
s 0
usemtl Prod_0_3_2_2
f 701/1223/524 702/1224/524 704/1225/524 703/1226/524
f 703/1226/525 704/1225/525 708/1227/525 707/1228/525
f 707/1228/526 708/1227/526 706/1229/526 705/1230/526
f 705/1230/527 706/1229/527 702/1231/527 701/1232/527
f 703/1233/528 707/1228/528 705/1230/528 701/1234/528
f 708/1227/529 704/1235/529 702/1236/529 706/1229/529
o Product_0_3_2_3
v 4.800000 1.625000 3.100000
v 4.800000 1.775000 3.100000
v 4.800000 1.625000 2.900000
v 4.800000 1.775000 2.900000
v 5.000000 1.625000 3.100000
v 5.000000 1.775000 3.100000
v 5.000000 1.625000 2.900000
v 5.000000 1.775000 2.900000
vn -1.0000 -0.0000 -0.0000
vn -0.0000 -0.0000 -1.0000
vn 1.0000 -0.0000 -0.0000
vn -0.0000 -0.0000 1.0000
vn -0.0000 -1.0000 -0.0000
vn -0.0000 1.0000 -0.0000
vt 0.375000 0.000000
vt 0.625000 0.000000
vt 0.625000 0.250000
vt 0.375000 0.250000
vt 0.625000 0.500000
vt 0.375000 0.500000
vt 0.625000 0.750000
vt 0.375000 0.750000
vt 0.625000 1.000000
vt 0.375000 1.000000
vt 0.125000 0.500000
vt 0.125000 0.750000
vt 0.875000 0.500000
vt 0.875000 0.750000
s 0
usemtl Prod_0_3_2_3
f 709/1237/530 710/1238/530 712/1239/530 711/1240/530
f 711/1240/531 712/1239/531 716/1241/531 715/1242/531
f 715/1242/532 716/1241/532 714/1243/532 713/1244/532
f 713/1244/533 714/1243/533 710/1245/533 709/1246/533
f 711/1247/534 715/1242/534 713/1244/534 709/1248/534
f 716/1241/535 712/1249/535 710/1250/535 714/1243/535
o Product_0_3_3_0
v 3.900000 2.225000 3.100000
v 3.900000 2.375000 3.100000
v 3.900000 2.225000 2.900000
v 3.900000 2.375000 2.900000
v 4.100000 2.225000 3.100000
v 4.100000 2.375000 3.100000
v 4.100000 2.225000 2.900000
v 4.100000 2.375000 2.900000
vn -1.0000 -0.0000 -0.0000
vn -0.0000 -0.0000 -1.0000
vn 1.0000 -0.0000 -0.0000
vn -0.0000 -0.0000 1.0000
vn -0.0000 -1.0000 -0.0000
vn -0.0000 1.0000 -0.0000
vt 0.375000 0.000000
vt 0.625000 0.000000
vt 0.625000 0.250000
vt 0.375000 0.250000
vt 0.625000 0.500000
vt 0.375000 0.500000
vt 0.625000 0.750000
vt 0.375000 0.750000
vt 0.625000 1.000000
vt 0.375000 1.000000
vt 0.125000 0.500000
vt 0.125000 0.750000
vt 0.875000 0.500000
vt 0.875000 0.750000
s 0
usemtl Prod_0_3_3_0
f 717/1251/536 718/1252/536 720/1253/536 719/1254/536
f 719/1254/537 720/1253/537 724/1255/537 723/1256/537
f 723/1256/538 724/1255/538 722/1257/538 721/1258/538
f 721/1258/539 722/1257/539 718/1259/539 717/1260/539
f 719/1261/540 723/1256/540 721/1258/540 717/1262/540
f 724/1255/541 720/1263/541 718/1264/541 722/1257/541
o Product_0_3_3_1
v 4.200000 2.225000 3.100000
v 4.200000 2.375000 3.100000
v 4.200000 2.225000 2.900000
v 4.200000 2.375000 2.900000
v 4.400000 2.225000 3.100000
v 4.400000 2.375000 3.100000
v 4.400000 2.225000 2.900000
v 4.400000 2.375000 2.900000
vn -1.0000 -0.0000 -0.0000
vn -0.0000 -0.0000 -1.0000
vn 1.0000 -0.0000 -0.0000
vn -0.0000 -0.0000 1.0000
vn -0.0000 -1.0000 -0.0000
vn -0.0000 1.0000 -0.0000
vt 0.375000 0.000000
vt 0.625000 0.000000
vt 0.625000 0.250000
vt 0.375000 0.250000
vt 0.625000 0.500000
vt 0.375000 0.500000
vt 0.625000 0.750000
vt 0.375000 0.750000
vt 0.625000 1.000000
vt 0.375000 1.000000
vt 0.125000 0.500000
vt 0.125000 0.750000
vt 0.875000 0.500000
vt 0.875000 0.750000
s 0
usemtl Prod_0_3_3_1
f 725/1265/542 726/1266/542 728/1267/542 727/1268/542
f 727/1268/543 728/1267/543 732/1269/543 731/1270/543
f 731/1270/544 732/1269/544 730/1271/544 729/1272/544
f 729/1272/545 730/1271/545 726/1273/545 725/1274/545
f 727/1275/546 731/1270/546 729/1272/546 725/1276/546
f 732/1269/547 728/1277/547 726/1278/547 730/1271/547
o Product_0_3_3_2
v 4.500000 2.225000 3.100000
v 4.500000 2.375000 3.100000
v 4.500000 2.225000 2.900000
v 4.500000 2.375000 2.900000
v 4.700000 2.225000 3.100000
v 4.700000 2.375000 3.100000
v 4.700000 2.225000 2.900000
v 4.700000 2.375000 2.900000
vn -1.0000 -0.0000 -0.0000
vn -0.0000 -0.0000 -1.0000
vn 1.0000 -0.0000 -0.0000
vn -0.0000 -0.0000 1.0000
vn -0.0000 -1.0000 -0.0000
vn -0.0000 1.0000 -0.0000
vt 0.375000 0.000000
vt 0.625000 0.000000
vt 0.625000 0.250000
vt 0.375000 0.250000
vt 0.625000 0.500000
vt 0.375000 0.500000
vt 0.625000 0.750000
vt 0.375000 0.750000
vt 0.625000 1.000000
vt 0.375000 1.000000
vt 0.125000 0.500000
vt 0.125000 0.750000
vt 0.875000 0.500000
vt 0.875000 0.750000
s 0
usemtl Prod_0_3_3_2
f 733/1279/548 734/1280/548 736/1281/548 735/1282/548
f 735/1282/549 736/1281/549 740/1283/549 739/1284/549
f 739/1284/550 740/1283/550 738/1285/550 737/1286/550
f 737/1286/551 738/1285/551 734/1287/551 733/1288/551
f 735/1289/552 739/1284/552 737/1286/552 733/1290/552
f 740/1283/553 736/1291/553 734/1292/553 738/1285/553
o Product_0_3_3_3
v 4.800000 2.225000 3.100000
v 4.800000 2.375000 3.100000
v 4.800000 2.225000 2.900000
v 4.800000 2.375000 2.900000
v 5.000000 2.225000 3.100000
v 5.000000 2.375000 3.100000
v 5.000000 2.225000 2.900000
v 5.000000 2.375000 2.900000
vn -1.0000 -0.0000 -0.0000
vn -0.0000 -0.0000 -1.0000
vn 1.0000 -0.0000 -0.0000
vn -0.0000 -0.0000 1.0000
vn -0.0000 -1.0000 -0.0000
vn -0.0000 1.0000 -0.0000
vt 0.375000 0.000000
vt 0.625000 0.000000
vt 0.625000 0.250000
vt 0.375000 0.250000
vt 0.625000 0.500000
vt 0.375000 0.500000
vt 0.625000 0.750000
vt 0.375000 0.750000
vt 0.625000 1.000000
vt 0.375000 1.000000
vt 0.125000 0.500000
vt 0.125000 0.750000
vt 0.875000 0.500000
vt 0.875000 0.750000
s 0
usemtl Prod_0_3_3_3
f 741/1293/554 742/1294/554 744/1295/554 743/1296/554
f 743/1296/555 744/1295/555 748/1297/555 747/1298/555
f 747/1298/556 748/1297/556 746/1299/556 745/1300/556
f 745/1300/557 746/1299/557 742/1301/557 741/1302/557
f 743/1303/558 747/1298/558 745/1300/558 741/1304/558
f 748/1297/559 744/1305/559 742/1306/559 746/1299/559
o ShelfBase_1_0
v -5.250000 0.000000 -0.700000
v -5.250000 0.200000 -0.700000
v -5.250000 0.000000 -1.300000
v -5.250000 0.200000 -1.300000
v -3.750000 0.000000 -0.700000
v -3.750000 0.200000 -0.700000
v -3.750000 0.000000 -1.300000
v -3.750000 0.200000 -1.300000
vn -1.0000 -0.0000 -0.0000
vn -0.0000 -0.0000 -1.0000
vn 1.0000 -0.0000 -0.0000
vn -0.0000 -0.0000 1.0000
vn -0.0000 -1.0000 -0.0000
vn -0.0000 1.0000 -0.0000
vt 0.375000 0.000000
vt 0.625000 0.000000
vt 0.625000 0.250000
vt 0.375000 0.250000
vt 0.625000 0.500000
vt 0.375000 0.500000
vt 0.625000 0.750000
vt 0.375000 0.750000
vt 0.625000 1.000000
vt 0.375000 1.000000
vt 0.125000 0.500000
vt 0.125000 0.750000
vt 0.875000 0.500000
vt 0.875000 0.750000
s 0
usemtl ShelfMetal
f 749/1307/560 750/1308/560 752/1309/560 751/1310/560
f 751/1310/561 752/1309/561 756/1311/561 755/1312/561
f 755/1312/562 756/1311/562 754/1313/562 753/1314/562
f 753/1314/563 754/1313/563 750/1315/563 749/1316/563
f 751/1317/564 755/1312/564 753/1314/564 749/1318/564
f 756/1311/565 752/1319/565 750/1320/565 754/1313/565
o Shelf_1_0_0
v -5.250000 0.375000 -0.700000
v -5.250000 0.425000 -0.700000
v -5.250000 0.375000 -1.300000
v -5.250000 0.425000 -1.300000
v -3.750000 0.375000 -0.700000
v -3.750000 0.425000 -0.700000
v -3.750000 0.375000 -1.300000
v -3.750000 0.425000 -1.300000
vn -1.0000 -0.0000 -0.0000
vn -0.0000 -0.0000 -1.0000
vn 1.0000 -0.0000 -0.0000
vn -0.0000 -0.0000 1.0000
vn -0.0000 -1.0000 -0.0000
vn -0.0000 1.0000 -0.0000
vt 0.375000 0.000000
vt 0.625000 0.000000
vt 0.625000 0.250000
vt 0.375000 0.250000
vt 0.625000 0.500000
vt 0.375000 0.500000
vt 0.625000 0.750000
vt 0.375000 0.750000
vt 0.625000 1.000000
vt 0.375000 1.000000
vt 0.125000 0.500000
vt 0.125000 0.750000
vt 0.875000 0.500000
vt 0.875000 0.750000
s 0
usemtl ShelfMetal
f 757/1321/566 758/1322/566 760/1323/566 759/1324/566
f 759/1324/567 760/1323/567 764/1325/567 763/1326/567
f 763/1326/568 764/1325/568 762/1327/568 761/1328/568
f 761/1328/569 762/1327/569 758/1329/569 757/1330/569
f 759/1331/570 763/1326/570 761/1328/570 757/1332/570
f 764/1325/571 760/1333/571 758/1334/571 762/1327/571
o Shelf_1_0_1
v -5.250000 0.975000 -0.700000
v -5.250000 1.025000 -0.700000
v -5.250000 0.975000 -1.300000
v -5.250000 1.025000 -1.300000
v -3.750000 0.975000 -0.700000
v -3.750000 1.025000 -0.700000
v -3.750000 0.975000 -1.300000
v -3.750000 1.025000 -1.300000
vn -1.0000 -0.0000 -0.0000
vn -0.0000 -0.0000 -1.0000
vn 1.0000 -0.0000 -0.0000
vn -0.0000 -0.0000 1.0000
vn -0.0000 -1.0000 -0.0000
vn -0.0000 1.0000 -0.0000
vt 0.375000 0.000000
vt 0.625000 0.000000
vt 0.625000 0.250000
vt 0.375000 0.250000
vt 0.625000 0.500000
vt 0.375000 0.500000
vt 0.625000 0.750000
vt 0.375000 0.750000
vt 0.625000 1.000000
vt 0.375000 1.000000
vt 0.125000 0.500000
vt 0.125000 0.750000
vt 0.875000 0.500000
vt 0.875000 0.750000
s 0
usemtl ShelfMetal
f 765/1335/572 766/1336/572 768/1337/572 767/1338/572
f 767/1338/573 768/1337/573 772/1339/573 771/1340/573
f 771/1340/574 772/1339/574 770/1341/574 769/1342/574
f 769/1342/575 770/1341/575 766/1343/575 765/1344/575
f 767/1345/576 771/1340/576 769/1342/576 765/1346/576
f 772/1339/577 768/1347/577 766/1348/577 770/1341/577
o Shelf_1_0_2
v -5.250000 1.575000 -0.700000
v -5.250000 1.625000 -0.700000
v -5.250000 1.575000 -1.300000
v -5.250000 1.625000 -1.300000
v -3.750000 1.575000 -0.700000
v -3.750000 1.625000 -0.700000
v -3.750000 1.575000 -1.300000
v -3.750000 1.625000 -1.300000
vn -1.0000 -0.0000 -0.0000
vn -0.0000 -0.0000 -1.0000
vn 1.0000 -0.0000 -0.0000
vn -0.0000 -0.0000 1.0000
vn -0.0000 -1.0000 -0.0000
vn -0.0000 1.0000 -0.0000
vt 0.375000 0.000000
vt 0.625000 0.000000
vt 0.625000 0.250000
vt 0.375000 0.250000
vt 0.625000 0.500000
vt 0.375000 0.500000
vt 0.625000 0.750000
vt 0.375000 0.750000
vt 0.625000 1.000000
vt 0.375000 1.000000
vt 0.125000 0.500000
vt 0.125000 0.750000
vt 0.875000 0.500000
vt 0.875000 0.750000
s 0
usemtl ShelfMetal
f 773/1349/578 774/1350/578 776/1351/578 775/1352/578
f 775/1352/579 776/1351/579 780/1353/579 779/1354/579
f 779/1354/580 780/1353/580 778/1355/580 777/1356/580
f 777/1356/581 778/1355/581 774/1357/581 773/1358/581
f 775/1359/582 779/1354/582 777/1356/582 773/1360/582
f 780/1353/583 776/1361/583 774/1362/583 778/1355/583
o Shelf_1_0_3
v -5.250000 2.175000 -0.700000
v -5.250000 2.225000 -0.700000
v -5.250000 2.175000 -1.300000
v -5.250000 2.225000 -1.300000
v -3.750000 2.175000 -0.700000
v -3.750000 2.225000 -0.700000
v -3.750000 2.175000 -1.300000
v -3.750000 2.225000 -1.300000
vn -1.0000 -0.0000 -0.0000
vn -0.0000 -0.0000 -1.0000
vn 1.0000 -0.0000 -0.0000
vn -0.0000 -0.0000 1.0000
vn -0.0000 -1.0000 -0.0000
vn -0.0000 1.0000 -0.0000
vt 0.375000 0.000000
vt 0.625000 0.000000
vt 0.625000 0.250000
vt 0.375000 0.250000
vt 0.625000 0.500000
vt 0.375000 0.500000
vt 0.625000 0.750000
vt 0.375000 0.750000
vt 0.625000 1.000000
vt 0.375000 1.000000
vt 0.125000 0.500000
vt 0.125000 0.750000
vt 0.875000 0.500000
vt 0.875000 0.750000
s 0
usemtl ShelfMetal
f 781/1363/584 782/1364/584 784/1365/584 783/1366/584
f 783/1366/585 784/1365/585 788/1367/585 787/1368/585
f 787/1368/586 788/1367/586 786/1369/586 785/1370/586
f 785/1370/587 786/1369/587 782/1371/587 781/1372/587
f 783/1373/588 787/1368/588 785/1370/588 781/1374/588
f 788/1367/589 784/1375/589 782/1376/589 786/1369/589
o ShelfBack_1_0
v -5.250000 0.500000 -1.275000
v -5.250000 2.500000 -1.275000
v -5.250000 0.500000 -1.325000
v -5.250000 2.500000 -1.325000
v -3.750000 0.500000 -1.275000
v -3.750000 2.500000 -1.275000
v -3.750000 0.500000 -1.325000
v -3.750000 2.500000 -1.325000
vn -1.0000 -0.0000 -0.0000
vn -0.0000 -0.0000 -1.0000
vn 1.0000 -0.0000 -0.0000
vn -0.0000 -0.0000 1.0000
vn -0.0000 -1.0000 -0.0000
vn -0.0000 1.0000 -0.0000
vt 0.375000 0.000000
vt 0.625000 0.000000
vt 0.625000 0.250000
vt 0.375000 0.250000
vt 0.625000 0.500000
vt 0.375000 0.500000
vt 0.625000 0.750000
vt 0.375000 0.750000
vt 0.625000 1.000000
vt 0.375000 1.000000
vt 0.125000 0.500000
vt 0.125000 0.750000
vt 0.875000 0.500000
vt 0.875000 0.750000
s 0
usemtl ShelfMetal
f 789/1377/590 790/1378/590 792/1379/590 791/1380/590
f 791/1380/591 792/1379/591 796/1381/591 795/1382/591
f 795/1382/592 796/1381/592 794/1383/592 793/1384/592
f 793/1384/593 794/1383/593 790/1385/593 789/1386/593
f 791/1387/594 795/1382/594 793/1384/594 789/1388/594
f 796/1381/595 792/1389/595 790/1390/595 794/1383/595
o Product_1_0_0_0
v -5.100000 0.425000 -0.900000
v -5.100000 0.575000 -0.900000
v -5.100000 0.425000 -1.100000
v -5.100000 0.575000 -1.100000
v -4.900000 0.425000 -0.900000
v -4.900000 0.575000 -0.900000
v -4.900000 0.425000 -1.100000
v -4.900000 0.575000 -1.100000
vn -1.0000 -0.0000 -0.0000
vn -0.0000 -0.0000 -1.0000
vn 1.0000 -0.0000 -0.0000
vn -0.0000 -0.0000 1.0000
vn -0.0000 -1.0000 -0.0000
vn -0.0000 1.0000 -0.0000
vt 0.375000 0.000000
vt 0.625000 0.000000
vt 0.625000 0.250000
vt 0.375000 0.250000
vt 0.625000 0.500000
vt 0.375000 0.500000
vt 0.625000 0.750000
vt 0.375000 0.750000
vt 0.625000 1.000000
vt 0.375000 1.000000
vt 0.125000 0.500000
vt 0.125000 0.750000
vt 0.875000 0.500000
vt 0.875000 0.750000
s 0
usemtl Prod_1_0_0_0
f 797/1391/596 798/1392/596 800/1393/596 799/1394/596
f 799/1394/597 800/1393/597 804/1395/597 803/1396/597
f 803/1396/598 804/1395/598 802/1397/598 801/1398/598
f 801/1398/599 802/1397/599 798/1399/599 797/1400/599
f 799/1401/600 803/1396/600 801/1398/600 797/1402/600
f 804/1395/601 800/1403/601 798/1404/601 802/1397/601
o Product_1_0_0_1
v -4.800000 0.425000 -0.900000
v -4.800000 0.575000 -0.900000
v -4.800000 0.425000 -1.100000
v -4.800000 0.575000 -1.100000
v -4.600000 0.425000 -0.900000
v -4.600000 0.575000 -0.900000
v -4.600000 0.425000 -1.100000
v -4.600000 0.575000 -1.100000
vn -1.0000 -0.0000 -0.0000
vn -0.0000 -0.0000 -1.0000
vn 1.0000 -0.0000 -0.0000
vn -0.0000 -0.0000 1.0000
vn -0.0000 -1.0000 -0.0000
vn -0.0000 1.0000 -0.0000
vt 0.375000 0.000000
vt 0.625000 0.000000
vt 0.625000 0.250000
vt 0.375000 0.250000
vt 0.625000 0.500000
vt 0.375000 0.500000
vt 0.625000 0.750000
vt 0.375000 0.750000
vt 0.625000 1.000000
vt 0.375000 1.000000
vt 0.125000 0.500000
vt 0.125000 0.750000
vt 0.875000 0.500000
vt 0.875000 0.750000
s 0
usemtl Prod_1_0_0_1
f 805/1405/602 806/1406/602 808/1407/602 807/1408/602
f 807/1408/603 808/1407/603 812/1409/603 811/1410/603
f 811/1410/604 812/1409/604 810/1411/604 809/1412/604
f 809/1412/605 810/1411/605 806/1413/605 805/1414/605
f 807/1415/606 811/1410/606 809/1412/606 805/1416/606
f 812/1409/607 808/1417/607 806/1418/607 810/1411/607
o Product_1_0_0_2
v -4.500000 0.425000 -0.900000
v -4.500000 0.575000 -0.900000
v -4.500000 0.425000 -1.100000
v -4.500000 0.575000 -1.100000
v -4.300000 0.425000 -0.900000
v -4.300000 0.575000 -0.900000
v -4.300000 0.425000 -1.100000
v -4.300000 0.575000 -1.100000
vn -1.0000 -0.0000 -0.0000
vn -0.0000 -0.0000 -1.0000
vn 1.0000 -0.0000 -0.0000
vn -0.0000 -0.0000 1.0000
vn -0.0000 -1.0000 -0.0000
vn -0.0000 1.0000 -0.0000
vt 0.375000 0.000000
vt 0.625000 0.000000
vt 0.625000 0.250000
vt 0.375000 0.250000
vt 0.625000 0.500000
vt 0.375000 0.500000
vt 0.625000 0.750000
vt 0.375000 0.750000
vt 0.625000 1.000000
vt 0.375000 1.000000
vt 0.125000 0.500000
vt 0.125000 0.750000
vt 0.875000 0.500000
vt 0.875000 0.750000
s 0
usemtl Prod_1_0_0_2
f 813/1419/608 814/1420/608 816/1421/608 815/1422/608
f 815/1422/609 816/1421/609 820/1423/609 819/1424/609
f 819/1424/610 820/1423/610 818/1425/610 817/1426/610
f 817/1426/611 818/1425/611 814/1427/611 813/1428/611
f 815/1429/612 819/1424/612 817/1426/612 813/1430/612
f 820/1423/613 816/1431/613 814/1432/613 818/1425/613
o Product_1_0_0_3
v -4.200000 0.425000 -0.900000
v -4.200000 0.575000 -0.900000
v -4.200000 0.425000 -1.100000
v -4.200000 0.575000 -1.100000
v -4.000000 0.425000 -0.900000
v -4.000000 0.575000 -0.900000
v -4.000000 0.425000 -1.100000
v -4.000000 0.575000 -1.100000
vn -1.0000 -0.0000 -0.0000
vn -0.0000 -0.0000 -1.0000
vn 1.0000 -0.0000 -0.0000
vn -0.0000 -0.0000 1.0000
vn -0.0000 -1.0000 -0.0000
vn -0.0000 1.0000 -0.0000
vt 0.375000 0.000000
vt 0.625000 0.000000
vt 0.625000 0.250000
vt 0.375000 0.250000
vt 0.625000 0.500000
vt 0.375000 0.500000
vt 0.625000 0.750000
vt 0.375000 0.750000
vt 0.625000 1.000000
vt 0.375000 1.000000
vt 0.125000 0.500000
vt 0.125000 0.750000
vt 0.875000 0.500000
vt 0.875000 0.750000
s 0
usemtl Prod_1_0_0_3
f 821/1433/614 822/1434/614 824/1435/614 823/1436/614
f 823/1436/615 824/1435/615 828/1437/615 827/1438/615
f 827/1438/616 828/1437/616 826/1439/616 825/1440/616
f 825/1440/617 826/1439/617 822/1441/617 821/1442/617
f 823/1443/618 827/1438/618 825/1440/618 821/1444/618
f 828/1437/619 824/1445/619 822/1446/619 826/1439/619
o Product_1_0_1_0
v -5.100000 1.025000 -0.900000
v -5.100000 1.175000 -0.900000
v -5.100000 1.025000 -1.100000
v -5.100000 1.175000 -1.100000
v -4.900000 1.025000 -0.900000
v -4.900000 1.175000 -0.900000
v -4.900000 1.025000 -1.100000
v -4.900000 1.175000 -1.100000
vn -1.0000 -0.0000 -0.0000
vn -0.0000 -0.0000 -1.0000
vn 1.0000 -0.0000 -0.0000
vn -0.0000 -0.0000 1.0000
vn -0.0000 -1.0000 -0.0000
vn -0.0000 1.0000 -0.0000
vt 0.375000 0.000000
vt 0.625000 0.000000
vt 0.625000 0.250000
vt 0.375000 0.250000
vt 0.625000 0.500000
vt 0.375000 0.500000
vt 0.625000 0.750000
vt 0.375000 0.750000
vt 0.625000 1.000000
vt 0.375000 1.000000
vt 0.125000 0.500000
vt 0.125000 0.750000
vt 0.875000 0.500000
vt 0.875000 0.750000
s 0
usemtl Prod_1_0_1_0
f 829/1447/620 830/1448/620 832/1449/620 831/1450/620
f 831/1450/621 832/1449/621 836/1451/621 835/1452/621
f 835/1452/622 836/1451/622 834/1453/622 833/1454/622
f 833/1454/623 834/1453/623 830/1455/623 829/1456/623
f 831/1457/624 835/1452/624 833/1454/624 829/1458/624
f 836/1451/625 832/1459/625 830/1460/625 834/1453/625
o Product_1_0_1_1
v -4.800000 1.025000 -0.900000
v -4.800000 1.175000 -0.900000
v -4.800000 1.025000 -1.100000
v -4.800000 1.175000 -1.100000
v -4.600000 1.025000 -0.900000
v -4.600000 1.175000 -0.900000
v -4.600000 1.025000 -1.100000
v -4.600000 1.175000 -1.100000
vn -1.0000 -0.0000 -0.0000
vn -0.0000 -0.0000 -1.0000
vn 1.0000 -0.0000 -0.0000
vn -0.0000 -0.0000 1.0000
vn -0.0000 -1.0000 -0.0000
vn -0.0000 1.0000 -0.0000
vt 0.375000 0.000000
vt 0.625000 0.000000
vt 0.625000 0.250000
vt 0.375000 0.250000
vt 0.625000 0.500000
vt 0.375000 0.500000
vt 0.625000 0.750000
vt 0.375000 0.750000
vt 0.625000 1.000000
vt 0.375000 1.000000
vt 0.125000 0.500000
vt 0.125000 0.750000
vt 0.875000 0.500000
vt 0.875000 0.750000
s 0
usemtl Prod_1_0_1_1
f 837/1461/626 838/1462/626 840/1463/626 839/1464/626
f 839/1464/627 840/1463/627 844/1465/627 843/1466/627
f 843/1466/628 844/1465/628 842/1467/628 841/1468/628
f 841/1468/629 842/1467/629 838/1469/629 837/1470/629
f 839/1471/630 843/1466/630 841/1468/630 837/1472/630
f 844/1465/631 840/1473/631 838/1474/631 842/1467/631
o Product_1_0_1_2
v -4.500000 1.025000 -0.900000
v -4.500000 1.175000 -0.900000
v -4.500000 1.025000 -1.100000
v -4.500000 1.175000 -1.100000
v -4.300000 1.025000 -0.900000
v -4.300000 1.175000 -0.900000
v -4.300000 1.025000 -1.100000
v -4.300000 1.175000 -1.100000
vn -1.0000 -0.0000 -0.0000
vn -0.0000 -0.0000 -1.0000
vn 1.0000 -0.0000 -0.0000
vn -0.0000 -0.0000 1.0000
vn -0.0000 -1.0000 -0.0000
vn -0.0000 1.0000 -0.0000
vt 0.375000 0.000000
vt 0.625000 0.000000
vt 0.625000 0.250000
vt 0.375000 0.250000
vt 0.625000 0.500000
vt 0.375000 0.500000
vt 0.625000 0.750000
vt 0.375000 0.750000
vt 0.625000 1.000000
vt 0.375000 1.000000
vt 0.125000 0.500000
vt 0.125000 0.750000
vt 0.875000 0.500000
vt 0.875000 0.750000
s 0
usemtl Prod_1_0_1_2
f 845/1475/632 846/1476/632 848/1477/632 847/1478/632
f 847/1478/633 848/1477/633 852/1479/633 851/1480/633
f 851/1480/634 852/1479/634 850/1481/634 849/1482/634
f 849/1482/635 850/1481/635 846/1483/635 845/1484/635
f 847/1485/636 851/1480/636 849/1482/636 845/1486/636
f 852/1479/637 848/1487/637 846/1488/637 850/1481/637
o Product_1_0_1_3
v -4.200000 1.025000 -0.900000
v -4.200000 1.175000 -0.900000
v -4.200000 1.025000 -1.100000
v -4.200000 1.175000 -1.100000
v -4.000000 1.025000 -0.900000
v -4.000000 1.175000 -0.900000
v -4.000000 1.025000 -1.100000
v -4.000000 1.175000 -1.100000
vn -1.0000 -0.0000 -0.0000
vn -0.0000 -0.0000 -1.0000
vn 1.0000 -0.0000 -0.0000
vn -0.0000 -0.0000 1.0000
vn -0.0000 -1.0000 -0.0000
vn -0.0000 1.0000 -0.0000
vt 0.375000 0.000000
vt 0.625000 0.000000
vt 0.625000 0.250000
vt 0.375000 0.250000
vt 0.625000 0.500000
vt 0.375000 0.500000
vt 0.625000 0.750000
vt 0.375000 0.750000
vt 0.625000 1.000000
vt 0.375000 1.000000
vt 0.125000 0.500000
vt 0.125000 0.750000
vt 0.875000 0.500000
vt 0.875000 0.750000
s 0
usemtl Prod_1_0_1_3
f 853/1489/638 854/1490/638 856/1491/638 855/1492/638
f 855/1492/639 856/1491/639 860/1493/639 859/1494/639
f 859/1494/640 860/1493/640 858/1495/640 857/1496/640
f 857/1496/641 858/1495/641 854/1497/641 853/1498/641
f 855/1499/642 859/1494/642 857/1496/642 853/1500/642
f 860/1493/643 856/1501/643 854/1502/643 858/1495/643
o Product_1_0_2_0
v -5.100000 1.625000 -0.900000
v -5.100000 1.775000 -0.900000
v -5.100000 1.625000 -1.100000
v -5.100000 1.775000 -1.100000
v -4.900000 1.625000 -0.900000
v -4.900000 1.775000 -0.900000
v -4.900000 1.625000 -1.100000
v -4.900000 1.775000 -1.100000
vn -1.0000 -0.0000 -0.0000
vn -0.0000 -0.0000 -1.0000
vn 1.0000 -0.0000 -0.0000
vn -0.0000 -0.0000 1.0000
vn -0.0000 -1.0000 -0.0000
vn -0.0000 1.0000 -0.0000
vt 0.375000 0.000000
vt 0.625000 0.000000
vt 0.625000 0.250000
vt 0.375000 0.250000
vt 0.625000 0.500000
vt 0.375000 0.500000
vt 0.625000 0.750000
vt 0.375000 0.750000
vt 0.625000 1.000000
vt 0.375000 1.000000
vt 0.125000 0.500000
vt 0.125000 0.750000
vt 0.875000 0.500000
vt 0.875000 0.750000
s 0
usemtl Prod_1_0_2_0
f 861/1503/644 862/1504/644 864/1505/644 863/1506/644
f 863/1506/645 864/1505/645 868/1507/645 867/1508/645
f 867/1508/646 868/1507/646 866/1509/646 865/1510/646
f 865/1510/647 866/1509/647 862/1511/647 861/1512/647
f 863/1513/648 867/1508/648 865/1510/648 861/1514/648
f 868/1507/649 864/1515/649 862/1516/649 866/1509/649
o Product_1_0_2_1
v -4.800000 1.625000 -0.900000
v -4.800000 1.775000 -0.900000
v -4.800000 1.625000 -1.100000
v -4.800000 1.775000 -1.100000
v -4.600000 1.625000 -0.900000
v -4.600000 1.775000 -0.900000
v -4.600000 1.625000 -1.100000
v -4.600000 1.775000 -1.100000
vn -1.0000 -0.0000 -0.0000
vn -0.0000 -0.0000 -1.0000
vn 1.0000 -0.0000 -0.0000
vn -0.0000 -0.0000 1.0000
vn -0.0000 -1.0000 -0.0000
vn -0.0000 1.0000 -0.0000
vt 0.375000 0.000000
vt 0.625000 0.000000
vt 0.625000 0.250000
vt 0.375000 0.250000
vt 0.625000 0.500000
vt 0.375000 0.500000
vt 0.625000 0.750000
vt 0.375000 0.750000
vt 0.625000 1.000000
vt 0.375000 1.000000
vt 0.125000 0.500000
vt 0.125000 0.750000
vt 0.875000 0.500000
vt 0.875000 0.750000
s 0
usemtl Prod_1_0_2_1
f 869/1517/650 870/1518/650 872/1519/650 871/1520/650
f 871/1520/651 872/1519/651 876/1521/651 875/1522/651
f 875/1522/652 876/1521/652 874/1523/652 873/1524/652
f 873/1524/653 874/1523/653 870/1525/653 869/1526/653
f 871/1527/654 875/1522/654 873/1524/654 869/1528/654
f 876/1521/655 872/1529/655 870/1530/655 874/1523/655
o Product_1_0_2_2
v -4.500000 1.625000 -0.900000
v -4.500000 1.775000 -0.900000
v -4.500000 1.625000 -1.100000
v -4.500000 1.775000 -1.100000
v -4.300000 1.625000 -0.900000
v -4.300000 1.775000 -0.900000
v -4.300000 1.625000 -1.100000
v -4.300000 1.775000 -1.100000
vn -1.0000 -0.0000 -0.0000
vn -0.0000 -0.0000 -1.0000
vn 1.0000 -0.0000 -0.0000
vn -0.0000 -0.0000 1.0000
vn -0.0000 -1.0000 -0.0000
vn -0.0000 1.0000 -0.0000
vt 0.375000 0.000000
vt 0.625000 0.000000
vt 0.625000 0.250000
vt 0.375000 0.250000
vt 0.625000 0.500000
vt 0.375000 0.500000
vt 0.625000 0.750000
vt 0.375000 0.750000
vt 0.625000 1.000000
vt 0.375000 1.000000
vt 0.125000 0.500000
vt 0.125000 0.750000
vt 0.875000 0.500000
vt 0.875000 0.750000
s 0
usemtl Prod_1_0_2_2
f 877/1531/656 878/1532/656 880/1533/656 879/1534/656
f 879/1534/657 880/1533/657 884/1535/657 883/1536/657
f 883/1536/658 884/1535/658 882/1537/658 881/1538/658
f 881/1538/659 882/1537/659 878/1539/659 877/1540/659
f 879/1541/660 883/1536/660 881/1538/660 877/1542/660
f 884/1535/661 880/1543/661 878/1544/661 882/1537/661
o Product_1_0_2_3
v -4.200000 1.625000 -0.900000
v -4.200000 1.775000 -0.900000
v -4.200000 1.625000 -1.100000
v -4.200000 1.775000 -1.100000
v -4.000000 1.625000 -0.900000
v -4.000000 1.775000 -0.900000
v -4.000000 1.625000 -1.100000
v -4.000000 1.775000 -1.100000
vn -1.0000 -0.0000 -0.0000
vn -0.0000 -0.0000 -1.0000
vn 1.0000 -0.0000 -0.0000
vn -0.0000 -0.0000 1.0000
vn -0.0000 -1.0000 -0.0000
vn -0.0000 1.0000 -0.0000
vt 0.375000 0.000000
vt 0.625000 0.000000
vt 0.625000 0.250000
vt 0.375000 0.250000
vt 0.625000 0.500000
vt 0.375000 0.500000
vt 0.625000 0.750000
vt 0.375000 0.750000
vt 0.625000 1.000000
vt 0.375000 1.000000
vt 0.125000 0.500000
vt 0.125000 0.750000
vt 0.875000 0.500000
vt 0.875000 0.750000
s 0
usemtl Prod_1_0_2_3
f 885/1545/662 886/1546/662 888/1547/662 887/1548/662
f 887/1548/663 888/1547/663 892/1549/663 891/1550/663
f 891/1550/664 892/1549/664 890/1551/664 889/1552/664
f 889/1552/665 890/1551/665 886/1553/665 885/1554/665
f 887/1555/666 891/1550/666 889/1552/666 885/1556/666
f 892/1549/667 888/1557/667 886/1558/667 890/1551/667
o Product_1_0_3_0
v -5.100000 2.225000 -0.900000
v -5.100000 2.375000 -0.900000
v -5.100000 2.225000 -1.100000
v -5.100000 2.375000 -1.100000
v -4.900000 2.225000 -0.900000
v -4.900000 2.375000 -0.900000
v -4.900000 2.225000 -1.100000
v -4.900000 2.375000 -1.100000
vn -1.0000 -0.0000 -0.0000
vn -0.0000 -0.0000 -1.0000
vn 1.0000 -0.0000 -0.0000
vn -0.0000 -0.0000 1.0000
vn -0.0000 -1.0000 -0.0000
vn -0.0000 1.0000 -0.0000
vt 0.375000 0.000000
vt 0.625000 0.000000
vt 0.625000 0.250000
vt 0.375000 0.250000
vt 0.625000 0.500000
vt 0.375000 0.500000
vt 0.625000 0.750000
vt 0.375000 0.750000
vt 0.625000 1.000000
vt 0.375000 1.000000
vt 0.125000 0.500000
vt 0.125000 0.750000
vt 0.875000 0.500000
vt 0.875000 0.750000
s 0
usemtl Prod_1_0_3_0
f 893/1559/668 894/1560/668 896/1561/668 895/1562/668
f 895/1562/669 896/1561/669 900/1563/669 899/1564/669
f 899/1564/670 900/1563/670 898/1565/670 897/1566/670
f 897/1566/671 898/1565/671 894/1567/671 893/1568/671
f 895/1569/672 899/1564/672 897/1566/672 893/1570/672
f 900/1563/673 896/1571/673 894/1572/673 898/1565/673
o Product_1_0_3_1
v -4.800000 2.225000 -0.900000
v -4.800000 2.375000 -0.900000
v -4.800000 2.225000 -1.100000
v -4.800000 2.375000 -1.100000
v -4.600000 2.225000 -0.900000
v -4.600000 2.375000 -0.900000
v -4.600000 2.225000 -1.100000
v -4.600000 2.375000 -1.100000
vn -1.0000 -0.0000 -0.0000
vn -0.0000 -0.0000 -1.0000
vn 1.0000 -0.0000 -0.0000
vn -0.0000 -0.0000 1.0000
vn -0.0000 -1.0000 -0.0000
vn -0.0000 1.0000 -0.0000
vt 0.375000 0.000000
vt 0.625000 0.000000
vt 0.625000 0.250000
vt 0.375000 0.250000
vt 0.625000 0.500000
vt 0.375000 0.500000
vt 0.625000 0.750000
vt 0.375000 0.750000
vt 0.625000 1.000000
vt 0.375000 1.000000
vt 0.125000 0.500000
vt 0.125000 0.750000
vt 0.875000 0.500000
vt 0.875000 0.750000
s 0
usemtl Prod_1_0_3_1
f 901/1573/674 902/1574/674 904/1575/674 903/1576/674
f 903/1576/675 904/1575/675 908/1577/675 907/1578/675
f 907/1578/676 908/1577/676 906/1579/676 905/1580/676
f 905/1580/677 906/1579/677 902/1581/677 901/1582/677
f 903/1583/678 907/1578/678 905/1580/678 901/1584/678
f 908/1577/679 904/1585/679 902/1586/679 906/1579/679
o Product_1_0_3_2
v -4.500000 2.225000 -0.900000
v -4.500000 2.375000 -0.900000
v -4.500000 2.225000 -1.100000
v -4.500000 2.375000 -1.100000
v -4.300000 2.225000 -0.900000
v -4.300000 2.375000 -0.900000
v -4.300000 2.225000 -1.100000
v -4.300000 2.375000 -1.100000
vn -1.0000 -0.0000 -0.0000
vn -0.0000 -0.0000 -1.0000
vn 1.0000 -0.0000 -0.0000
vn -0.0000 -0.0000 1.0000
vn -0.0000 -1.0000 -0.0000
vn -0.0000 1.0000 -0.0000
vt 0.375000 0.000000
vt 0.625000 0.000000
vt 0.625000 0.250000
vt 0.375000 0.250000
vt 0.625000 0.500000
vt 0.375000 0.500000
vt 0.625000 0.750000
vt 0.375000 0.750000
vt 0.625000 1.000000
vt 0.375000 1.000000
vt 0.125000 0.500000
vt 0.125000 0.750000
vt 0.875000 0.500000
vt 0.875000 0.750000
s 0
usemtl Prod_1_0_3_2
f 909/1587/680 910/1588/680 912/1589/680 911/1590/680
f 911/1590/681 912/1589/681 916/1591/681 915/1592/681
f 915/1592/682 916/1591/682 914/1593/682 913/1594/682
f 913/1594/683 914/1593/683 910/1595/683 909/1596/683
f 911/1597/684 915/1592/684 913/1594/684 909/1598/684
f 916/1591/685 912/1599/685 910/1600/685 914/1593/685
o Product_1_0_3_3
v -4.200000 2.225000 -0.900000
v -4.200000 2.375000 -0.900000
v -4.200000 2.225000 -1.100000
v -4.200000 2.375000 -1.100000
v -4.000000 2.225000 -0.900000
v -4.000000 2.375000 -0.900000
v -4.000000 2.225000 -1.100000
v -4.000000 2.375000 -1.100000
vn -1.0000 -0.0000 -0.0000
vn -0.0000 -0.0000 -1.0000
vn 1.0000 -0.0000 -0.0000
vn -0.0000 -0.0000 1.0000
vn -0.0000 -1.0000 -0.0000
vn -0.0000 1.0000 -0.0000
vt 0.375000 0.000000
vt 0.625000 0.000000
vt 0.625000 0.250000
vt 0.375000 0.250000
vt 0.625000 0.500000
vt 0.375000 0.500000
vt 0.625000 0.750000
vt 0.375000 0.750000
vt 0.625000 1.000000
vt 0.375000 1.000000
vt 0.125000 0.500000
vt 0.125000 0.750000
vt 0.875000 0.500000
vt 0.875000 0.750000
s 0
usemtl Prod_1_0_3_3
f 917/1601/686 918/1602/686 920/1603/686 919/1604/686
f 919/1604/687 920/1603/687 924/1605/687 923/1606/687
f 923/1606/688 924/1605/688 922/1607/688 921/1608/688
f 921/1608/689 922/1607/689 918/1609/689 917/1610/689
f 919/1611/690 923/1606/690 921/1608/690 917/1612/690
f 924/1605/691 920/1613/691 918/1614/691 922/1607/691
o ShelfBase_1_1
v -2.250000 0.000000 -0.700000
v -2.250000 0.200000 -0.700000
v -2.250000 0.000000 -1.300000
v -2.250000 0.200000 -1.300000
v -0.750000 0.000000 -0.700000
v -0.750000 0.200000 -0.700000
v -0.750000 0.000000 -1.300000
v -0.750000 0.200000 -1.300000
vn -1.0000 -0.0000 -0.0000
vn -0.0000 -0.0000 -1.0000
vn 1.0000 -0.0000 -0.0000
vn -0.0000 -0.0000 1.0000
vn -0.0000 -1.0000 -0.0000
vn -0.0000 1.0000 -0.0000
vt 0.375000 0.000000
vt 0.625000 0.000000
vt 0.625000 0.250000
vt 0.375000 0.250000
vt 0.625000 0.500000
vt 0.375000 0.500000
vt 0.625000 0.750000
vt 0.375000 0.750000
vt 0.625000 1.000000
vt 0.375000 1.000000
vt 0.125000 0.500000
vt 0.125000 0.750000
vt 0.875000 0.500000
vt 0.875000 0.750000
s 0
usemtl ShelfMetal
f 925/1615/692 926/1616/692 928/1617/692 927/1618/692
f 927/1618/693 928/1617/693 932/1619/693 931/1620/693
f 931/1620/694 932/1619/694 930/1621/694 929/1622/694
f 929/1622/695 930/1621/695 926/1623/695 925/1624/695
f 927/1625/696 931/1620/696 929/1622/696 925/1626/696
f 932/1619/697 928/1627/697 926/1628/697 930/1621/697
o Shelf_1_1_0
v -2.250000 0.375000 -0.700000
v -2.250000 0.425000 -0.700000
v -2.250000 0.375000 -1.300000
v -2.250000 0.425000 -1.300000
v -0.750000 0.375000 -0.700000
v -0.750000 0.425000 -0.700000
v -0.750000 0.375000 -1.300000
v -0.750000 0.425000 -1.300000
vn -1.0000 -0.0000 -0.0000
vn -0.0000 -0.0000 -1.0000
vn 1.0000 -0.0000 -0.0000
vn -0.0000 -0.0000 1.0000
vn -0.0000 -1.0000 -0.0000
vn -0.0000 1.0000 -0.0000
vt 0.375000 0.000000
vt 0.625000 0.000000
vt 0.625000 0.250000
vt 0.375000 0.250000
vt 0.625000 0.500000
vt 0.375000 0.500000
vt 0.625000 0.750000
vt 0.375000 0.750000
vt 0.625000 1.000000
vt 0.375000 1.000000
vt 0.125000 0.500000
vt 0.125000 0.750000
vt 0.875000 0.500000
vt 0.875000 0.750000
s 0
usemtl ShelfMetal
f 933/1629/698 934/1630/698 936/1631/698 935/1632/698
f 935/1632/699 936/1631/699 940/1633/699 939/1634/699
f 939/1634/700 940/1633/700 938/1635/700 937/1636/700
f 937/1636/701 938/1635/701 934/1637/701 933/1638/701
f 935/1639/702 939/1634/702 937/1636/702 933/1640/702
f 940/1633/703 936/1641/703 934/1642/703 938/1635/703
o Shelf_1_1_1
v -2.250000 0.975000 -0.700000
v -2.250000 1.025000 -0.700000
v -2.250000 0.975000 -1.300000
v -2.250000 1.025000 -1.300000
v -0.750000 0.975000 -0.700000
v -0.750000 1.025000 -0.700000
v -0.750000 0.975000 -1.300000
v -0.750000 1.025000 -1.300000
vn -1.0000 -0.0000 -0.0000
vn -0.0000 -0.0000 -1.0000
vn 1.0000 -0.0000 -0.0000
vn -0.0000 -0.0000 1.0000
vn -0.0000 -1.0000 -0.0000
vn -0.0000 1.0000 -0.0000
vt 0.375000 0.000000
vt 0.625000 0.000000
vt 0.625000 0.250000
vt 0.375000 0.250000
vt 0.625000 0.500000
vt 0.375000 0.500000
vt 0.625000 0.750000
vt 0.375000 0.750000
vt 0.625000 1.000000
vt 0.375000 1.000000
vt 0.125000 0.500000
vt 0.125000 0.750000
vt 0.875000 0.500000
vt 0.875000 0.750000
s 0
usemtl ShelfMetal
f 941/1643/704 942/1644/704 944/1645/704 943/1646/704
f 943/1646/705 944/1645/705 948/1647/705 947/1648/705
f 947/1648/706 948/1647/706 946/1649/706 945/1650/706
f 945/1650/707 946/1649/707 942/1651/707 941/1652/707
f 943/1653/708 947/1648/708 945/1650/708 941/1654/708
f 948/1647/709 944/1655/709 942/1656/709 946/1649/709
o Shelf_1_1_2
v -2.250000 1.575000 -0.700000
v -2.250000 1.625000 -0.700000
v -2.250000 1.575000 -1.300000
v -2.250000 1.625000 -1.300000
v -0.750000 1.575000 -0.700000
v -0.750000 1.625000 -0.700000
v -0.750000 1.575000 -1.300000
v -0.750000 1.625000 -1.300000
vn -1.0000 -0.0000 -0.0000
vn -0.0000 -0.0000 -1.0000
vn 1.0000 -0.0000 -0.0000
vn -0.0000 -0.0000 1.0000
vn -0.0000 -1.0000 -0.0000
vn -0.0000 1.0000 -0.0000
vt 0.375000 0.000000
vt 0.625000 0.000000
vt 0.625000 0.250000
vt 0.375000 0.250000
vt 0.625000 0.500000
vt 0.375000 0.500000
vt 0.625000 0.750000
vt 0.375000 0.750000
vt 0.625000 1.000000
vt 0.375000 1.000000
vt 0.125000 0.500000
vt 0.125000 0.750000
vt 0.875000 0.500000
vt 0.875000 0.750000
s 0
usemtl ShelfMetal
f 949/1657/710 950/1658/710 952/1659/710 951/1660/710
f 951/1660/711 952/1659/711 956/1661/711 955/1662/711
f 955/1662/712 956/1661/712 954/1663/712 953/1664/712
f 953/1664/713 954/1663/713 950/1665/713 949/1666/713
f 951/1667/714 955/1662/714 953/1664/714 949/1668/714
f 956/1661/715 952/1669/715 950/1670/715 954/1663/715
o Shelf_1_1_3
v -2.250000 2.175000 -0.700000
v -2.250000 2.225000 -0.700000
v -2.250000 2.175000 -1.300000
v -2.250000 2.225000 -1.300000
v -0.750000 2.175000 -0.700000
v -0.750000 2.225000 -0.700000
v -0.750000 2.175000 -1.300000
v -0.750000 2.225000 -1.300000
vn -1.0000 -0.0000 -0.0000
vn -0.0000 -0.0000 -1.0000
vn 1.0000 -0.0000 -0.0000
vn -0.0000 -0.0000 1.0000
vn -0.0000 -1.0000 -0.0000
vn -0.0000 1.0000 -0.0000
vt 0.375000 0.000000
vt 0.625000 0.000000
vt 0.625000 0.250000
vt 0.375000 0.250000
vt 0.625000 0.500000
vt 0.375000 0.500000
vt 0.625000 0.750000
vt 0.375000 0.750000
vt 0.625000 1.000000
vt 0.375000 1.000000
vt 0.125000 0.500000
vt 0.125000 0.750000
vt 0.875000 0.500000
vt 0.875000 0.750000
s 0
usemtl ShelfMetal
f 957/1671/716 958/1672/716 960/1673/716 959/1674/716
f 959/1674/717 960/1673/717 964/1675/717 963/1676/717
f 963/1676/718 964/1675/718 962/1677/718 961/1678/718
f 961/1678/719 962/1677/719 958/1679/719 957/1680/719
f 959/1681/720 963/1676/720 961/1678/720 957/1682/720
f 964/1675/721 960/1683/721 958/1684/721 962/1677/721
o ShelfBack_1_1
v -2.250000 0.500000 -1.275000
v -2.250000 2.500000 -1.275000
v -2.250000 0.500000 -1.325000
v -2.250000 2.500000 -1.325000
v -0.750000 0.500000 -1.275000
v -0.750000 2.500000 -1.275000
v -0.750000 0.500000 -1.325000
v -0.750000 2.500000 -1.325000
vn -1.0000 -0.0000 -0.0000
vn -0.0000 -0.0000 -1.0000
vn 1.0000 -0.0000 -0.0000
vn -0.0000 -0.0000 1.0000
vn -0.0000 -1.0000 -0.0000
vn -0.0000 1.0000 -0.0000
vt 0.375000 0.000000
vt 0.625000 0.000000
vt 0.625000 0.250000
vt 0.375000 0.250000
vt 0.625000 0.500000
vt 0.375000 0.500000
vt 0.625000 0.750000
vt 0.375000 0.750000
vt 0.625000 1.000000
vt 0.375000 1.000000
vt 0.125000 0.500000
vt 0.125000 0.750000
vt 0.875000 0.500000
vt 0.875000 0.750000
s 0
usemtl ShelfMetal
f 965/1685/722 966/1686/722 968/1687/722 967/1688/722
f 967/1688/723 968/1687/723 972/1689/723 971/1690/723
f 971/1690/724 972/1689/724 970/1691/724 969/1692/724
f 969/1692/725 970/1691/725 966/1693/725 965/1694/725
f 967/1695/726 971/1690/726 969/1692/726 965/1696/726
f 972/1689/727 968/1697/727 966/1698/727 970/1691/727
o Product_1_1_0_0
v -2.100000 0.425000 -0.900000
v -2.100000 0.575000 -0.900000
v -2.100000 0.425000 -1.100000
v -2.100000 0.575000 -1.100000
v -1.900000 0.425000 -0.900000
v -1.900000 0.575000 -0.900000
v -1.900000 0.425000 -1.100000
v -1.900000 0.575000 -1.100000
vn -1.0000 -0.0000 -0.0000
vn -0.0000 -0.0000 -1.0000
vn 1.0000 -0.0000 -0.0000
vn -0.0000 -0.0000 1.0000
vn -0.0000 -1.0000 -0.0000
vn -0.0000 1.0000 -0.0000
vt 0.375000 0.000000
vt 0.625000 0.000000
vt 0.625000 0.250000
vt 0.375000 0.250000
vt 0.625000 0.500000
vt 0.375000 0.500000
vt 0.625000 0.750000
vt 0.375000 0.750000
vt 0.625000 1.000000
vt 0.375000 1.000000
vt 0.125000 0.500000
vt 0.125000 0.750000
vt 0.875000 0.500000
vt 0.875000 0.750000
s 0
usemtl Prod_1_1_0_0
f 973/1699/728 974/1700/728 976/1701/728 975/1702/728
f 975/1702/729 976/1701/729 980/1703/729 979/1704/729
f 979/1704/730 980/1703/730 978/1705/730 977/1706/730
f 977/1706/731 978/1705/731 974/1707/731 973/1708/731
f 975/1709/732 979/1704/732 977/1706/732 973/1710/732
f 980/1703/733 976/1711/733 974/1712/733 978/1705/733
o Product_1_1_0_1
v -1.800000 0.425000 -0.900000
v -1.800000 0.575000 -0.900000
v -1.800000 0.425000 -1.100000
v -1.800000 0.575000 -1.100000
v -1.600000 0.425000 -0.900000
v -1.600000 0.575000 -0.900000
v -1.600000 0.425000 -1.100000
v -1.600000 0.575000 -1.100000
vn -1.0000 -0.0000 -0.0000
vn -0.0000 -0.0000 -1.0000
vn 1.0000 -0.0000 -0.0000
vn -0.0000 -0.0000 1.0000
vn -0.0000 -1.0000 -0.0000
vn -0.0000 1.0000 -0.0000
vt 0.375000 0.000000
vt 0.625000 0.000000
vt 0.625000 0.250000
vt 0.375000 0.250000
vt 0.625000 0.500000
vt 0.375000 0.500000
vt 0.625000 0.750000
vt 0.375000 0.750000
vt 0.625000 1.000000
vt 0.375000 1.000000
vt 0.125000 0.500000
vt 0.125000 0.750000
vt 0.875000 0.500000
vt 0.875000 0.750000
s 0
usemtl Prod_1_1_0_1
f 981/1713/734 982/1714/734 984/1715/734 983/1716/734
f 983/1716/735 984/1715/735 988/1717/735 987/1718/735
f 987/1718/736 988/1717/736 986/1719/736 985/1720/736
f 985/1720/737 986/1719/737 982/1721/737 981/1722/737
f 983/1723/738 987/1718/738 985/1720/738 981/1724/738
f 988/1717/739 984/1725/739 982/1726/739 986/1719/739
o Product_1_1_0_2
v -1.500000 0.425000 -0.900000
v -1.500000 0.575000 -0.900000
v -1.500000 0.425000 -1.100000
v -1.500000 0.575000 -1.100000
v -1.300000 0.425000 -0.900000
v -1.300000 0.575000 -0.900000
v -1.300000 0.425000 -1.100000
v -1.300000 0.575000 -1.100000
vn -1.0000 -0.0000 -0.0000
vn -0.0000 -0.0000 -1.0000
vn 1.0000 -0.0000 -0.0000
vn -0.0000 -0.0000 1.0000
vn -0.0000 -1.0000 -0.0000
vn -0.0000 1.0000 -0.0000
vt 0.375000 0.000000
vt 0.625000 0.000000
vt 0.625000 0.250000
vt 0.375000 0.250000
vt 0.625000 0.500000
vt 0.375000 0.500000
vt 0.625000 0.750000
vt 0.375000 0.750000
vt 0.625000 1.000000
vt 0.375000 1.000000
vt 0.125000 0.500000
vt 0.125000 0.750000
vt 0.875000 0.500000
vt 0.875000 0.750000
s 0
usemtl Prod_1_1_0_2
f 989/1727/740 990/1728/740 992/1729/740 991/1730/740
f 991/1730/741 992/1729/741 996/1731/741 995/1732/741
f 995/1732/742 996/1731/742 994/1733/742 993/1734/742
f 993/1734/743 994/1733/743 990/1735/743 989/1736/743
f 991/1737/744 995/1732/744 993/1734/744 989/1738/744
f 996/1731/745 992/1739/745 990/1740/745 994/1733/745
o Product_1_1_0_3
v -1.200000 0.425000 -0.900000
v -1.200000 0.575000 -0.900000
v -1.200000 0.425000 -1.100000
v -1.200000 0.575000 -1.100000
v -1.000000 0.425000 -0.900000
v -1.000000 0.575000 -0.900000
v -1.000000 0.425000 -1.100000
v -1.000000 0.575000 -1.100000
vn -1.0000 -0.0000 -0.0000
vn -0.0000 -0.0000 -1.0000
vn 1.0000 -0.0000 -0.0000
vn -0.0000 -0.0000 1.0000
vn -0.0000 -1.0000 -0.0000
vn -0.0000 1.0000 -0.0000
vt 0.375000 0.000000
vt 0.625000 0.000000
vt 0.625000 0.250000
vt 0.375000 0.250000
vt 0.625000 0.500000
vt 0.375000 0.500000
vt 0.625000 0.750000
vt 0.375000 0.750000
vt 0.625000 1.000000
vt 0.375000 1.000000
vt 0.125000 0.500000
vt 0.125000 0.750000
vt 0.875000 0.500000
vt 0.875000 0.750000
s 0
usemtl Prod_1_1_0_3
f 997/1741/746 998/1742/746 1000/1743/746 999/1744/746
f 999/1744/747 1000/1743/747 1004/1745/747 1003/1746/747
f 1003/1746/748 1004/1745/748 1002/1747/748 1001/1748/748
f 1001/1748/749 1002/1747/749 998/1749/749 997/1750/749
f 999/1751/750 1003/1746/750 1001/1748/750 997/1752/750
f 1004/1745/751 1000/1753/751 998/1754/751 1002/1747/751
o Product_1_1_1_0
v -2.100000 1.025000 -0.900000
v -2.100000 1.175000 -0.900000
v -2.100000 1.025000 -1.100000
v -2.100000 1.175000 -1.100000
v -1.900000 1.025000 -0.900000
v -1.900000 1.175000 -0.900000
v -1.900000 1.025000 -1.100000
v -1.900000 1.175000 -1.100000
vn -1.0000 -0.0000 -0.0000
vn -0.0000 -0.0000 -1.0000
vn 1.0000 -0.0000 -0.0000
vn -0.0000 -0.0000 1.0000
vn -0.0000 -1.0000 -0.0000
vn -0.0000 1.0000 -0.0000
vt 0.375000 0.000000
vt 0.625000 0.000000
vt 0.625000 0.250000
vt 0.375000 0.250000
vt 0.625000 0.500000
vt 0.375000 0.500000
vt 0.625000 0.750000
vt 0.375000 0.750000
vt 0.625000 1.000000
vt 0.375000 1.000000
vt 0.125000 0.500000
vt 0.125000 0.750000
vt 0.875000 0.500000
vt 0.875000 0.750000
s 0
usemtl Prod_1_1_1_0
f 1005/1755/752 1006/1756/752 1008/1757/752 1007/1758/752
f 1007/1758/753 1008/1757/753 1012/1759/753 1011/1760/753
f 1011/1760/754 1012/1759/754 1010/1761/754 1009/1762/754
f 1009/1762/755 1010/1761/755 1006/1763/755 1005/1764/755
f 1007/1765/756 1011/1760/756 1009/1762/756 1005/1766/756
f 1012/1759/757 1008/1767/757 1006/1768/757 1010/1761/757
o Product_1_1_1_1
v -1.800000 1.025000 -0.900000
v -1.800000 1.175000 -0.900000
v -1.800000 1.025000 -1.100000
v -1.800000 1.175000 -1.100000
v -1.600000 1.025000 -0.900000
v -1.600000 1.175000 -0.900000
v -1.600000 1.025000 -1.100000
v -1.600000 1.175000 -1.100000
vn -1.0000 -0.0000 -0.0000
vn -0.0000 -0.0000 -1.0000
vn 1.0000 -0.0000 -0.0000
vn -0.0000 -0.0000 1.0000
vn -0.0000 -1.0000 -0.0000
vn -0.0000 1.0000 -0.0000
vt 0.375000 0.000000
vt 0.625000 0.000000
vt 0.625000 0.250000
vt 0.375000 0.250000
vt 0.625000 0.500000
vt 0.375000 0.500000
vt 0.625000 0.750000
vt 0.375000 0.750000
vt 0.625000 1.000000
vt 0.375000 1.000000
vt 0.125000 0.500000
vt 0.125000 0.750000
vt 0.875000 0.500000
vt 0.875000 0.750000
s 0
usemtl Prod_1_1_1_1
f 1013/1769/758 1014/1770/758 1016/1771/758 1015/1772/758
f 1015/1772/759 1016/1771/759 1020/1773/759 1019/1774/759
f 1019/1774/760 1020/1773/760 1018/1775/760 1017/1776/760
f 1017/1776/761 1018/1775/761 1014/1777/761 1013/1778/761
f 1015/1779/762 1019/1774/762 1017/1776/762 1013/1780/762
f 1020/1773/763 1016/1781/763 1014/1782/763 1018/1775/763
o Product_1_1_1_2
v -1.500000 1.025000 -0.900000
v -1.500000 1.175000 -0.900000
v -1.500000 1.025000 -1.100000
v -1.500000 1.175000 -1.100000
v -1.300000 1.025000 -0.900000
v -1.300000 1.175000 -0.900000
v -1.300000 1.025000 -1.100000
v -1.300000 1.175000 -1.100000
vn -1.0000 -0.0000 -0.0000
vn -0.0000 -0.0000 -1.0000
vn 1.0000 -0.0000 -0.0000
vn -0.0000 -0.0000 1.0000
vn -0.0000 -1.0000 -0.0000
vn -0.0000 1.0000 -0.0000
vt 0.375000 0.000000
vt 0.625000 0.000000
vt 0.625000 0.250000
vt 0.375000 0.250000
vt 0.625000 0.500000
vt 0.375000 0.500000
vt 0.625000 0.750000
vt 0.375000 0.750000
vt 0.625000 1.000000
vt 0.375000 1.000000
vt 0.125000 0.500000
vt 0.125000 0.750000
vt 0.875000 0.500000
vt 0.875000 0.750000
s 0
usemtl Prod_1_1_1_2
f 1021/1783/764 1022/1784/764 1024/1785/764 1023/1786/764
f 1023/1786/765 1024/1785/765 1028/1787/765 1027/1788/765
f 1027/1788/766 1028/1787/766 1026/1789/766 1025/1790/766
f 1025/1790/767 1026/1789/767 1022/1791/767 1021/1792/767
f 1023/1793/768 1027/1788/768 1025/1790/768 1021/1794/768
f 1028/1787/769 1024/1795/769 1022/1796/769 1026/1789/769
o Product_1_1_1_3
v -1.200000 1.025000 -0.900000
v -1.200000 1.175000 -0.900000
v -1.200000 1.025000 -1.100000
v -1.200000 1.175000 -1.100000
v -1.000000 1.025000 -0.900000
v -1.000000 1.175000 -0.900000
v -1.000000 1.025000 -1.100000
v -1.000000 1.175000 -1.100000
vn -1.0000 -0.0000 -0.0000
vn -0.0000 -0.0000 -1.0000
vn 1.0000 -0.0000 -0.0000
vn -0.0000 -0.0000 1.0000
vn -0.0000 -1.0000 -0.0000
vn -0.0000 1.0000 -0.0000
vt 0.375000 0.000000
vt 0.625000 0.000000
vt 0.625000 0.250000
vt 0.375000 0.250000
vt 0.625000 0.500000
vt 0.375000 0.500000
vt 0.625000 0.750000
vt 0.375000 0.750000
vt 0.625000 1.000000
vt 0.375000 1.000000
vt 0.125000 0.500000
vt 0.125000 0.750000
vt 0.875000 0.500000
vt 0.875000 0.750000
s 0
usemtl Prod_1_1_1_3
f 1029/1797/770 1030/1798/770 1032/1799/770 1031/1800/770
f 1031/1800/771 1032/1799/771 1036/1801/771 1035/1802/771
f 1035/1802/772 1036/1801/772 1034/1803/772 1033/1804/772
f 1033/1804/773 1034/1803/773 1030/1805/773 1029/1806/773
f 1031/1807/774 1035/1802/774 1033/1804/774 1029/1808/774
f 1036/1801/775 1032/1809/775 1030/1810/775 1034/1803/775
o Product_1_1_2_0
v -2.100000 1.625000 -0.900000
v -2.100000 1.775000 -0.900000
v -2.100000 1.625000 -1.100000
v -2.100000 1.775000 -1.100000
v -1.900000 1.625000 -0.900000
v -1.900000 1.775000 -0.900000
v -1.900000 1.625000 -1.100000
v -1.900000 1.775000 -1.100000
vn -1.0000 -0.0000 -0.0000
vn -0.0000 -0.0000 -1.0000
vn 1.0000 -0.0000 -0.0000
vn -0.0000 -0.0000 1.0000
vn -0.0000 -1.0000 -0.0000
vn -0.0000 1.0000 -0.0000
vt 0.375000 0.000000
vt 0.625000 0.000000
vt 0.625000 0.250000
vt 0.375000 0.250000
vt 0.625000 0.500000
vt 0.375000 0.500000
vt 0.625000 0.750000
vt 0.375000 0.750000
vt 0.625000 1.000000
vt 0.375000 1.000000
vt 0.125000 0.500000
vt 0.125000 0.750000
vt 0.875000 0.500000
vt 0.875000 0.750000
s 0
usemtl Prod_1_1_2_0
f 1037/1811/776 1038/1812/776 1040/1813/776 1039/1814/776
f 1039/1814/777 1040/1813/777 1044/1815/777 1043/1816/777
f 1043/1816/778 1044/1815/778 1042/1817/778 1041/1818/778
f 1041/1818/779 1042/1817/779 1038/1819/779 1037/1820/779
f 1039/1821/780 1043/1816/780 1041/1818/780 1037/1822/780
f 1044/1815/781 1040/1823/781 1038/1824/781 1042/1817/781
o Product_1_1_2_1
v -1.800000 1.625000 -0.900000
v -1.800000 1.775000 -0.900000
v -1.800000 1.625000 -1.100000
v -1.800000 1.775000 -1.100000
v -1.600000 1.625000 -0.900000
v -1.600000 1.775000 -0.900000
v -1.600000 1.625000 -1.100000
v -1.600000 1.775000 -1.100000
vn -1.0000 -0.0000 -0.0000
vn -0.0000 -0.0000 -1.0000
vn 1.0000 -0.0000 -0.0000
vn -0.0000 -0.0000 1.0000
vn -0.0000 -1.0000 -0.0000
vn -0.0000 1.0000 -0.0000
vt 0.375000 0.000000
vt 0.625000 0.000000
vt 0.625000 0.250000
vt 0.375000 0.250000
vt 0.625000 0.500000
vt 0.375000 0.500000
vt 0.625000 0.750000
vt 0.375000 0.750000
vt 0.625000 1.000000
vt 0.375000 1.000000
vt 0.125000 0.500000
vt 0.125000 0.750000
vt 0.875000 0.500000
vt 0.875000 0.750000
s 0
usemtl Prod_1_1_2_1
f 1045/1825/782 1046/1826/782 1048/1827/782 1047/1828/782
f 1047/1828/783 1048/1827/783 1052/1829/783 1051/1830/783
f 1051/1830/784 1052/1829/784 1050/1831/784 1049/1832/784
f 1049/1832/785 1050/1831/785 1046/1833/785 1045/1834/785
f 1047/1835/786 1051/1830/786 1049/1832/786 1045/1836/786
f 1052/1829/787 1048/1837/787 1046/1838/787 1050/1831/787
o Product_1_1_2_2
v -1.500000 1.625000 -0.900000
v -1.500000 1.775000 -0.900000
v -1.500000 1.625000 -1.100000
v -1.500000 1.775000 -1.100000
v -1.300000 1.625000 -0.900000
v -1.300000 1.775000 -0.900000
v -1.300000 1.625000 -1.100000
v -1.300000 1.775000 -1.100000
vn -1.0000 -0.0000 -0.0000
vn -0.0000 -0.0000 -1.0000
vn 1.0000 -0.0000 -0.0000
vn -0.0000 -0.0000 1.0000
vn -0.0000 -1.0000 -0.0000
vn -0.0000 1.0000 -0.0000
vt 0.375000 0.000000
vt 0.625000 0.000000
vt 0.625000 0.250000
vt 0.375000 0.250000
vt 0.625000 0.500000
vt 0.375000 0.500000
vt 0.625000 0.750000
vt 0.375000 0.750000
vt 0.625000 1.000000
vt 0.375000 1.000000
vt 0.125000 0.500000
vt 0.125000 0.750000
vt 0.875000 0.500000
vt 0.875000 0.750000
s 0
usemtl Prod_1_1_2_2
f 1053/1839/788 1054/1840/788 1056/1841/788 1055/1842/788
f 1055/1842/789 1056/1841/789 1060/1843/789 1059/1844/789
f 1059/1844/790 1060/1843/790 1058/1845/790 1057/1846/790
f 1057/1846/791 1058/1845/791 1054/1847/791 1053/1848/791
f 1055/1849/792 1059/1844/792 1057/1846/792 1053/1850/792
f 1060/1843/793 1056/1851/793 1054/1852/793 1058/1845/793
o Product_1_1_2_3
v -1.200000 1.625000 -0.900000
v -1.200000 1.775000 -0.900000
v -1.200000 1.625000 -1.100000
v -1.200000 1.775000 -1.100000
v -1.000000 1.625000 -0.900000
v -1.000000 1.775000 -0.900000
v -1.000000 1.625000 -1.100000
v -1.000000 1.775000 -1.100000
vn -1.0000 -0.0000 -0.0000
vn -0.0000 -0.0000 -1.0000
vn 1.0000 -0.0000 -0.0000
vn -0.0000 -0.0000 1.0000
vn -0.0000 -1.0000 -0.0000
vn -0.0000 1.0000 -0.0000
vt 0.375000 0.000000
vt 0.625000 0.000000
vt 0.625000 0.250000
vt 0.375000 0.250000
vt 0.625000 0.500000
vt 0.375000 0.500000
vt 0.625000 0.750000
vt 0.375000 0.750000
vt 0.625000 1.000000
vt 0.375000 1.000000
vt 0.125000 0.500000
vt 0.125000 0.750000
vt 0.875000 0.500000
vt 0.875000 0.750000
s 0
usemtl Prod_1_1_2_3
f 1061/1853/794 1062/1854/794 1064/1855/794 1063/1856/794
f 1063/1856/795 1064/1855/795 1068/1857/795 1067/1858/795
f 1067/1858/796 1068/1857/796 1066/1859/796 1065/1860/796
f 1065/1860/797 1066/1859/797 1062/1861/797 1061/1862/797
f 1063/1863/798 1067/1858/798 1065/1860/798 1061/1864/798
f 1068/1857/799 1064/1865/799 1062/1866/799 1066/1859/799
o Product_1_1_3_0
v -2.100000 2.225000 -0.900000
v -2.100000 2.375000 -0.900000
v -2.100000 2.225000 -1.100000
v -2.100000 2.375000 -1.100000
v -1.900000 2.225000 -0.900000
v -1.900000 2.375000 -0.900000
v -1.900000 2.225000 -1.100000
v -1.900000 2.375000 -1.100000
vn -1.0000 -0.0000 -0.0000
vn -0.0000 -0.0000 -1.0000
vn 1.0000 -0.0000 -0.0000
vn -0.0000 -0.0000 1.0000
vn -0.0000 -1.0000 -0.0000
vn -0.0000 1.0000 -0.0000
vt 0.375000 0.000000
vt 0.625000 0.000000
vt 0.625000 0.250000
vt 0.375000 0.250000
vt 0.625000 0.500000
vt 0.375000 0.500000
vt 0.625000 0.750000
vt 0.375000 0.750000
vt 0.625000 1.000000
vt 0.375000 1.000000
vt 0.125000 0.500000
vt 0.125000 0.750000
vt 0.875000 0.500000
vt 0.875000 0.750000
s 0
usemtl Prod_1_1_3_0
f 1069/1867/800 1070/1868/800 1072/1869/800 1071/1870/800
f 1071/1870/801 1072/1869/801 1076/1871/801 1075/1872/801
f 1075/1872/802 1076/1871/802 1074/1873/802 1073/1874/802
f 1073/1874/803 1074/1873/803 1070/1875/803 1069/1876/803
f 1071/1877/804 1075/1872/804 1073/1874/804 1069/1878/804
f 1076/1871/805 1072/1879/805 1070/1880/805 1074/1873/805
o Product_1_1_3_1
v -1.800000 2.225000 -0.900000
v -1.800000 2.375000 -0.900000
v -1.800000 2.225000 -1.100000
v -1.800000 2.375000 -1.100000
v -1.600000 2.225000 -0.900000
v -1.600000 2.375000 -0.900000
v -1.600000 2.225000 -1.100000
v -1.600000 2.375000 -1.100000
vn -1.0000 -0.0000 -0.0000
vn -0.0000 -0.0000 -1.0000
vn 1.0000 -0.0000 -0.0000
vn -0.0000 -0.0000 1.0000
vn -0.0000 -1.0000 -0.0000
vn -0.0000 1.0000 -0.0000
vt 0.375000 0.000000
vt 0.625000 0.000000
vt 0.625000 0.250000
vt 0.375000 0.250000
vt 0.625000 0.500000
vt 0.375000 0.500000
vt 0.625000 0.750000
vt 0.375000 0.750000
vt 0.625000 1.000000
vt 0.375000 1.000000
vt 0.125000 0.500000
vt 0.125000 0.750000
vt 0.875000 0.500000
vt 0.875000 0.750000
s 0
usemtl Prod_1_1_3_1
f 1077/1881/806 1078/1882/806 1080/1883/806 1079/1884/806
f 1079/1884/807 1080/1883/807 1084/1885/807 1083/1886/807
f 1083/1886/808 1084/1885/808 1082/1887/808 1081/1888/808
f 1081/1888/809 1082/1887/809 1078/1889/809 1077/1890/809
f 1079/1891/810 1083/1886/810 1081/1888/810 1077/1892/810
f 1084/1885/811 1080/1893/811 1078/1894/811 1082/1887/811
o Product_1_1_3_2
v -1.500000 2.225000 -0.900000
v -1.500000 2.375000 -0.900000
v -1.500000 2.225000 -1.100000
v -1.500000 2.375000 -1.100000
v -1.300000 2.225000 -0.900000
v -1.300000 2.375000 -0.900000
v -1.300000 2.225000 -1.100000
v -1.300000 2.375000 -1.100000
vn -1.0000 -0.0000 -0.0000
vn -0.0000 -0.0000 -1.0000
vn 1.0000 -0.0000 -0.0000
vn -0.0000 -0.0000 1.0000
vn -0.0000 -1.0000 -0.0000
vn -0.0000 1.0000 -0.0000
vt 0.375000 0.000000
vt 0.625000 0.000000
vt 0.625000 0.250000
vt 0.375000 0.250000
vt 0.625000 0.500000
vt 0.375000 0.500000
vt 0.625000 0.750000
vt 0.375000 0.750000
vt 0.625000 1.000000
vt 0.375000 1.000000
vt 0.125000 0.500000
vt 0.125000 0.750000
vt 0.875000 0.500000
vt 0.875000 0.750000
s 0
usemtl Prod_1_1_3_2
f 1085/1895/812 1086/1896/812 1088/1897/812 1087/1898/812
f 1087/1898/813 1088/1897/813 1092/1899/813 1091/1900/813
f 1091/1900/814 1092/1899/814 1090/1901/814 1089/1902/814
f 1089/1902/815 1090/1901/815 1086/1903/815 1085/1904/815
f 1087/1905/816 1091/1900/816 1089/1902/816 1085/1906/816
f 1092/1899/817 1088/1907/817 1086/1908/817 1090/1901/817
o Product_1_1_3_3
v -1.200000 2.225000 -0.900000
v -1.200000 2.375000 -0.900000
v -1.200000 2.225000 -1.100000
v -1.200000 2.375000 -1.100000
v -1.000000 2.225000 -0.900000
v -1.000000 2.375000 -0.900000
v -1.000000 2.225000 -1.100000
v -1.000000 2.375000 -1.100000
vn -1.0000 -0.0000 -0.0000
vn -0.0000 -0.0000 -1.0000
vn 1.0000 -0.0000 -0.0000
vn -0.0000 -0.0000 1.0000
vn -0.0000 -1.0000 -0.0000
vn -0.0000 1.0000 -0.0000
vt 0.375000 0.000000
vt 0.625000 0.000000
vt 0.625000 0.250000
vt 0.375000 0.250000
vt 0.625000 0.500000
vt 0.375000 0.500000
vt 0.625000 0.750000
vt 0.375000 0.750000
vt 0.625000 1.000000
vt 0.375000 1.000000
vt 0.125000 0.500000
vt 0.125000 0.750000
vt 0.875000 0.500000
vt 0.875000 0.750000
s 0
usemtl Prod_1_1_3_3
f 1093/1909/818 1094/1910/818 1096/1911/818 1095/1912/818
f 1095/1912/819 1096/1911/819 1100/1913/819 1099/1914/819
f 1099/1914/820 1100/1913/820 1098/1915/820 1097/1916/820
f 1097/1916/821 1098/1915/821 1094/1917/821 1093/1918/821
f 1095/1919/822 1099/1914/822 1097/1916/822 1093/1920/822
f 1100/1913/823 1096/1921/823 1094/1922/823 1098/1915/823
o ShelfBase_1_2
v 0.750000 0.000000 -0.700000
v 0.750000 0.200000 -0.700000
v 0.750000 0.000000 -1.300000
v 0.750000 0.200000 -1.300000
v 2.250000 0.000000 -0.700000
v 2.250000 0.200000 -0.700000
v 2.250000 0.000000 -1.300000
v 2.250000 0.200000 -1.300000
vn -1.0000 -0.0000 -0.0000
vn -0.0000 -0.0000 -1.0000
vn 1.0000 -0.0000 -0.0000
vn -0.0000 -0.0000 1.0000
vn -0.0000 -1.0000 -0.0000
vn -0.0000 1.0000 -0.0000
vt 0.375000 0.000000
vt 0.625000 0.000000
vt 0.625000 0.250000
vt 0.375000 0.250000
vt 0.625000 0.500000
vt 0.375000 0.500000
vt 0.625000 0.750000
vt 0.375000 0.750000
vt 0.625000 1.000000
vt 0.375000 1.000000
vt 0.125000 0.500000
vt 0.125000 0.750000
vt 0.875000 0.500000
vt 0.875000 0.750000
s 0
usemtl ShelfMetal
f 1101/1923/824 1102/1924/824 1104/1925/824 1103/1926/824
f 1103/1926/825 1104/1925/825 1108/1927/825 1107/1928/825
f 1107/1928/826 1108/1927/826 1106/1929/826 1105/1930/826
f 1105/1930/827 1106/1929/827 1102/1931/827 1101/1932/827
f 1103/1933/828 1107/1928/828 1105/1930/828 1101/1934/828
f 1108/1927/829 1104/1935/829 1102/1936/829 1106/1929/829
o Shelf_1_2_0
v 0.750000 0.375000 -0.700000
v 0.750000 0.425000 -0.700000
v 0.750000 0.375000 -1.300000
v 0.750000 0.425000 -1.300000
v 2.250000 0.375000 -0.700000
v 2.250000 0.425000 -0.700000
v 2.250000 0.375000 -1.300000
v 2.250000 0.425000 -1.300000
vn -1.0000 -0.0000 -0.0000
vn -0.0000 -0.0000 -1.0000
vn 1.0000 -0.0000 -0.0000
vn -0.0000 -0.0000 1.0000
vn -0.0000 -1.0000 -0.0000
vn -0.0000 1.0000 -0.0000
vt 0.375000 0.000000
vt 0.625000 0.000000
vt 0.625000 0.250000
vt 0.375000 0.250000
vt 0.625000 0.500000
vt 0.375000 0.500000
vt 0.625000 0.750000
vt 0.375000 0.750000
vt 0.625000 1.000000
vt 0.375000 1.000000
vt 0.125000 0.500000
vt 0.125000 0.750000
vt 0.875000 0.500000
vt 0.875000 0.750000
s 0
usemtl ShelfMetal
f 1109/1937/830 1110/1938/830 1112/1939/830 1111/1940/830
f 1111/1940/831 1112/1939/831 1116/1941/831 1115/1942/831
f 1115/1942/832 1116/1941/832 1114/1943/832 1113/1944/832
f 1113/1944/833 1114/1943/833 1110/1945/833 1109/1946/833
f 1111/1947/834 1115/1942/834 1113/1944/834 1109/1948/834
f 1116/1941/835 1112/1949/835 1110/1950/835 1114/1943/835
o Shelf_1_2_1
v 0.750000 0.975000 -0.700000
v 0.750000 1.025000 -0.700000
v 0.750000 0.975000 -1.300000
v 0.750000 1.025000 -1.300000
v 2.250000 0.975000 -0.700000
v 2.250000 1.025000 -0.700000
v 2.250000 0.975000 -1.300000
v 2.250000 1.025000 -1.300000
vn -1.0000 -0.0000 -0.0000
vn -0.0000 -0.0000 -1.0000
vn 1.0000 -0.0000 -0.0000
vn -0.0000 -0.0000 1.0000
vn -0.0000 -1.0000 -0.0000
vn -0.0000 1.0000 -0.0000
vt 0.375000 0.000000
vt 0.625000 0.000000
vt 0.625000 0.250000
vt 0.375000 0.250000
vt 0.625000 0.500000
vt 0.375000 0.500000
vt 0.625000 0.750000
vt 0.375000 0.750000
vt 0.625000 1.000000
vt 0.375000 1.000000
vt 0.125000 0.500000
vt 0.125000 0.750000
vt 0.875000 0.500000
vt 0.875000 0.750000
s 0
usemtl ShelfMetal
f 1117/1951/836 1118/1952/836 1120/1953/836 1119/1954/836
f 1119/1954/837 1120/1953/837 1124/1955/837 1123/1956/837
f 1123/1956/838 1124/1955/838 1122/1957/838 1121/1958/838
f 1121/1958/839 1122/1957/839 1118/1959/839 1117/1960/839
f 1119/1961/840 1123/1956/840 1121/1958/840 1117/1962/840
f 1124/1955/841 1120/1963/841 1118/1964/841 1122/1957/841
o Shelf_1_2_2
v 0.750000 1.575000 -0.700000
v 0.750000 1.625000 -0.700000
v 0.750000 1.575000 -1.300000
v 0.750000 1.625000 -1.300000
v 2.250000 1.575000 -0.700000
v 2.250000 1.625000 -0.700000
v 2.250000 1.575000 -1.300000
v 2.250000 1.625000 -1.300000
vn -1.0000 -0.0000 -0.0000
vn -0.0000 -0.0000 -1.0000
vn 1.0000 -0.0000 -0.0000
vn -0.0000 -0.0000 1.0000
vn -0.0000 -1.0000 -0.0000
vn -0.0000 1.0000 -0.0000
vt 0.375000 0.000000
vt 0.625000 0.000000
vt 0.625000 0.250000
vt 0.375000 0.250000
vt 0.625000 0.500000
vt 0.375000 0.500000
vt 0.625000 0.750000
vt 0.375000 0.750000
vt 0.625000 1.000000
vt 0.375000 1.000000
vt 0.125000 0.500000
vt 0.125000 0.750000
vt 0.875000 0.500000
vt 0.875000 0.750000
s 0
usemtl ShelfMetal
f 1125/1965/842 1126/1966/842 1128/1967/842 1127/1968/842
f 1127/1968/843 1128/1967/843 1132/1969/843 1131/1970/843
f 1131/1970/844 1132/1969/844 1130/1971/844 1129/1972/844
f 1129/1972/845 1130/1971/845 1126/1973/845 1125/1974/845
f 1127/1975/846 1131/1970/846 1129/1972/846 1125/1976/846
f 1132/1969/847 1128/1977/847 1126/1978/847 1130/1971/847
o Shelf_1_2_3
v 0.750000 2.175000 -0.700000
v 0.750000 2.225000 -0.700000
v 0.750000 2.175000 -1.300000
v 0.750000 2.225000 -1.300000
v 2.250000 2.175000 -0.700000
v 2.250000 2.225000 -0.700000
v 2.250000 2.175000 -1.300000
v 2.250000 2.225000 -1.300000
vn -1.0000 -0.0000 -0.0000
vn -0.0000 -0.0000 -1.0000
vn 1.0000 -0.0000 -0.0000
vn -0.0000 -0.0000 1.0000
vn -0.0000 -1.0000 -0.0000
vn -0.0000 1.0000 -0.0000
vt 0.375000 0.000000
vt 0.625000 0.000000
vt 0.625000 0.250000
vt 0.375000 0.250000
vt 0.625000 0.500000
vt 0.375000 0.500000
vt 0.625000 0.750000
vt 0.375000 0.750000
vt 0.625000 1.000000
vt 0.375000 1.000000
vt 0.125000 0.500000
vt 0.125000 0.750000
vt 0.875000 0.500000
vt 0.875000 0.750000
s 0
usemtl ShelfMetal
f 1133/1979/848 1134/1980/848 1136/1981/848 1135/1982/848
f 1135/1982/849 1136/1981/849 1140/1983/849 1139/1984/849
f 1139/1984/850 1140/1983/850 1138/1985/850 1137/1986/850
f 1137/1986/851 1138/1985/851 1134/1987/851 1133/1988/851
f 1135/1989/852 1139/1984/852 1137/1986/852 1133/1990/852
f 1140/1983/853 1136/1991/853 1134/1992/853 1138/1985/853
o ShelfBack_1_2
v 0.750000 0.500000 -1.275000
v 0.750000 2.500000 -1.275000
v 0.750000 0.500000 -1.325000
v 0.750000 2.500000 -1.325000
v 2.250000 0.500000 -1.275000
v 2.250000 2.500000 -1.275000
v 2.250000 0.500000 -1.325000
v 2.250000 2.500000 -1.325000
vn -1.0000 -0.0000 -0.0000
vn -0.0000 -0.0000 -1.0000
vn 1.0000 -0.0000 -0.0000
vn -0.0000 -0.0000 1.0000
vn -0.0000 -1.0000 -0.0000
vn -0.0000 1.0000 -0.0000
vt 0.375000 0.000000
vt 0.625000 0.000000
vt 0.625000 0.250000
vt 0.375000 0.250000
vt 0.625000 0.500000
vt 0.375000 0.500000
vt 0.625000 0.750000
vt 0.375000 0.750000
vt 0.625000 1.000000
vt 0.375000 1.000000
vt 0.125000 0.500000
vt 0.125000 0.750000
vt 0.875000 0.500000
vt 0.875000 0.750000
s 0
usemtl ShelfMetal
f 1141/1993/854 1142/1994/854 1144/1995/854 1143/1996/854
f 1143/1996/855 1144/1995/855 1148/1997/855 1147/1998/855
f 1147/1998/856 1148/1997/856 1146/1999/856 1145/2000/856
f 1145/2000/857 1146/1999/857 1142/2001/857 1141/2002/857
f 1143/2003/858 1147/1998/858 1145/2000/858 1141/2004/858
f 1148/1997/859 1144/2005/859 1142/2006/859 1146/1999/859
o Product_1_2_0_0
v 0.900000 0.425000 -0.900000
v 0.900000 0.575000 -0.900000
v 0.900000 0.425000 -1.100000
v 0.900000 0.575000 -1.100000
v 1.100000 0.425000 -0.900000
v 1.100000 0.575000 -0.900000
v 1.100000 0.425000 -1.100000
v 1.100000 0.575000 -1.100000
vn -1.0000 -0.0000 -0.0000
vn -0.0000 -0.0000 -1.0000
vn 1.0000 -0.0000 -0.0000
vn -0.0000 -0.0000 1.0000
vn -0.0000 -1.0000 -0.0000
vn -0.0000 1.0000 -0.0000
vt 0.375000 0.000000
vt 0.625000 0.000000
vt 0.625000 0.250000
vt 0.375000 0.250000
vt 0.625000 0.500000
vt 0.375000 0.500000
vt 0.625000 0.750000
vt 0.375000 0.750000
vt 0.625000 1.000000
vt 0.375000 1.000000
vt 0.125000 0.500000
vt 0.125000 0.750000
vt 0.875000 0.500000
vt 0.875000 0.750000
s 0
usemtl Prod_1_2_0_0
f 1149/2007/860 1150/2008/860 1152/2009/860 1151/2010/860
f 1151/2010/861 1152/2009/861 1156/2011/861 1155/2012/861
f 1155/2012/862 1156/2011/862 1154/2013/862 1153/2014/862
f 1153/2014/863 1154/2013/863 1150/2015/863 1149/2016/863
f 1151/2017/864 1155/2012/864 1153/2014/864 1149/2018/864
f 1156/2011/865 1152/2019/865 1150/2020/865 1154/2013/865
o Product_1_2_0_1
v 1.200000 0.425000 -0.900000
v 1.200000 0.575000 -0.900000
v 1.200000 0.425000 -1.100000
v 1.200000 0.575000 -1.100000
v 1.400000 0.425000 -0.900000
v 1.400000 0.575000 -0.900000
v 1.400000 0.425000 -1.100000
v 1.400000 0.575000 -1.100000
vn -1.0000 -0.0000 -0.0000
vn -0.0000 -0.0000 -1.0000
vn 1.0000 -0.0000 -0.0000
vn -0.0000 -0.0000 1.0000
vn -0.0000 -1.0000 -0.0000
vn -0.0000 1.0000 -0.0000
vt 0.375000 0.000000
vt 0.625000 0.000000
vt 0.625000 0.250000
vt 0.375000 0.250000
vt 0.625000 0.500000
vt 0.375000 0.500000
vt 0.625000 0.750000
vt 0.375000 0.750000
vt 0.625000 1.000000
vt 0.375000 1.000000
vt 0.125000 0.500000
vt 0.125000 0.750000
vt 0.875000 0.500000
vt 0.875000 0.750000
s 0
usemtl Prod_1_2_0_1
f 1157/2021/866 1158/2022/866 1160/2023/866 1159/2024/866
f 1159/2024/867 1160/2023/867 1164/2025/867 1163/2026/867
f 1163/2026/868 1164/2025/868 1162/2027/868 1161/2028/868
f 1161/2028/869 1162/2027/869 1158/2029/869 1157/2030/869
f 1159/2031/870 1163/2026/870 1161/2028/870 1157/2032/870
f 1164/2025/871 1160/2033/871 1158/2034/871 1162/2027/871
o Product_1_2_0_2
v 1.500000 0.425000 -0.900000
v 1.500000 0.575000 -0.900000
v 1.500000 0.425000 -1.100000
v 1.500000 0.575000 -1.100000
v 1.700000 0.425000 -0.900000
v 1.700000 0.575000 -0.900000
v 1.700000 0.425000 -1.100000
v 1.700000 0.575000 -1.100000
vn -1.0000 -0.0000 -0.0000
vn -0.0000 -0.0000 -1.0000
vn 1.0000 -0.0000 -0.0000
vn -0.0000 -0.0000 1.0000
vn -0.0000 -1.0000 -0.0000
vn -0.0000 1.0000 -0.0000
vt 0.375000 0.000000
vt 0.625000 0.000000
vt 0.625000 0.250000
vt 0.375000 0.250000
vt 0.625000 0.500000
vt 0.375000 0.500000
vt 0.625000 0.750000
vt 0.375000 0.750000
vt 0.625000 1.000000
vt 0.375000 1.000000
vt 0.125000 0.500000
vt 0.125000 0.750000
vt 0.875000 0.500000
vt 0.875000 0.750000
s 0
usemtl Prod_1_2_0_2
f 1165/2035/872 1166/2036/872 1168/2037/872 1167/2038/872
f 1167/2038/873 1168/2037/873 1172/2039/873 1171/2040/873
f 1171/2040/874 1172/2039/874 1170/2041/874 1169/2042/874
f 1169/2042/875 1170/2041/875 1166/2043/875 1165/2044/875
f 1167/2045/876 1171/2040/876 1169/2042/876 1165/2046/876
f 1172/2039/877 1168/2047/877 1166/2048/877 1170/2041/877
o Product_1_2_0_3
v 1.800000 0.425000 -0.900000
v 1.800000 0.575000 -0.900000
v 1.800000 0.425000 -1.100000
v 1.800000 0.575000 -1.100000
v 2.000000 0.425000 -0.900000
v 2.000000 0.575000 -0.900000
v 2.000000 0.425000 -1.100000
v 2.000000 0.575000 -1.100000
vn -1.0000 -0.0000 -0.0000
vn -0.0000 -0.0000 -1.0000
vn 1.0000 -0.0000 -0.0000
vn -0.0000 -0.0000 1.0000
vn -0.0000 -1.0000 -0.0000
vn -0.0000 1.0000 -0.0000
vt 0.375000 0.000000
vt 0.625000 0.000000
vt 0.625000 0.250000
vt 0.375000 0.250000
vt 0.625000 0.500000
vt 0.375000 0.500000
vt 0.625000 0.750000
vt 0.375000 0.750000
vt 0.625000 1.000000
vt 0.375000 1.000000
vt 0.125000 0.500000
vt 0.125000 0.750000
vt 0.875000 0.500000
vt 0.875000 0.750000
s 0
usemtl Prod_1_2_0_3
f 1173/2049/878 1174/2050/878 1176/2051/878 1175/2052/878
f 1175/2052/879 1176/2051/879 1180/2053/879 1179/2054/879
f 1179/2054/880 1180/2053/880 1178/2055/880 1177/2056/880
f 1177/2056/881 1178/2055/881 1174/2057/881 1173/2058/881
f 1175/2059/882 1179/2054/882 1177/2056/882 1173/2060/882
f 1180/2053/883 1176/2061/883 1174/2062/883 1178/2055/883
o Product_1_2_1_0
v 0.900000 1.025000 -0.900000
v 0.900000 1.175000 -0.900000
v 0.900000 1.025000 -1.100000
v 0.900000 1.175000 -1.100000
v 1.100000 1.025000 -0.900000
v 1.100000 1.175000 -0.900000
v 1.100000 1.025000 -1.100000
v 1.100000 1.175000 -1.100000
vn -1.0000 -0.0000 -0.0000
vn -0.0000 -0.0000 -1.0000
vn 1.0000 -0.0000 -0.0000
vn -0.0000 -0.0000 1.0000
vn -0.0000 -1.0000 -0.0000
vn -0.0000 1.0000 -0.0000
vt 0.375000 0.000000
vt 0.625000 0.000000
vt 0.625000 0.250000
vt 0.375000 0.250000
vt 0.625000 0.500000
vt 0.375000 0.500000
vt 0.625000 0.750000
vt 0.375000 0.750000
vt 0.625000 1.000000
vt 0.375000 1.000000
vt 0.125000 0.500000
vt 0.125000 0.750000
vt 0.875000 0.500000
vt 0.875000 0.750000
s 0
usemtl Prod_1_2_1_0
f 1181/2063/884 1182/2064/884 1184/2065/884 1183/2066/884
f 1183/2066/885 1184/2065/885 1188/2067/885 1187/2068/885
f 1187/2068/886 1188/2067/886 1186/2069/886 1185/2070/886
f 1185/2070/887 1186/2069/887 1182/2071/887 1181/2072/887
f 1183/2073/888 1187/2068/888 1185/2070/888 1181/2074/888
f 1188/2067/889 1184/2075/889 1182/2076/889 1186/2069/889
o Product_1_2_1_1
v 1.200000 1.025000 -0.900000
v 1.200000 1.175000 -0.900000
v 1.200000 1.025000 -1.100000
v 1.200000 1.175000 -1.100000
v 1.400000 1.025000 -0.900000
v 1.400000 1.175000 -0.900000
v 1.400000 1.025000 -1.100000
v 1.400000 1.175000 -1.100000
vn -1.0000 -0.0000 -0.0000
vn -0.0000 -0.0000 -1.0000
vn 1.0000 -0.0000 -0.0000
vn -0.0000 -0.0000 1.0000
vn -0.0000 -1.0000 -0.0000
vn -0.0000 1.0000 -0.0000
vt 0.375000 0.000000
vt 0.625000 0.000000
vt 0.625000 0.250000
vt 0.375000 0.250000
vt 0.625000 0.500000
vt 0.375000 0.500000
vt 0.625000 0.750000
vt 0.375000 0.750000
vt 0.625000 1.000000
vt 0.375000 1.000000
vt 0.125000 0.500000
vt 0.125000 0.750000
vt 0.875000 0.500000
vt 0.875000 0.750000
s 0
usemtl Prod_1_2_1_1
f 1189/2077/890 1190/2078/890 1192/2079/890 1191/2080/890
f 1191/2080/891 1192/2079/891 1196/2081/891 1195/2082/891
f 1195/2082/892 1196/2081/892 1194/2083/892 1193/2084/892
f 1193/2084/893 1194/2083/893 1190/2085/893 1189/2086/893
f 1191/2087/894 1195/2082/894 1193/2084/894 1189/2088/894
f 1196/2081/895 1192/2089/895 1190/2090/895 1194/2083/895
o Product_1_2_1_2
v 1.500000 1.025000 -0.900000
v 1.500000 1.175000 -0.900000
v 1.500000 1.025000 -1.100000
v 1.500000 1.175000 -1.100000
v 1.700000 1.025000 -0.900000
v 1.700000 1.175000 -0.900000
v 1.700000 1.025000 -1.100000
v 1.700000 1.175000 -1.100000
vn -1.0000 -0.0000 -0.0000
vn -0.0000 -0.0000 -1.0000
vn 1.0000 -0.0000 -0.0000
vn -0.0000 -0.0000 1.0000
vn -0.0000 -1.0000 -0.0000
vn -0.0000 1.0000 -0.0000
vt 0.375000 0.000000
vt 0.625000 0.000000
vt 0.625000 0.250000
vt 0.375000 0.250000
vt 0.625000 0.500000
vt 0.375000 0.500000
vt 0.625000 0.750000
vt 0.375000 0.750000
vt 0.625000 1.000000
vt 0.375000 1.000000
vt 0.125000 0.500000
vt 0.125000 0.750000
vt 0.875000 0.500000
vt 0.875000 0.750000
s 0
usemtl Prod_1_2_1_2
f 1197/2091/896 1198/2092/896 1200/2093/896 1199/2094/896
f 1199/2094/897 1200/2093/897 1204/2095/897 1203/2096/897
f 1203/2096/898 1204/2095/898 1202/2097/898 1201/2098/898
f 1201/2098/899 1202/2097/899 1198/2099/899 1197/2100/899
f 1199/2101/900 1203/2096/900 1201/2098/900 1197/2102/900
f 1204/2095/901 1200/2103/901 1198/2104/901 1202/2097/901
o Product_1_2_1_3
v 1.800000 1.025000 -0.900000
v 1.800000 1.175000 -0.900000
v 1.800000 1.025000 -1.100000
v 1.800000 1.175000 -1.100000
v 2.000000 1.025000 -0.900000
v 2.000000 1.175000 -0.900000
v 2.000000 1.025000 -1.100000
v 2.000000 1.175000 -1.100000
vn -1.0000 -0.0000 -0.0000
vn -0.0000 -0.0000 -1.0000
vn 1.0000 -0.0000 -0.0000
vn -0.0000 -0.0000 1.0000
vn -0.0000 -1.0000 -0.0000
vn -0.0000 1.0000 -0.0000
vt 0.375000 0.000000
vt 0.625000 0.000000
vt 0.625000 0.250000
vt 0.375000 0.250000
vt 0.625000 0.500000
vt 0.375000 0.500000
vt 0.625000 0.750000
vt 0.375000 0.750000
vt 0.625000 1.000000
vt 0.375000 1.000000
vt 0.125000 0.500000
vt 0.125000 0.750000
vt 0.875000 0.500000
vt 0.875000 0.750000
s 0
usemtl Prod_1_2_1_3
f 1205/2105/902 1206/2106/902 1208/2107/902 1207/2108/902
f 1207/2108/903 1208/2107/903 1212/2109/903 1211/2110/903
f 1211/2110/904 1212/2109/904 1210/2111/904 1209/2112/904
f 1209/2112/905 1210/2111/905 1206/2113/905 1205/2114/905
f 1207/2115/906 1211/2110/906 1209/2112/906 1205/2116/906
f 1212/2109/907 1208/2117/907 1206/2118/907 1210/2111/907
o Product_1_2_2_0
v 0.900000 1.625000 -0.900000
v 0.900000 1.775000 -0.900000
v 0.900000 1.625000 -1.100000
v 0.900000 1.775000 -1.100000
v 1.100000 1.625000 -0.900000
v 1.100000 1.775000 -0.900000
v 1.100000 1.625000 -1.100000
v 1.100000 1.775000 -1.100000
vn -1.0000 -0.0000 -0.0000
vn -0.0000 -0.0000 -1.0000
vn 1.0000 -0.0000 -0.0000
vn -0.0000 -0.0000 1.0000
vn -0.0000 -1.0000 -0.0000
vn -0.0000 1.0000 -0.0000
vt 0.375000 0.000000
vt 0.625000 0.000000
vt 0.625000 0.250000
vt 0.375000 0.250000
vt 0.625000 0.500000
vt 0.375000 0.500000
vt 0.625000 0.750000
vt 0.375000 0.750000
vt 0.625000 1.000000
vt 0.375000 1.000000
vt 0.125000 0.500000
vt 0.125000 0.750000
vt 0.875000 0.500000
vt 0.875000 0.750000
s 0
usemtl Prod_1_2_2_0
f 1213/2119/908 1214/2120/908 1216/2121/908 1215/2122/908
f 1215/2122/909 1216/2121/909 1220/2123/909 1219/2124/909
f 1219/2124/910 1220/2123/910 1218/2125/910 1217/2126/910
f 1217/2126/911 1218/2125/911 1214/2127/911 1213/2128/911
f 1215/2129/912 1219/2124/912 1217/2126/912 1213/2130/912
f 1220/2123/913 1216/2131/913 1214/2132/913 1218/2125/913
o Product_1_2_2_1
v 1.200000 1.625000 -0.900000
v 1.200000 1.775000 -0.900000
v 1.200000 1.625000 -1.100000
v 1.200000 1.775000 -1.100000
v 1.400000 1.625000 -0.900000
v 1.400000 1.775000 -0.900000
v 1.400000 1.625000 -1.100000
v 1.400000 1.775000 -1.100000
vn -1.0000 -0.0000 -0.0000
vn -0.0000 -0.0000 -1.0000
vn 1.0000 -0.0000 -0.0000
vn -0.0000 -0.0000 1.0000
vn -0.0000 -1.0000 -0.0000
vn -0.0000 1.0000 -0.0000
vt 0.375000 0.000000
vt 0.625000 0.000000
vt 0.625000 0.250000
vt 0.375000 0.250000
vt 0.625000 0.500000
vt 0.375000 0.500000
vt 0.625000 0.750000
vt 0.375000 0.750000
vt 0.625000 1.000000
vt 0.375000 1.000000
vt 0.125000 0.500000
vt 0.125000 0.750000
vt 0.875000 0.500000
vt 0.875000 0.750000
s 0
usemtl Prod_1_2_2_1
f 1221/2133/914 1222/2134/914 1224/2135/914 1223/2136/914
f 1223/2136/915 1224/2135/915 1228/2137/915 1227/2138/915
f 1227/2138/916 1228/2137/916 1226/2139/916 1225/2140/916
f 1225/2140/917 1226/2139/917 1222/2141/917 1221/2142/917
f 1223/2143/918 1227/2138/918 1225/2140/918 1221/2144/918
f 1228/2137/919 1224/2145/919 1222/2146/919 1226/2139/919
o Product_1_2_2_2
v 1.500000 1.625000 -0.900000
v 1.500000 1.775000 -0.900000
v 1.500000 1.625000 -1.100000
v 1.500000 1.775000 -1.100000
v 1.700000 1.625000 -0.900000
v 1.700000 1.775000 -0.900000
v 1.700000 1.625000 -1.100000
v 1.700000 1.775000 -1.100000
vn -1.0000 -0.0000 -0.0000
vn -0.0000 -0.0000 -1.0000
vn 1.0000 -0.0000 -0.0000
vn -0.0000 -0.0000 1.0000
vn -0.0000 -1.0000 -0.0000
vn -0.0000 1.0000 -0.0000
vt 0.375000 0.000000
vt 0.625000 0.000000
vt 0.625000 0.250000
vt 0.375000 0.250000
vt 0.625000 0.500000
vt 0.375000 0.500000
vt 0.625000 0.750000
vt 0.375000 0.750000
vt 0.625000 1.000000
vt 0.375000 1.000000
vt 0.125000 0.500000
vt 0.125000 0.750000
vt 0.875000 0.500000
vt 0.875000 0.750000
s 0
usemtl Prod_1_2_2_2
f 1229/2147/920 1230/2148/920 1232/2149/920 1231/2150/920
f 1231/2150/921 1232/2149/921 1236/2151/921 1235/2152/921
f 1235/2152/922 1236/2151/922 1234/2153/922 1233/2154/922
f 1233/2154/923 1234/2153/923 1230/2155/923 1229/2156/923
f 1231/2157/924 1235/2152/924 1233/2154/924 1229/2158/924
f 1236/2151/925 1232/2159/925 1230/2160/925 1234/2153/925
o Product_1_2_2_3
v 1.800000 1.625000 -0.900000
v 1.800000 1.775000 -0.900000
v 1.800000 1.625000 -1.100000
v 1.800000 1.775000 -1.100000
v 2.000000 1.625000 -0.900000
v 2.000000 1.775000 -0.900000
v 2.000000 1.625000 -1.100000
v 2.000000 1.775000 -1.100000
vn -1.0000 -0.0000 -0.0000
vn -0.0000 -0.0000 -1.0000
vn 1.0000 -0.0000 -0.0000
vn -0.0000 -0.0000 1.0000
vn -0.0000 -1.0000 -0.0000
vn -0.0000 1.0000 -0.0000
vt 0.375000 0.000000
vt 0.625000 0.000000
vt 0.625000 0.250000
vt 0.375000 0.250000
vt 0.625000 0.500000
vt 0.375000 0.500000
vt 0.625000 0.750000
vt 0.375000 0.750000
vt 0.625000 1.000000
vt 0.375000 1.000000
vt 0.125000 0.500000
vt 0.125000 0.750000
vt 0.875000 0.500000
vt 0.875000 0.750000
s 0
usemtl Prod_1_2_2_3
f 1237/2161/926 1238/2162/926 1240/2163/926 1239/2164/926
f 1239/2164/927 1240/2163/927 1244/2165/927 1243/2166/927
f 1243/2166/928 1244/2165/928 1242/2167/928 1241/2168/928
f 1241/2168/929 1242/2167/929 1238/2169/929 1237/2170/929
f 1239/2171/930 1243/2166/930 1241/2168/930 1237/2172/930
f 1244/2165/931 1240/2173/931 1238/2174/931 1242/2167/931
o Product_1_2_3_0
v 0.900000 2.225000 -0.900000
v 0.900000 2.375000 -0.900000
v 0.900000 2.225000 -1.100000
v 0.900000 2.375000 -1.100000
v 1.100000 2.225000 -0.900000
v 1.100000 2.375000 -0.900000
v 1.100000 2.225000 -1.100000
v 1.100000 2.375000 -1.100000
vn -1.0000 -0.0000 -0.0000
vn -0.0000 -0.0000 -1.0000
vn 1.0000 -0.0000 -0.0000
vn -0.0000 -0.0000 1.0000
vn -0.0000 -1.0000 -0.0000
vn -0.0000 1.0000 -0.0000
vt 0.375000 0.000000
vt 0.625000 0.000000
vt 0.625000 0.250000
vt 0.375000 0.250000
vt 0.625000 0.500000
vt 0.375000 0.500000
vt 0.625000 0.750000
vt 0.375000 0.750000
vt 0.625000 1.000000
vt 0.375000 1.000000
vt 0.125000 0.500000
vt 0.125000 0.750000
vt 0.875000 0.500000
vt 0.875000 0.750000
s 0
usemtl Prod_1_2_3_0
f 1245/2175/932 1246/2176/932 1248/2177/932 1247/2178/932
f 1247/2178/933 1248/2177/933 1252/2179/933 1251/2180/933
f 1251/2180/934 1252/2179/934 1250/2181/934 1249/2182/934
f 1249/2182/935 1250/2181/935 1246/2183/935 1245/2184/935
f 1247/2185/936 1251/2180/936 1249/2182/936 1245/2186/936
f 1252/2179/937 1248/2187/937 1246/2188/937 1250/2181/937
o Product_1_2_3_1
v 1.200000 2.225000 -0.900000
v 1.200000 2.375000 -0.900000
v 1.200000 2.225000 -1.100000
v 1.200000 2.375000 -1.100000
v 1.400000 2.225000 -0.900000
v 1.400000 2.375000 -0.900000
v 1.400000 2.225000 -1.100000
v 1.400000 2.375000 -1.100000
vn -1.0000 -0.0000 -0.0000
vn -0.0000 -0.0000 -1.0000
vn 1.0000 -0.0000 -0.0000
vn -0.0000 -0.0000 1.0000
vn -0.0000 -1.0000 -0.0000
vn -0.0000 1.0000 -0.0000
vt 0.375000 0.000000
vt 0.625000 0.000000
vt 0.625000 0.250000
vt 0.375000 0.250000
vt 0.625000 0.500000
vt 0.375000 0.500000
vt 0.625000 0.750000
vt 0.375000 0.750000
vt 0.625000 1.000000
vt 0.375000 1.000000
vt 0.125000 0.500000
vt 0.125000 0.750000
vt 0.875000 0.500000
vt 0.875000 0.750000
s 0
usemtl Prod_1_2_3_1
f 1253/2189/938 1254/2190/938 1256/2191/938 1255/2192/938
f 1255/2192/939 1256/2191/939 1260/2193/939 1259/2194/939
f 1259/2194/940 1260/2193/940 1258/2195/940 1257/2196/940
f 1257/2196/941 1258/2195/941 1254/2197/941 1253/2198/941
f 1255/2199/942 1259/2194/942 1257/2196/942 1253/2200/942
f 1260/2193/943 1256/2201/943 1254/2202/943 1258/2195/943
o Product_1_2_3_2
v 1.500000 2.225000 -0.900000
v 1.500000 2.375000 -0.900000
v 1.500000 2.225000 -1.100000
v 1.500000 2.375000 -1.100000
v 1.700000 2.225000 -0.900000
v 1.700000 2.375000 -0.900000
v 1.700000 2.225000 -1.100000
v 1.700000 2.375000 -1.100000
vn -1.0000 -0.0000 -0.0000
vn -0.0000 -0.0000 -1.0000
vn 1.0000 -0.0000 -0.0000
vn -0.0000 -0.0000 1.0000
vn -0.0000 -1.0000 -0.0000
vn -0.0000 1.0000 -0.0000
vt 0.375000 0.000000
vt 0.625000 0.000000
vt 0.625000 0.250000
vt 0.375000 0.250000
vt 0.625000 0.500000
vt 0.375000 0.500000
vt 0.625000 0.750000
vt 0.375000 0.750000
vt 0.625000 1.000000
vt 0.375000 1.000000
vt 0.125000 0.500000
vt 0.125000 0.750000
vt 0.875000 0.500000
vt 0.875000 0.750000
s 0
usemtl Prod_1_2_3_2
f 1261/2203/944 1262/2204/944 1264/2205/944 1263/2206/944
f 1263/2206/945 1264/2205/945 1268/2207/945 1267/2208/945
f 1267/2208/946 1268/2207/946 1266/2209/946 1265/2210/946
f 1265/2210/947 1266/2209/947 1262/2211/947 1261/2212/947
f 1263/2213/948 1267/2208/948 1265/2210/948 1261/2214/948
f 1268/2207/949 1264/2215/949 1262/2216/949 1266/2209/949
o Product_1_2_3_3
v 1.800000 2.225000 -0.900000
v 1.800000 2.375000 -0.900000
v 1.800000 2.225000 -1.100000
v 1.800000 2.375000 -1.100000
v 2.000000 2.225000 -0.900000
v 2.000000 2.375000 -0.900000
v 2.000000 2.225000 -1.100000
v 2.000000 2.375000 -1.100000
vn -1.0000 -0.0000 -0.0000
vn -0.0000 -0.0000 -1.0000
vn 1.0000 -0.0000 -0.0000
vn -0.0000 -0.0000 1.0000
vn -0.0000 -1.0000 -0.0000
vn -0.0000 1.0000 -0.0000
vt 0.375000 0.000000
vt 0.625000 0.000000
vt 0.625000 0.250000
vt 0.375000 0.250000
vt 0.625000 0.500000
vt 0.375000 0.500000
vt 0.625000 0.750000
vt 0.375000 0.750000
vt 0.625000 1.000000
vt 0.375000 1.000000
vt 0.125000 0.500000
vt 0.125000 0.750000
vt 0.875000 0.500000
vt 0.875000 0.750000
s 0
usemtl Prod_1_2_3_3
f 1269/2217/950 1270/2218/950 1272/2219/950 1271/2220/950
f 1271/2220/951 1272/2219/951 1276/2221/951 1275/2222/951
f 1275/2222/952 1276/2221/952 1274/2223/952 1273/2224/952
f 1273/2224/953 1274/2223/953 1270/2225/953 1269/2226/953
f 1271/2227/954 1275/2222/954 1273/2224/954 1269/2228/954
f 1276/2221/955 1272/2229/955 1270/2230/955 1274/2223/955
o ShelfBase_1_3
v 3.750000 0.000000 -0.700000
v 3.750000 0.200000 -0.700000
v 3.750000 0.000000 -1.300000
v 3.750000 0.200000 -1.300000
v 5.250000 0.000000 -0.700000
v 5.250000 0.200000 -0.700000
v 5.250000 0.000000 -1.300000
v 5.250000 0.200000 -1.300000
vn -1.0000 -0.0000 -0.0000
vn -0.0000 -0.0000 -1.0000
vn 1.0000 -0.0000 -0.0000
vn -0.0000 -0.0000 1.0000
vn -0.0000 -1.0000 -0.0000
vn -0.0000 1.0000 -0.0000
vt 0.375000 0.000000
vt 0.625000 0.000000
vt 0.625000 0.250000
vt 0.375000 0.250000
vt 0.625000 0.500000
vt 0.375000 0.500000
vt 0.625000 0.750000
vt 0.375000 0.750000
vt 0.625000 1.000000
vt 0.375000 1.000000
vt 0.125000 0.500000
vt 0.125000 0.750000
vt 0.875000 0.500000
vt 0.875000 0.750000
s 0
usemtl ShelfMetal
f 1277/2231/956 1278/2232/956 1280/2233/956 1279/2234/956
f 1279/2234/957 1280/2233/957 1284/2235/957 1283/2236/957
f 1283/2236/958 1284/2235/958 1282/2237/958 1281/2238/958
f 1281/2238/959 1282/2237/959 1278/2239/959 1277/2240/959
f 1279/2241/960 1283/2236/960 1281/2238/960 1277/2242/960
f 1284/2235/961 1280/2243/961 1278/2244/961 1282/2237/961
o Shelf_1_3_0
v 3.750000 0.375000 -0.700000
v 3.750000 0.425000 -0.700000
v 3.750000 0.375000 -1.300000
v 3.750000 0.425000 -1.300000
v 5.250000 0.375000 -0.700000
v 5.250000 0.425000 -0.700000
v 5.250000 0.375000 -1.300000
v 5.250000 0.425000 -1.300000
vn -1.0000 -0.0000 -0.0000
vn -0.0000 -0.0000 -1.0000
vn 1.0000 -0.0000 -0.0000
vn -0.0000 -0.0000 1.0000
vn -0.0000 -1.0000 -0.0000
vn -0.0000 1.0000 -0.0000
vt 0.375000 0.000000
vt 0.625000 0.000000
vt 0.625000 0.250000
vt 0.375000 0.250000
vt 0.625000 0.500000
vt 0.375000 0.500000
vt 0.625000 0.750000
vt 0.375000 0.750000
vt 0.625000 1.000000
vt 0.375000 1.000000
vt 0.125000 0.500000
vt 0.125000 0.750000
vt 0.875000 0.500000
vt 0.875000 0.750000
s 0
usemtl ShelfMetal
f 1285/2245/962 1286/2246/962 1288/2247/962 1287/2248/962
f 1287/2248/963 1288/2247/963 1292/2249/963 1291/2250/963
f 1291/2250/964 1292/2249/964 1290/2251/964 1289/2252/964
f 1289/2252/965 1290/2251/965 1286/2253/965 1285/2254/965
f 1287/2255/966 1291/2250/966 1289/2252/966 1285/2256/966
f 1292/2249/967 1288/2257/967 1286/2258/967 1290/2251/967
o Shelf_1_3_1
v 3.750000 0.975000 -0.700000
v 3.750000 1.025000 -0.700000
v 3.750000 0.975000 -1.300000
v 3.750000 1.025000 -1.300000
v 5.250000 0.975000 -0.700000
v 5.250000 1.025000 -0.700000
v 5.250000 0.975000 -1.300000
v 5.250000 1.025000 -1.300000
vn -1.0000 -0.0000 -0.0000
vn -0.0000 -0.0000 -1.0000
vn 1.0000 -0.0000 -0.0000
vn -0.0000 -0.0000 1.0000
vn -0.0000 -1.0000 -0.0000
vn -0.0000 1.0000 -0.0000
vt 0.375000 0.000000
vt 0.625000 0.000000
vt 0.625000 0.250000
vt 0.375000 0.250000
vt 0.625000 0.500000
vt 0.375000 0.500000
vt 0.625000 0.750000
vt 0.375000 0.750000
vt 0.625000 1.000000
vt 0.375000 1.000000
vt 0.125000 0.500000
vt 0.125000 0.750000
vt 0.875000 0.500000
vt 0.875000 0.750000
s 0
usemtl ShelfMetal
f 1293/2259/968 1294/2260/968 1296/2261/968 1295/2262/968
f 1295/2262/969 1296/2261/969 1300/2263/969 1299/2264/969
f 1299/2264/970 1300/2263/970 1298/2265/970 1297/2266/970
f 1297/2266/971 1298/2265/971 1294/2267/971 1293/2268/971
f 1295/2269/972 1299/2264/972 1297/2266/972 1293/2270/972
f 1300/2263/973 1296/2271/973 1294/2272/973 1298/2265/973
o Shelf_1_3_2
v 3.750000 1.575000 -0.700000
v 3.750000 1.625000 -0.700000
v 3.750000 1.575000 -1.300000
v 3.750000 1.625000 -1.300000
v 5.250000 1.575000 -0.700000
v 5.250000 1.625000 -0.700000
v 5.250000 1.575000 -1.300000
v 5.250000 1.625000 -1.300000
vn -1.0000 -0.0000 -0.0000
vn -0.0000 -0.0000 -1.0000
vn 1.0000 -0.0000 -0.0000
vn -0.0000 -0.0000 1.0000
vn -0.0000 -1.0000 -0.0000
vn -0.0000 1.0000 -0.0000
vt 0.375000 0.000000
vt 0.625000 0.000000
vt 0.625000 0.250000
vt 0.375000 0.250000
vt 0.625000 0.500000
vt 0.375000 0.500000
vt 0.625000 0.750000
vt 0.375000 0.750000
vt 0.625000 1.000000
vt 0.375000 1.000000
vt 0.125000 0.500000
vt 0.125000 0.750000
vt 0.875000 0.500000
vt 0.875000 0.750000
s 0
usemtl ShelfMetal
f 1301/2273/974 1302/2274/974 1304/2275/974 1303/2276/974
f 1303/2276/975 1304/2275/975 1308/2277/975 1307/2278/975
f 1307/2278/976 1308/2277/976 1306/2279/976 1305/2280/976
f 1305/2280/977 1306/2279/977 1302/2281/977 1301/2282/977
f 1303/2283/978 1307/2278/978 1305/2280/978 1301/2284/978
f 1308/2277/979 1304/2285/979 1302/2286/979 1306/2279/979
o Shelf_1_3_3
v 3.750000 2.175000 -0.700000
v 3.750000 2.225000 -0.700000
v 3.750000 2.175000 -1.300000
v 3.750000 2.225000 -1.300000
v 5.250000 2.175000 -0.700000
v 5.250000 2.225000 -0.700000
v 5.250000 2.175000 -1.300000
v 5.250000 2.225000 -1.300000
vn -1.0000 -0.0000 -0.0000
vn -0.0000 -0.0000 -1.0000
vn 1.0000 -0.0000 -0.0000
vn -0.0000 -0.0000 1.0000
vn -0.0000 -1.0000 -0.0000
vn -0.0000 1.0000 -0.0000
vt 0.375000 0.000000
vt 0.625000 0.000000
vt 0.625000 0.250000
vt 0.375000 0.250000
vt 0.625000 0.500000
vt 0.375000 0.500000
vt 0.625000 0.750000
vt 0.375000 0.750000
vt 0.625000 1.000000
vt 0.375000 1.000000
vt 0.125000 0.500000
vt 0.125000 0.750000
vt 0.875000 0.500000
vt 0.875000 0.750000
s 0
usemtl ShelfMetal
f 1309/2287/980 1310/2288/980 1312/2289/980 1311/2290/980
f 1311/2290/981 1312/2289/981 1316/2291/981 1315/2292/981
f 1315/2292/982 1316/2291/982 1314/2293/982 1313/2294/982
f 1313/2294/983 1314/2293/983 1310/2295/983 1309/2296/983
f 1311/2297/984 1315/2292/984 1313/2294/984 1309/2298/984
f 1316/2291/985 1312/2299/985 1310/2300/985 1314/2293/985
o ShelfBack_1_3
v 3.750000 0.500000 -1.275000
v 3.750000 2.500000 -1.275000
v 3.750000 0.500000 -1.325000
v 3.750000 2.500000 -1.325000
v 5.250000 0.500000 -1.275000
v 5.250000 2.500000 -1.275000
v 5.250000 0.500000 -1.325000
v 5.250000 2.500000 -1.325000
vn -1.0000 -0.0000 -0.0000
vn -0.0000 -0.0000 -1.0000
vn 1.0000 -0.0000 -0.0000
vn -0.0000 -0.0000 1.0000
vn -0.0000 -1.0000 -0.0000
vn -0.0000 1.0000 -0.0000
vt 0.375000 0.000000
vt 0.625000 0.000000
vt 0.625000 0.250000
vt 0.375000 0.250000
vt 0.625000 0.500000
vt 0.375000 0.500000
vt 0.625000 0.750000
vt 0.375000 0.750000
vt 0.625000 1.000000
vt 0.375000 1.000000
vt 0.125000 0.500000
vt 0.125000 0.750000
vt 0.875000 0.500000
vt 0.875000 0.750000
s 0
usemtl ShelfMetal
f 1317/2301/986 1318/2302/986 1320/2303/986 1319/2304/986
f 1319/2304/987 1320/2303/987 1324/2305/987 1323/2306/987
f 1323/2306/988 1324/2305/988 1322/2307/988 1321/2308/988
f 1321/2308/989 1322/2307/989 1318/2309/989 1317/2310/989
f 1319/2311/990 1323/2306/990 1321/2308/990 1317/2312/990
f 1324/2305/991 1320/2313/991 1318/2314/991 1322/2307/991
o Product_1_3_0_0
v 3.900000 0.425000 -0.900000
v 3.900000 0.575000 -0.900000
v 3.900000 0.425000 -1.100000
v 3.900000 0.575000 -1.100000
v 4.100000 0.425000 -0.900000
v 4.100000 0.575000 -0.900000
v 4.100000 0.425000 -1.100000
v 4.100000 0.575000 -1.100000
vn -1.0000 -0.0000 -0.0000
vn -0.0000 -0.0000 -1.0000
vn 1.0000 -0.0000 -0.0000
vn -0.0000 -0.0000 1.0000
vn -0.0000 -1.0000 -0.0000
vn -0.0000 1.0000 -0.0000
vt 0.375000 0.000000
vt 0.625000 0.000000
vt 0.625000 0.250000
vt 0.375000 0.250000
vt 0.625000 0.500000
vt 0.375000 0.500000
vt 0.625000 0.750000
vt 0.375000 0.750000
vt 0.625000 1.000000
vt 0.375000 1.000000
vt 0.125000 0.500000
vt 0.125000 0.750000
vt 0.875000 0.500000
vt 0.875000 0.750000
s 0
usemtl Prod_1_3_0_0
f 1325/2315/992 1326/2316/992 1328/2317/992 1327/2318/992
f 1327/2318/993 1328/2317/993 1332/2319/993 1331/2320/993
f 1331/2320/994 1332/2319/994 1330/2321/994 1329/2322/994
f 1329/2322/995 1330/2321/995 1326/2323/995 1325/2324/995
f 1327/2325/996 1331/2320/996 1329/2322/996 1325/2326/996
f 1332/2319/997 1328/2327/997 1326/2328/997 1330/2321/997
o Product_1_3_0_1
v 4.200000 0.425000 -0.900000
v 4.200000 0.575000 -0.900000
v 4.200000 0.425000 -1.100000
v 4.200000 0.575000 -1.100000
v 4.400000 0.425000 -0.900000
v 4.400000 0.575000 -0.900000
v 4.400000 0.425000 -1.100000
v 4.400000 0.575000 -1.100000
vn -1.0000 -0.0000 -0.0000
vn -0.0000 -0.0000 -1.0000
vn 1.0000 -0.0000 -0.0000
vn -0.0000 -0.0000 1.0000
vn -0.0000 -1.0000 -0.0000
vn -0.0000 1.0000 -0.0000
vt 0.375000 0.000000
vt 0.625000 0.000000
vt 0.625000 0.250000
vt 0.375000 0.250000
vt 0.625000 0.500000
vt 0.375000 0.500000
vt 0.625000 0.750000
vt 0.375000 0.750000
vt 0.625000 1.000000
vt 0.375000 1.000000
vt 0.125000 0.500000
vt 0.125000 0.750000
vt 0.875000 0.500000
vt 0.875000 0.750000
s 0
usemtl Prod_1_3_0_1
f 1333/2329/998 1334/2330/998 1336/2331/998 1335/2332/998
f 1335/2332/999 1336/2331/999 1340/2333/999 1339/2334/999
f 1339/2334/1000 1340/2333/1000 1338/2335/1000 1337/2336/1000
f 1337/2336/1001 1338/2335/1001 1334/2337/1001 1333/2338/1001
f 1335/2339/1002 1339/2334/1002 1337/2336/1002 1333/2340/1002
f 1340/2333/1003 1336/2341/1003 1334/2342/1003 1338/2335/1003
o Product_1_3_0_2
v 4.500000 0.425000 -0.900000
v 4.500000 0.575000 -0.900000
v 4.500000 0.425000 -1.100000
v 4.500000 0.575000 -1.100000
v 4.700000 0.425000 -0.900000
v 4.700000 0.575000 -0.900000
v 4.700000 0.425000 -1.100000
v 4.700000 0.575000 -1.100000
vn -1.0000 -0.0000 -0.0000
vn -0.0000 -0.0000 -1.0000
vn 1.0000 -0.0000 -0.0000
vn -0.0000 -0.0000 1.0000
vn -0.0000 -1.0000 -0.0000
vn -0.0000 1.0000 -0.0000
vt 0.375000 0.000000
vt 0.625000 0.000000
vt 0.625000 0.250000
vt 0.375000 0.250000
vt 0.625000 0.500000
vt 0.375000 0.500000
vt 0.625000 0.750000
vt 0.375000 0.750000
vt 0.625000 1.000000
vt 0.375000 1.000000
vt 0.125000 0.500000
vt 0.125000 0.750000
vt 0.875000 0.500000
vt 0.875000 0.750000
s 0
usemtl Prod_1_3_0_2
f 1341/2343/1004 1342/2344/1004 1344/2345/1004 1343/2346/1004
f 1343/2346/1005 1344/2345/1005 1348/2347/1005 1347/2348/1005
f 1347/2348/1006 1348/2347/1006 1346/2349/1006 1345/2350/1006
f 1345/2350/1007 1346/2349/1007 1342/2351/1007 1341/2352/1007
f 1343/2353/1008 1347/2348/1008 1345/2350/1008 1341/2354/1008
f 1348/2347/1009 1344/2355/1009 1342/2356/1009 1346/2349/1009
o Product_1_3_0_3
v 4.800000 0.425000 -0.900000
v 4.800000 0.575000 -0.900000
v 4.800000 0.425000 -1.100000
v 4.800000 0.575000 -1.100000
v 5.000000 0.425000 -0.900000
v 5.000000 0.575000 -0.900000
v 5.000000 0.425000 -1.100000
v 5.000000 0.575000 -1.100000
vn -1.0000 -0.0000 -0.0000
vn -0.0000 -0.0000 -1.0000
vn 1.0000 -0.0000 -0.0000
vn -0.0000 -0.0000 1.0000
vn -0.0000 -1.0000 -0.0000
vn -0.0000 1.0000 -0.0000
vt 0.375000 0.000000
vt 0.625000 0.000000
vt 0.625000 0.250000
vt 0.375000 0.250000
vt 0.625000 0.500000
vt 0.375000 0.500000
vt 0.625000 0.750000
vt 0.375000 0.750000
vt 0.625000 1.000000
vt 0.375000 1.000000
vt 0.125000 0.500000
vt 0.125000 0.750000
vt 0.875000 0.500000
vt 0.875000 0.750000
s 0
usemtl Prod_1_3_0_3
f 1349/2357/1010 1350/2358/1010 1352/2359/1010 1351/2360/1010
f 1351/2360/1011 1352/2359/1011 1356/2361/1011 1355/2362/1011
f 1355/2362/1012 1356/2361/1012 1354/2363/1012 1353/2364/1012
f 1353/2364/1013 1354/2363/1013 1350/2365/1013 1349/2366/1013
f 1351/2367/1014 1355/2362/1014 1353/2364/1014 1349/2368/1014
f 1356/2361/1015 1352/2369/1015 1350/2370/1015 1354/2363/1015
o Product_1_3_1_0
v 3.900000 1.025000 -0.900000
v 3.900000 1.175000 -0.900000
v 3.900000 1.025000 -1.100000
v 3.900000 1.175000 -1.100000
v 4.100000 1.025000 -0.900000
v 4.100000 1.175000 -0.900000
v 4.100000 1.025000 -1.100000
v 4.100000 1.175000 -1.100000
vn -1.0000 -0.0000 -0.0000
vn -0.0000 -0.0000 -1.0000
vn 1.0000 -0.0000 -0.0000
vn -0.0000 -0.0000 1.0000
vn -0.0000 -1.0000 -0.0000
vn -0.0000 1.0000 -0.0000
vt 0.375000 0.000000
vt 0.625000 0.000000
vt 0.625000 0.250000
vt 0.375000 0.250000
vt 0.625000 0.500000
vt 0.375000 0.500000
vt 0.625000 0.750000
vt 0.375000 0.750000
vt 0.625000 1.000000
vt 0.375000 1.000000
vt 0.125000 0.500000
vt 0.125000 0.750000
vt 0.875000 0.500000
vt 0.875000 0.750000
s 0
usemtl Prod_1_3_1_0
f 1357/2371/1016 1358/2372/1016 1360/2373/1016 1359/2374/1016
f 1359/2374/1017 1360/2373/1017 1364/2375/1017 1363/2376/1017
f 1363/2376/1018 1364/2375/1018 1362/2377/1018 1361/2378/1018
f 1361/2378/1019 1362/2377/1019 1358/2379/1019 1357/2380/1019
f 1359/2381/1020 1363/2376/1020 1361/2378/1020 1357/2382/1020
f 1364/2375/1021 1360/2383/1021 1358/2384/1021 1362/2377/1021
o Product_1_3_1_1
v 4.200000 1.025000 -0.900000
v 4.200000 1.175000 -0.900000
v 4.200000 1.025000 -1.100000
v 4.200000 1.175000 -1.100000
v 4.400000 1.025000 -0.900000
v 4.400000 1.175000 -0.900000
v 4.400000 1.025000 -1.100000
v 4.400000 1.175000 -1.100000
vn -1.0000 -0.0000 -0.0000
vn -0.0000 -0.0000 -1.0000
vn 1.0000 -0.0000 -0.0000
vn -0.0000 -0.0000 1.0000
vn -0.0000 -1.0000 -0.0000
vn -0.0000 1.0000 -0.0000
vt 0.375000 0.000000
vt 0.625000 0.000000
vt 0.625000 0.250000
vt 0.375000 0.250000
vt 0.625000 0.500000
vt 0.375000 0.500000
vt 0.625000 0.750000
vt 0.375000 0.750000
vt 0.625000 1.000000
vt 0.375000 1.000000
vt 0.125000 0.500000
vt 0.125000 0.750000
vt 0.875000 0.500000
vt 0.875000 0.750000
s 0
usemtl Prod_1_3_1_1
f 1365/2385/1022 1366/2386/1022 1368/2387/1022 1367/2388/1022
f 1367/2388/1023 1368/2387/1023 1372/2389/1023 1371/2390/1023
f 1371/2390/1024 1372/2389/1024 1370/2391/1024 1369/2392/1024
f 1369/2392/1025 1370/2391/1025 1366/2393/1025 1365/2394/1025
f 1367/2395/1026 1371/2390/1026 1369/2392/1026 1365/2396/1026
f 1372/2389/1027 1368/2397/1027 1366/2398/1027 1370/2391/1027
o Product_1_3_1_2
v 4.500000 1.025000 -0.900000
v 4.500000 1.175000 -0.900000
v 4.500000 1.025000 -1.100000
v 4.500000 1.175000 -1.100000
v 4.700000 1.025000 -0.900000
v 4.700000 1.175000 -0.900000
v 4.700000 1.025000 -1.100000
v 4.700000 1.175000 -1.100000
vn -1.0000 -0.0000 -0.0000
vn -0.0000 -0.0000 -1.0000
vn 1.0000 -0.0000 -0.0000
vn -0.0000 -0.0000 1.0000
vn -0.0000 -1.0000 -0.0000
vn -0.0000 1.0000 -0.0000
vt 0.375000 0.000000
vt 0.625000 0.000000
vt 0.625000 0.250000
vt 0.375000 0.250000
vt 0.625000 0.500000
vt 0.375000 0.500000
vt 0.625000 0.750000
vt 0.375000 0.750000
vt 0.625000 1.000000
vt 0.375000 1.000000
vt 0.125000 0.500000
vt 0.125000 0.750000
vt 0.875000 0.500000
vt 0.875000 0.750000
s 0
usemtl Prod_1_3_1_2
f 1373/2399/1028 1374/2400/1028 1376/2401/1028 1375/2402/1028
f 1375/2402/1029 1376/2401/1029 1380/2403/1029 1379/2404/1029
f 1379/2404/1030 1380/2403/1030 1378/2405/1030 1377/2406/1030
f 1377/2406/1031 1378/2405/1031 1374/2407/1031 1373/2408/1031
f 1375/2409/1032 1379/2404/1032 1377/2406/1032 1373/2410/1032
f 1380/2403/1033 1376/2411/1033 1374/2412/1033 1378/2405/1033
o Product_1_3_1_3
v 4.800000 1.025000 -0.900000
v 4.800000 1.175000 -0.900000
v 4.800000 1.025000 -1.100000
v 4.800000 1.175000 -1.100000
v 5.000000 1.025000 -0.900000
v 5.000000 1.175000 -0.900000
v 5.000000 1.025000 -1.100000
v 5.000000 1.175000 -1.100000
vn -1.0000 -0.0000 -0.0000
vn -0.0000 -0.0000 -1.0000
vn 1.0000 -0.0000 -0.0000
vn -0.0000 -0.0000 1.0000
vn -0.0000 -1.0000 -0.0000
vn -0.0000 1.0000 -0.0000
vt 0.375000 0.000000
vt 0.625000 0.000000
vt 0.625000 0.250000
vt 0.375000 0.250000
vt 0.625000 0.500000
vt 0.375000 0.500000
vt 0.625000 0.750000
vt 0.375000 0.750000
vt 0.625000 1.000000
vt 0.375000 1.000000
vt 0.125000 0.500000
vt 0.125000 0.750000
vt 0.875000 0.500000
vt 0.875000 0.750000
s 0
usemtl Prod_1_3_1_3
f 1381/2413/1034 1382/2414/1034 1384/2415/1034 1383/2416/1034
f 1383/2416/1035 1384/2415/1035 1388/2417/1035 1387/2418/1035
f 1387/2418/1036 1388/2417/1036 1386/2419/1036 1385/2420/1036
f 1385/2420/1037 1386/2419/1037 1382/2421/1037 1381/2422/1037
f 1383/2423/1038 1387/2418/1038 1385/2420/1038 1381/2424/1038
f 1388/2417/1039 1384/2425/1039 1382/2426/1039 1386/2419/1039
o Product_1_3_2_0
v 3.900000 1.625000 -0.900000
v 3.900000 1.775000 -0.900000
v 3.900000 1.625000 -1.100000
v 3.900000 1.775000 -1.100000
v 4.100000 1.625000 -0.900000
v 4.100000 1.775000 -0.900000
v 4.100000 1.625000 -1.100000
v 4.100000 1.775000 -1.100000
vn -1.0000 -0.0000 -0.0000
vn -0.0000 -0.0000 -1.0000
vn 1.0000 -0.0000 -0.0000
vn -0.0000 -0.0000 1.0000
vn -0.0000 -1.0000 -0.0000
vn -0.0000 1.0000 -0.0000
vt 0.375000 0.000000
vt 0.625000 0.000000
vt 0.625000 0.250000
vt 0.375000 0.250000
vt 0.625000 0.500000
vt 0.375000 0.500000
vt 0.625000 0.750000
vt 0.375000 0.750000
vt 0.625000 1.000000
vt 0.375000 1.000000
vt 0.125000 0.500000
vt 0.125000 0.750000
vt 0.875000 0.500000
vt 0.875000 0.750000
s 0
usemtl Prod_1_3_2_0
f 1389/2427/1040 1390/2428/1040 1392/2429/1040 1391/2430/1040
f 1391/2430/1041 1392/2429/1041 1396/2431/1041 1395/2432/1041
f 1395/2432/1042 1396/2431/1042 1394/2433/1042 1393/2434/1042
f 1393/2434/1043 1394/2433/1043 1390/2435/1043 1389/2436/1043
f 1391/2437/1044 1395/2432/1044 1393/2434/1044 1389/2438/1044
f 1396/2431/1045 1392/2439/1045 1390/2440/1045 1394/2433/1045
o Product_1_3_2_1
v 4.200000 1.625000 -0.900000
v 4.200000 1.775000 -0.900000
v 4.200000 1.625000 -1.100000
v 4.200000 1.775000 -1.100000
v 4.400000 1.625000 -0.900000
v 4.400000 1.775000 -0.900000
v 4.400000 1.625000 -1.100000
v 4.400000 1.775000 -1.100000
vn -1.0000 -0.0000 -0.0000
vn -0.0000 -0.0000 -1.0000
vn 1.0000 -0.0000 -0.0000
vn -0.0000 -0.0000 1.0000
vn -0.0000 -1.0000 -0.0000
vn -0.0000 1.0000 -0.0000
vt 0.375000 0.000000
vt 0.625000 0.000000
vt 0.625000 0.250000
vt 0.375000 0.250000
vt 0.625000 0.500000
vt 0.375000 0.500000
vt 0.625000 0.750000
vt 0.375000 0.750000
vt 0.625000 1.000000
vt 0.375000 1.000000
vt 0.125000 0.500000
vt 0.125000 0.750000
vt 0.875000 0.500000
vt 0.875000 0.750000
s 0
usemtl Prod_1_3_2_1
f 1397/2441/1046 1398/2442/1046 1400/2443/1046 1399/2444/1046
f 1399/2444/1047 1400/2443/1047 1404/2445/1047 1403/2446/1047
f 1403/2446/1048 1404/2445/1048 1402/2447/1048 1401/2448/1048
f 1401/2448/1049 1402/2447/1049 1398/2449/1049 1397/2450/1049
f 1399/2451/1050 1403/2446/1050 1401/2448/1050 1397/2452/1050
f 1404/2445/1051 1400/2453/1051 1398/2454/1051 1402/2447/1051
o Product_1_3_2_2
v 4.500000 1.625000 -0.900000
v 4.500000 1.775000 -0.900000
v 4.500000 1.625000 -1.100000
v 4.500000 1.775000 -1.100000
v 4.700000 1.625000 -0.900000
v 4.700000 1.775000 -0.900000
v 4.700000 1.625000 -1.100000
v 4.700000 1.775000 -1.100000
vn -1.0000 -0.0000 -0.0000
vn -0.0000 -0.0000 -1.0000
vn 1.0000 -0.0000 -0.0000
vn -0.0000 -0.0000 1.0000
vn -0.0000 -1.0000 -0.0000
vn -0.0000 1.0000 -0.0000
vt 0.375000 0.000000
vt 0.625000 0.000000
vt 0.625000 0.250000
vt 0.375000 0.250000
vt 0.625000 0.500000
vt 0.375000 0.500000
vt 0.625000 0.750000
vt 0.375000 0.750000
vt 0.625000 1.000000
vt 0.375000 1.000000
vt 0.125000 0.500000
vt 0.125000 0.750000
vt 0.875000 0.500000
vt 0.875000 0.750000
s 0
usemtl Prod_1_3_2_2
f 1405/2455/1052 1406/2456/1052 1408/2457/1052 1407/2458/1052
f 1407/2458/1053 1408/2457/1053 1412/2459/1053 1411/2460/1053
f 1411/2460/1054 1412/2459/1054 1410/2461/1054 1409/2462/1054
f 1409/2462/1055 1410/2461/1055 1406/2463/1055 1405/2464/1055
f 1407/2465/1056 1411/2460/1056 1409/2462/1056 1405/2466/1056
f 1412/2459/1057 1408/2467/1057 1406/2468/1057 1410/2461/1057
o Product_1_3_2_3
v 4.800000 1.625000 -0.900000
v 4.800000 1.775000 -0.900000
v 4.800000 1.625000 -1.100000
v 4.800000 1.775000 -1.100000
v 5.000000 1.625000 -0.900000
v 5.000000 1.775000 -0.900000
v 5.000000 1.625000 -1.100000
v 5.000000 1.775000 -1.100000
vn -1.0000 -0.0000 -0.0000
vn -0.0000 -0.0000 -1.0000
vn 1.0000 -0.0000 -0.0000
vn -0.0000 -0.0000 1.0000
vn -0.0000 -1.0000 -0.0000
vn -0.0000 1.0000 -0.0000
vt 0.375000 0.000000
vt 0.625000 0.000000
vt 0.625000 0.250000
vt 0.375000 0.250000
vt 0.625000 0.500000
vt 0.375000 0.500000
vt 0.625000 0.750000
vt 0.375000 0.750000
vt 0.625000 1.000000
vt 0.375000 1.000000
vt 0.125000 0.500000
vt 0.125000 0.750000
vt 0.875000 0.500000
vt 0.875000 0.750000
s 0
usemtl Prod_1_3_2_3
f 1413/2469/1058 1414/2470/1058 1416/2471/1058 1415/2472/1058
f 1415/2472/1059 1416/2471/1059 1420/2473/1059 1419/2474/1059
f 1419/2474/1060 1420/2473/1060 1418/2475/1060 1417/2476/1060
f 1417/2476/1061 1418/2475/1061 1414/2477/1061 1413/2478/1061
f 1415/2479/1062 1419/2474/1062 1417/2476/1062 1413/2480/1062
f 1420/2473/1063 1416/2481/1063 1414/2482/1063 1418/2475/1063
o Product_1_3_3_0
v 3.900000 2.225000 -0.900000
v 3.900000 2.375000 -0.900000
v 3.900000 2.225000 -1.100000
v 3.900000 2.375000 -1.100000
v 4.100000 2.225000 -0.900000
v 4.100000 2.375000 -0.900000
v 4.100000 2.225000 -1.100000
v 4.100000 2.375000 -1.100000
vn -1.0000 -0.0000 -0.0000
vn -0.0000 -0.0000 -1.0000
vn 1.0000 -0.0000 -0.0000
vn -0.0000 -0.0000 1.0000
vn -0.0000 -1.0000 -0.0000
vn -0.0000 1.0000 -0.0000
vt 0.375000 0.000000
vt 0.625000 0.000000
vt 0.625000 0.250000
vt 0.375000 0.250000
vt 0.625000 0.500000
vt 0.375000 0.500000
vt 0.625000 0.750000
vt 0.375000 0.750000
vt 0.625000 1.000000
vt 0.375000 1.000000
vt 0.125000 0.500000
vt 0.125000 0.750000
vt 0.875000 0.500000
vt 0.875000 0.750000
s 0
usemtl Prod_1_3_3_0
f 1421/2483/1064 1422/2484/1064 1424/2485/1064 1423/2486/1064
f 1423/2486/1065 1424/2485/1065 1428/2487/1065 1427/2488/1065
f 1427/2488/1066 1428/2487/1066 1426/2489/1066 1425/2490/1066
f 1425/2490/1067 1426/2489/1067 1422/2491/1067 1421/2492/1067
f 1423/2493/1068 1427/2488/1068 1425/2490/1068 1421/2494/1068
f 1428/2487/1069 1424/2495/1069 1422/2496/1069 1426/2489/1069
o Product_1_3_3_1
v 4.200000 2.225000 -0.900000
v 4.200000 2.375000 -0.900000
v 4.200000 2.225000 -1.100000
v 4.200000 2.375000 -1.100000
v 4.400000 2.225000 -0.900000
v 4.400000 2.375000 -0.900000
v 4.400000 2.225000 -1.100000
v 4.400000 2.375000 -1.100000
vn -1.0000 -0.0000 -0.0000
vn -0.0000 -0.0000 -1.0000
vn 1.0000 -0.0000 -0.0000
vn -0.0000 -0.0000 1.0000
vn -0.0000 -1.0000 -0.0000
vn -0.0000 1.0000 -0.0000
vt 0.375000 0.000000
vt 0.625000 0.000000
vt 0.625000 0.250000
vt 0.375000 0.250000
vt 0.625000 0.500000
vt 0.375000 0.500000
vt 0.625000 0.750000
vt 0.375000 0.750000
vt 0.625000 1.000000
vt 0.375000 1.000000
vt 0.125000 0.500000
vt 0.125000 0.750000
vt 0.875000 0.500000
vt 0.875000 0.750000
s 0
usemtl Prod_1_3_3_1
f 1429/2497/1070 1430/2498/1070 1432/2499/1070 1431/2500/1070
f 1431/2500/1071 1432/2499/1071 1436/2501/1071 1435/2502/1071
f 1435/2502/1072 1436/2501/1072 1434/2503/1072 1433/2504/1072
f 1433/2504/1073 1434/2503/1073 1430/2505/1073 1429/2506/1073
f 1431/2507/1074 1435/2502/1074 1433/2504/1074 1429/2508/1074
f 1436/2501/1075 1432/2509/1075 1430/2510/1075 1434/2503/1075
o Product_1_3_3_2
v 4.500000 2.225000 -0.900000
v 4.500000 2.375000 -0.900000
v 4.500000 2.225000 -1.100000
v 4.500000 2.375000 -1.100000
v 4.700000 2.225000 -0.900000
v 4.700000 2.375000 -0.900000
v 4.700000 2.225000 -1.100000
v 4.700000 2.375000 -1.100000
vn -1.0000 -0.0000 -0.0000
vn -0.0000 -0.0000 -1.0000
vn 1.0000 -0.0000 -0.0000
vn -0.0000 -0.0000 1.0000
vn -0.0000 -1.0000 -0.0000
vn -0.0000 1.0000 -0.0000
vt 0.375000 0.000000
vt 0.625000 0.000000
vt 0.625000 0.250000
vt 0.375000 0.250000
vt 0.625000 0.500000
vt 0.375000 0.500000
vt 0.625000 0.750000
vt 0.375000 0.750000
vt 0.625000 1.000000
vt 0.375000 1.000000
vt 0.125000 0.500000
vt 0.125000 0.750000
vt 0.875000 0.500000
vt 0.875000 0.750000
s 0
usemtl Prod_1_3_3_2
f 1437/2511/1076 1438/2512/1076 1440/2513/1076 1439/2514/1076
f 1439/2514/1077 1440/2513/1077 1444/2515/1077 1443/2516/1077
f 1443/2516/1078 1444/2515/1078 1442/2517/1078 1441/2518/1078
f 1441/2518/1079 1442/2517/1079 1438/2519/1079 1437/2520/1079
f 1439/2521/1080 1443/2516/1080 1441/2518/1080 1437/2522/1080
f 1444/2515/1081 1440/2523/1081 1438/2524/1081 1442/2517/1081
o Product_1_3_3_3
v 4.800000 2.225000 -0.900000
v 4.800000 2.375000 -0.900000
v 4.800000 2.225000 -1.100000
v 4.800000 2.375000 -1.100000
v 5.000000 2.225000 -0.900000
v 5.000000 2.375000 -0.900000
v 5.000000 2.225000 -1.100000
v 5.000000 2.375000 -1.100000
vn -1.0000 -0.0000 -0.0000
vn -0.0000 -0.0000 -1.0000
vn 1.0000 -0.0000 -0.0000
vn -0.0000 -0.0000 1.0000
vn -0.0000 -1.0000 -0.0000
vn -0.0000 1.0000 -0.0000
vt 0.375000 0.000000
vt 0.625000 0.000000
vt 0.625000 0.250000
vt 0.375000 0.250000
vt 0.625000 0.500000
vt 0.375000 0.500000
vt 0.625000 0.750000
vt 0.375000 0.750000
vt 0.625000 1.000000
vt 0.375000 1.000000
vt 0.125000 0.500000
vt 0.125000 0.750000
vt 0.875000 0.500000
vt 0.875000 0.750000
s 0
usemtl Prod_1_3_3_3
f 1445/2525/1082 1446/2526/1082 1448/2527/1082 1447/2528/1082
f 1447/2528/1083 1448/2527/1083 1452/2529/1083 1451/2530/1083
f 1451/2530/1084 1452/2529/1084 1450/2531/1084 1449/2532/1084
f 1449/2532/1085 1450/2531/1085 1446/2533/1085 1445/2534/1085
f 1447/2535/1086 1451/2530/1086 1449/2532/1086 1445/2536/1086
f 1452/2529/1087 1448/2537/1087 1446/2538/1087 1450/2531/1087
o ShelfBase_2_0
v -5.250000 0.000000 -4.700000
v -5.250000 0.200000 -4.700000
v -5.250000 0.000000 -5.300000
v -5.250000 0.200000 -5.300000
v -3.750000 0.000000 -4.700000
v -3.750000 0.200000 -4.700000
v -3.750000 0.000000 -5.300000
v -3.750000 0.200000 -5.300000
vn -1.0000 -0.0000 -0.0000
vn -0.0000 -0.0000 -1.0000
vn 1.0000 -0.0000 -0.0000
vn -0.0000 -0.0000 1.0000
vn -0.0000 -1.0000 -0.0000
vn -0.0000 1.0000 -0.0000
vt 0.375000 0.000000
vt 0.625000 0.000000
vt 0.625000 0.250000
vt 0.375000 0.250000
vt 0.625000 0.500000
vt 0.375000 0.500000
vt 0.625000 0.750000
vt 0.375000 0.750000
vt 0.625000 1.000000
vt 0.375000 1.000000
vt 0.125000 0.500000
vt 0.125000 0.750000
vt 0.875000 0.500000
vt 0.875000 0.750000
s 0
usemtl ShelfMetal
f 1453/2539/1088 1454/2540/1088 1456/2541/1088 1455/2542/1088
f 1455/2542/1089 1456/2541/1089 1460/2543/1089 1459/2544/1089
f 1459/2544/1090 1460/2543/1090 1458/2545/1090 1457/2546/1090
f 1457/2546/1091 1458/2545/1091 1454/2547/1091 1453/2548/1091
f 1455/2549/1092 1459/2544/1092 1457/2546/1092 1453/2550/1092
f 1460/2543/1093 1456/2551/1093 1454/2552/1093 1458/2545/1093
o Shelf_2_0_0
v -5.250000 0.375000 -4.700000
v -5.250000 0.425000 -4.700000
v -5.250000 0.375000 -5.300000
v -5.250000 0.425000 -5.300000
v -3.750000 0.375000 -4.700000
v -3.750000 0.425000 -4.700000
v -3.750000 0.375000 -5.300000
v -3.750000 0.425000 -5.300000
vn -1.0000 -0.0000 -0.0000
vn -0.0000 -0.0000 -1.0000
vn 1.0000 -0.0000 -0.0000
vn -0.0000 -0.0000 1.0000
vn -0.0000 -1.0000 -0.0000
vn -0.0000 1.0000 -0.0000
vt 0.375000 0.000000
vt 0.625000 0.000000
vt 0.625000 0.250000
vt 0.375000 0.250000
vt 0.625000 0.500000
vt 0.375000 0.500000
vt 0.625000 0.750000
vt 0.375000 0.750000
vt 0.625000 1.000000
vt 0.375000 1.000000
vt 0.125000 0.500000
vt 0.125000 0.750000
vt 0.875000 0.500000
vt 0.875000 0.750000
s 0
usemtl ShelfMetal
f 1461/2553/1094 1462/2554/1094 1464/2555/1094 1463/2556/1094
f 1463/2556/1095 1464/2555/1095 1468/2557/1095 1467/2558/1095
f 1467/2558/1096 1468/2557/1096 1466/2559/1096 1465/2560/1096
f 1465/2560/1097 1466/2559/1097 1462/2561/1097 1461/2562/1097
f 1463/2563/1098 1467/2558/1098 1465/2560/1098 1461/2564/1098
f 1468/2557/1099 1464/2565/1099 1462/2566/1099 1466/2559/1099
o Shelf_2_0_1
v -5.250000 0.975000 -4.700000
v -5.250000 1.025000 -4.700000
v -5.250000 0.975000 -5.300000
v -5.250000 1.025000 -5.300000
v -3.750000 0.975000 -4.700000
v -3.750000 1.025000 -4.700000
v -3.750000 0.975000 -5.300000
v -3.750000 1.025000 -5.300000
vn -1.0000 -0.0000 -0.0000
vn -0.0000 -0.0000 -1.0000
vn 1.0000 -0.0000 -0.0000
vn -0.0000 -0.0000 1.0000
vn -0.0000 -1.0000 -0.0000
vn -0.0000 1.0000 -0.0000
vt 0.375000 0.000000
vt 0.625000 0.000000
vt 0.625000 0.250000
vt 0.375000 0.250000
vt 0.625000 0.500000
vt 0.375000 0.500000
vt 0.625000 0.750000
vt 0.375000 0.750000
vt 0.625000 1.000000
vt 0.375000 1.000000
vt 0.125000 0.500000
vt 0.125000 0.750000
vt 0.875000 0.500000
vt 0.875000 0.750000
s 0
usemtl ShelfMetal
f 1469/2567/1100 1470/2568/1100 1472/2569/1100 1471/2570/1100
f 1471/2570/1101 1472/2569/1101 1476/2571/1101 1475/2572/1101
f 1475/2572/1102 1476/2571/1102 1474/2573/1102 1473/2574/1102
f 1473/2574/1103 1474/2573/1103 1470/2575/1103 1469/2576/1103
f 1471/2577/1104 1475/2572/1104 1473/2574/1104 1469/2578/1104
f 1476/2571/1105 1472/2579/1105 1470/2580/1105 1474/2573/1105
o Shelf_2_0_2
v -5.250000 1.575000 -4.700000
v -5.250000 1.625000 -4.700000
v -5.250000 1.575000 -5.300000
v -5.250000 1.625000 -5.300000
v -3.750000 1.575000 -4.700000
v -3.750000 1.625000 -4.700000
v -3.750000 1.575000 -5.300000
v -3.750000 1.625000 -5.300000
vn -1.0000 -0.0000 -0.0000
vn -0.0000 -0.0000 -1.0000
vn 1.0000 -0.0000 -0.0000
vn -0.0000 -0.0000 1.0000
vn -0.0000 -1.0000 -0.0000
vn -0.0000 1.0000 -0.0000
vt 0.375000 0.000000
vt 0.625000 0.000000
vt 0.625000 0.250000
vt 0.375000 0.250000
vt 0.625000 0.500000
vt 0.375000 0.500000
vt 0.625000 0.750000
vt 0.375000 0.750000
vt 0.625000 1.000000
vt 0.375000 1.000000
vt 0.125000 0.500000
vt 0.125000 0.750000
vt 0.875000 0.500000
vt 0.875000 0.750000
s 0
usemtl ShelfMetal
f 1477/2581/1106 1478/2582/1106 1480/2583/1106 1479/2584/1106
f 1479/2584/1107 1480/2583/1107 1484/2585/1107 1483/2586/1107
f 1483/2586/1108 1484/2585/1108 1482/2587/1108 1481/2588/1108
f 1481/2588/1109 1482/2587/1109 1478/2589/1109 1477/2590/1109
f 1479/2591/1110 1483/2586/1110 1481/2588/1110 1477/2592/1110
f 1484/2585/1111 1480/2593/1111 1478/2594/1111 1482/2587/1111
o Shelf_2_0_3
v -5.250000 2.175000 -4.700000
v -5.250000 2.225000 -4.700000
v -5.250000 2.175000 -5.300000
v -5.250000 2.225000 -5.300000
v -3.750000 2.175000 -4.700000
v -3.750000 2.225000 -4.700000
v -3.750000 2.175000 -5.300000
v -3.750000 2.225000 -5.300000
vn -1.0000 -0.0000 -0.0000
vn -0.0000 -0.0000 -1.0000
vn 1.0000 -0.0000 -0.0000
vn -0.0000 -0.0000 1.0000
vn -0.0000 -1.0000 -0.0000
vn -0.0000 1.0000 -0.0000
vt 0.375000 0.000000
vt 0.625000 0.000000
vt 0.625000 0.250000
vt 0.375000 0.250000
vt 0.625000 0.500000
vt 0.375000 0.500000
vt 0.625000 0.750000
vt 0.375000 0.750000
vt 0.625000 1.000000
vt 0.375000 1.000000
vt 0.125000 0.500000
vt 0.125000 0.750000
vt 0.875000 0.500000
vt 0.875000 0.750000
s 0
usemtl ShelfMetal
f 1485/2595/1112 1486/2596/1112 1488/2597/1112 1487/2598/1112
f 1487/2598/1113 1488/2597/1113 1492/2599/1113 1491/2600/1113
f 1491/2600/1114 1492/2599/1114 1490/2601/1114 1489/2602/1114
f 1489/2602/1115 1490/2601/1115 1486/2603/1115 1485/2604/1115
f 1487/2605/1116 1491/2600/1116 1489/2602/1116 1485/2606/1116
f 1492/2599/1117 1488/2607/1117 1486/2608/1117 1490/2601/1117
o ShelfBack_2_0
v -5.250000 0.500000 -5.275000
v -5.250000 2.500000 -5.275000
v -5.250000 0.500000 -5.325000
v -5.250000 2.500000 -5.325000
v -3.750000 0.500000 -5.275000
v -3.750000 2.500000 -5.275000
v -3.750000 0.500000 -5.325000
v -3.750000 2.500000 -5.325000
vn -1.0000 -0.0000 -0.0000
vn -0.0000 -0.0000 -1.0000
vn 1.0000 -0.0000 -0.0000
vn -0.0000 -0.0000 1.0000
vn -0.0000 -1.0000 -0.0000
vn -0.0000 1.0000 -0.0000
vt 0.375000 0.000000
vt 0.625000 0.000000
vt 0.625000 0.250000
vt 0.375000 0.250000
vt 0.625000 0.500000
vt 0.375000 0.500000
vt 0.625000 0.750000
vt 0.375000 0.750000
vt 0.625000 1.000000
vt 0.375000 1.000000
vt 0.125000 0.500000
vt 0.125000 0.750000
vt 0.875000 0.500000
vt 0.875000 0.750000
s 0
usemtl ShelfMetal
f 1493/2609/1118 1494/2610/1118 1496/2611/1118 1495/2612/1118
f 1495/2612/1119 1496/2611/1119 1500/2613/1119 1499/2614/1119
f 1499/2614/1120 1500/2613/1120 1498/2615/1120 1497/2616/1120
f 1497/2616/1121 1498/2615/1121 1494/2617/1121 1493/2618/1121
f 1495/2619/1122 1499/2614/1122 1497/2616/1122 1493/2620/1122
f 1500/2613/1123 1496/2621/1123 1494/2622/1123 1498/2615/1123
o Product_2_0_0_0
v -5.100000 0.425000 -4.900000
v -5.100000 0.575000 -4.900000
v -5.100000 0.425000 -5.100000
v -5.100000 0.575000 -5.100000
v -4.900000 0.425000 -4.900000
v -4.900000 0.575000 -4.900000
v -4.900000 0.425000 -5.100000
v -4.900000 0.575000 -5.100000
vn -1.0000 -0.0000 -0.0000
vn -0.0000 -0.0000 -1.0000
vn 1.0000 -0.0000 -0.0000
vn -0.0000 -0.0000 1.0000
vn -0.0000 -1.0000 -0.0000
vn -0.0000 1.0000 -0.0000
vt 0.375000 0.000000
vt 0.625000 0.000000
vt 0.625000 0.250000
vt 0.375000 0.250000
vt 0.625000 0.500000
vt 0.375000 0.500000
vt 0.625000 0.750000
vt 0.375000 0.750000
vt 0.625000 1.000000
vt 0.375000 1.000000
vt 0.125000 0.500000
vt 0.125000 0.750000
vt 0.875000 0.500000
vt 0.875000 0.750000
s 0
usemtl Prod_2_0_0_0
f 1501/2623/1124 1502/2624/1124 1504/2625/1124 1503/2626/1124
f 1503/2626/1125 1504/2625/1125 1508/2627/1125 1507/2628/1125
f 1507/2628/1126 1508/2627/1126 1506/2629/1126 1505/2630/1126
f 1505/2630/1127 1506/2629/1127 1502/2631/1127 1501/2632/1127
f 1503/2633/1128 1507/2628/1128 1505/2630/1128 1501/2634/1128
f 1508/2627/1129 1504/2635/1129 1502/2636/1129 1506/2629/1129
o Product_2_0_0_1
v -4.800000 0.425000 -4.900000
v -4.800000 0.575000 -4.900000
v -4.800000 0.425000 -5.100000
v -4.800000 0.575000 -5.100000
v -4.600000 0.425000 -4.900000
v -4.600000 0.575000 -4.900000
v -4.600000 0.425000 -5.100000
v -4.600000 0.575000 -5.100000
vn -1.0000 -0.0000 -0.0000
vn -0.0000 -0.0000 -1.0000
vn 1.0000 -0.0000 -0.0000
vn -0.0000 -0.0000 1.0000
vn -0.0000 -1.0000 -0.0000
vn -0.0000 1.0000 -0.0000
vt 0.375000 0.000000
vt 0.625000 0.000000
vt 0.625000 0.250000
vt 0.375000 0.250000
vt 0.625000 0.500000
vt 0.375000 0.500000
vt 0.625000 0.750000
vt 0.375000 0.750000
vt 0.625000 1.000000
vt 0.375000 1.000000
vt 0.125000 0.500000
vt 0.125000 0.750000
vt 0.875000 0.500000
vt 0.875000 0.750000
s 0
usemtl Prod_2_0_0_1
f 1509/2637/1130 1510/2638/1130 1512/2639/1130 1511/2640/1130
f 1511/2640/1131 1512/2639/1131 1516/2641/1131 1515/2642/1131
f 1515/2642/1132 1516/2641/1132 1514/2643/1132 1513/2644/1132
f 1513/2644/1133 1514/2643/1133 1510/2645/1133 1509/2646/1133
f 1511/2647/1134 1515/2642/1134 1513/2644/1134 1509/2648/1134
f 1516/2641/1135 1512/2649/1135 1510/2650/1135 1514/2643/1135
o Product_2_0_0_2
v -4.500000 0.425000 -4.900000
v -4.500000 0.575000 -4.900000
v -4.500000 0.425000 -5.100000
v -4.500000 0.575000 -5.100000
v -4.300000 0.425000 -4.900000
v -4.300000 0.575000 -4.900000
v -4.300000 0.425000 -5.100000
v -4.300000 0.575000 -5.100000
vn -1.0000 -0.0000 -0.0000
vn -0.0000 -0.0000 -1.0000
vn 1.0000 -0.0000 -0.0000
vn -0.0000 -0.0000 1.0000
vn -0.0000 -1.0000 -0.0000
vn -0.0000 1.0000 -0.0000
vt 0.375000 0.000000
vt 0.625000 0.000000
vt 0.625000 0.250000
vt 0.375000 0.250000
vt 0.625000 0.500000
vt 0.375000 0.500000
vt 0.625000 0.750000
vt 0.375000 0.750000
vt 0.625000 1.000000
vt 0.375000 1.000000
vt 0.125000 0.500000
vt 0.125000 0.750000
vt 0.875000 0.500000
vt 0.875000 0.750000
s 0
usemtl Prod_2_0_0_2
f 1517/2651/1136 1518/2652/1136 1520/2653/1136 1519/2654/1136
f 1519/2654/1137 1520/2653/1137 1524/2655/1137 1523/2656/1137
f 1523/2656/1138 1524/2655/1138 1522/2657/1138 1521/2658/1138
f 1521/2658/1139 1522/2657/1139 1518/2659/1139 1517/2660/1139
f 1519/2661/1140 1523/2656/1140 1521/2658/1140 1517/2662/1140
f 1524/2655/1141 1520/2663/1141 1518/2664/1141 1522/2657/1141
o Product_2_0_0_3
v -4.200000 0.425000 -4.900000
v -4.200000 0.575000 -4.900000
v -4.200000 0.425000 -5.100000
v -4.200000 0.575000 -5.100000
v -4.000000 0.425000 -4.900000
v -4.000000 0.575000 -4.900000
v -4.000000 0.425000 -5.100000
v -4.000000 0.575000 -5.100000
vn -1.0000 -0.0000 -0.0000
vn -0.0000 -0.0000 -1.0000
vn 1.0000 -0.0000 -0.0000
vn -0.0000 -0.0000 1.0000
vn -0.0000 -1.0000 -0.0000
vn -0.0000 1.0000 -0.0000
vt 0.375000 0.000000
vt 0.625000 0.000000
vt 0.625000 0.250000
vt 0.375000 0.250000
vt 0.625000 0.500000
vt 0.375000 0.500000
vt 0.625000 0.750000
vt 0.375000 0.750000
vt 0.625000 1.000000
vt 0.375000 1.000000
vt 0.125000 0.500000
vt 0.125000 0.750000
vt 0.875000 0.500000
vt 0.875000 0.750000
s 0
usemtl Prod_2_0_0_3
f 1525/2665/1142 1526/2666/1142 1528/2667/1142 1527/2668/1142
f 1527/2668/1143 1528/2667/1143 1532/2669/1143 1531/2670/1143
f 1531/2670/1144 1532/2669/1144 1530/2671/1144 1529/2672/1144
f 1529/2672/1145 1530/2671/1145 1526/2673/1145 1525/2674/1145
f 1527/2675/1146 1531/2670/1146 1529/2672/1146 1525/2676/1146
f 1532/2669/1147 1528/2677/1147 1526/2678/1147 1530/2671/1147
o Product_2_0_1_0
v -5.100000 1.025000 -4.900000
v -5.100000 1.175000 -4.900000
v -5.100000 1.025000 -5.100000
v -5.100000 1.175000 -5.100000
v -4.900000 1.025000 -4.900000
v -4.900000 1.175000 -4.900000
v -4.900000 1.025000 -5.100000
v -4.900000 1.175000 -5.100000
vn -1.0000 -0.0000 -0.0000
vn -0.0000 -0.0000 -1.0000
vn 1.0000 -0.0000 -0.0000
vn -0.0000 -0.0000 1.0000
vn -0.0000 -1.0000 -0.0000
vn -0.0000 1.0000 -0.0000
vt 0.375000 0.000000
vt 0.625000 0.000000
vt 0.625000 0.250000
vt 0.375000 0.250000
vt 0.625000 0.500000
vt 0.375000 0.500000
vt 0.625000 0.750000
vt 0.375000 0.750000
vt 0.625000 1.000000
vt 0.375000 1.000000
vt 0.125000 0.500000
vt 0.125000 0.750000
vt 0.875000 0.500000
vt 0.875000 0.750000
s 0
usemtl Prod_2_0_1_0
f 1533/2679/1148 1534/2680/1148 1536/2681/1148 1535/2682/1148
f 1535/2682/1149 1536/2681/1149 1540/2683/1149 1539/2684/1149
f 1539/2684/1150 1540/2683/1150 1538/2685/1150 1537/2686/1150
f 1537/2686/1151 1538/2685/1151 1534/2687/1151 1533/2688/1151
f 1535/2689/1152 1539/2684/1152 1537/2686/1152 1533/2690/1152
f 1540/2683/1153 1536/2691/1153 1534/2692/1153 1538/2685/1153
o Product_2_0_1_1
v -4.800000 1.025000 -4.900000
v -4.800000 1.175000 -4.900000
v -4.800000 1.025000 -5.100000
v -4.800000 1.175000 -5.100000
v -4.600000 1.025000 -4.900000
v -4.600000 1.175000 -4.900000
v -4.600000 1.025000 -5.100000
v -4.600000 1.175000 -5.100000
vn -1.0000 -0.0000 -0.0000
vn -0.0000 -0.0000 -1.0000
vn 1.0000 -0.0000 -0.0000
vn -0.0000 -0.0000 1.0000
vn -0.0000 -1.0000 -0.0000
vn -0.0000 1.0000 -0.0000
vt 0.375000 0.000000
vt 0.625000 0.000000
vt 0.625000 0.250000
vt 0.375000 0.250000
vt 0.625000 0.500000
vt 0.375000 0.500000
vt 0.625000 0.750000
vt 0.375000 0.750000
vt 0.625000 1.000000
vt 0.375000 1.000000
vt 0.125000 0.500000
vt 0.125000 0.750000
vt 0.875000 0.500000
vt 0.875000 0.750000
s 0
usemtl Prod_2_0_1_1
f 1541/2693/1154 1542/2694/1154 1544/2695/1154 1543/2696/1154
f 1543/2696/1155 1544/2695/1155 1548/2697/1155 1547/2698/1155
f 1547/2698/1156 1548/2697/1156 1546/2699/1156 1545/2700/1156
f 1545/2700/1157 1546/2699/1157 1542/2701/1157 1541/2702/1157
f 1543/2703/1158 1547/2698/1158 1545/2700/1158 1541/2704/1158
f 1548/2697/1159 1544/2705/1159 1542/2706/1159 1546/2699/1159
o Product_2_0_1_2
v -4.500000 1.025000 -4.900000
v -4.500000 1.175000 -4.900000
v -4.500000 1.025000 -5.100000
v -4.500000 1.175000 -5.100000
v -4.300000 1.025000 -4.900000
v -4.300000 1.175000 -4.900000
v -4.300000 1.025000 -5.100000
v -4.300000 1.175000 -5.100000
vn -1.0000 -0.0000 -0.0000
vn -0.0000 -0.0000 -1.0000
vn 1.0000 -0.0000 -0.0000
vn -0.0000 -0.0000 1.0000
vn -0.0000 -1.0000 -0.0000
vn -0.0000 1.0000 -0.0000
vt 0.375000 0.000000
vt 0.625000 0.000000
vt 0.625000 0.250000
vt 0.375000 0.250000
vt 0.625000 0.500000
vt 0.375000 0.500000
vt 0.625000 0.750000
vt 0.375000 0.750000
vt 0.625000 1.000000
vt 0.375000 1.000000
vt 0.125000 0.500000
vt 0.125000 0.750000
vt 0.875000 0.500000
vt 0.875000 0.750000
s 0
usemtl Prod_2_0_1_2
f 1549/2707/1160 1550/2708/1160 1552/2709/1160 1551/2710/1160
f 1551/2710/1161 1552/2709/1161 1556/2711/1161 1555/2712/1161
f 1555/2712/1162 1556/2711/1162 1554/2713/1162 1553/2714/1162
f 1553/2714/1163 1554/2713/1163 1550/2715/1163 1549/2716/1163
f 1551/2717/1164 1555/2712/1164 1553/2714/1164 1549/2718/1164
f 1556/2711/1165 1552/2719/1165 1550/2720/1165 1554/2713/1165
o Product_2_0_1_3
v -4.200000 1.025000 -4.900000
v -4.200000 1.175000 -4.900000
v -4.200000 1.025000 -5.100000
v -4.200000 1.175000 -5.100000
v -4.000000 1.025000 -4.900000
v -4.000000 1.175000 -4.900000
v -4.000000 1.025000 -5.100000
v -4.000000 1.175000 -5.100000
vn -1.0000 -0.0000 -0.0000
vn -0.0000 -0.0000 -1.0000
vn 1.0000 -0.0000 -0.0000
vn -0.0000 -0.0000 1.0000
vn -0.0000 -1.0000 -0.0000
vn -0.0000 1.0000 -0.0000
vt 0.375000 0.000000
vt 0.625000 0.000000
vt 0.625000 0.250000
vt 0.375000 0.250000
vt 0.625000 0.500000
vt 0.375000 0.500000
vt 0.625000 0.750000
vt 0.375000 0.750000
vt 0.625000 1.000000
vt 0.375000 1.000000
vt 0.125000 0.500000
vt 0.125000 0.750000
vt 0.875000 0.500000
vt 0.875000 0.750000
s 0
usemtl Prod_2_0_1_3
f 1557/2721/1166 1558/2722/1166 1560/2723/1166 1559/2724/1166
f 1559/2724/1167 1560/2723/1167 1564/2725/1167 1563/2726/1167
f 1563/2726/1168 1564/2725/1168 1562/2727/1168 1561/2728/1168
f 1561/2728/1169 1562/2727/1169 1558/2729/1169 1557/2730/1169
f 1559/2731/1170 1563/2726/1170 1561/2728/1170 1557/2732/1170
f 1564/2725/1171 1560/2733/1171 1558/2734/1171 1562/2727/1171
o Product_2_0_2_0
v -5.100000 1.625000 -4.900000
v -5.100000 1.775000 -4.900000
v -5.100000 1.625000 -5.100000
v -5.100000 1.775000 -5.100000
v -4.900000 1.625000 -4.900000
v -4.900000 1.775000 -4.900000
v -4.900000 1.625000 -5.100000
v -4.900000 1.775000 -5.100000
vn -1.0000 -0.0000 -0.0000
vn -0.0000 -0.0000 -1.0000
vn 1.0000 -0.0000 -0.0000
vn -0.0000 -0.0000 1.0000
vn -0.0000 -1.0000 -0.0000
vn -0.0000 1.0000 -0.0000
vt 0.375000 0.000000
vt 0.625000 0.000000
vt 0.625000 0.250000
vt 0.375000 0.250000
vt 0.625000 0.500000
vt 0.375000 0.500000
vt 0.625000 0.750000
vt 0.375000 0.750000
vt 0.625000 1.000000
vt 0.375000 1.000000
vt 0.125000 0.500000
vt 0.125000 0.750000
vt 0.875000 0.500000
vt 0.875000 0.750000
s 0
usemtl Prod_2_0_2_0
f 1565/2735/1172 1566/2736/1172 1568/2737/1172 1567/2738/1172
f 1567/2738/1173 1568/2737/1173 1572/2739/1173 1571/2740/1173
f 1571/2740/1174 1572/2739/1174 1570/2741/1174 1569/2742/1174
f 1569/2742/1175 1570/2741/1175 1566/2743/1175 1565/2744/1175
f 1567/2745/1176 1571/2740/1176 1569/2742/1176 1565/2746/1176
f 1572/2739/1177 1568/2747/1177 1566/2748/1177 1570/2741/1177
o Product_2_0_2_1
v -4.800000 1.625000 -4.900000
v -4.800000 1.775000 -4.900000
v -4.800000 1.625000 -5.100000
v -4.800000 1.775000 -5.100000
v -4.600000 1.625000 -4.900000
v -4.600000 1.775000 -4.900000
v -4.600000 1.625000 -5.100000
v -4.600000 1.775000 -5.100000
vn -1.0000 -0.0000 -0.0000
vn -0.0000 -0.0000 -1.0000
vn 1.0000 -0.0000 -0.0000
vn -0.0000 -0.0000 1.0000
vn -0.0000 -1.0000 -0.0000
vn -0.0000 1.0000 -0.0000
vt 0.375000 0.000000
vt 0.625000 0.000000
vt 0.625000 0.250000
vt 0.375000 0.250000
vt 0.625000 0.500000
vt 0.375000 0.500000
vt 0.625000 0.750000
vt 0.375000 0.750000
vt 0.625000 1.000000
vt 0.375000 1.000000
vt 0.125000 0.500000
vt 0.125000 0.750000
vt 0.875000 0.500000
vt 0.875000 0.750000
s 0
usemtl Prod_2_0_2_1
f 1573/2749/1178 1574/2750/1178 1576/2751/1178 1575/2752/1178
f 1575/2752/1179 1576/2751/1179 1580/2753/1179 1579/2754/1179
f 1579/2754/1180 1580/2753/1180 1578/2755/1180 1577/2756/1180
f 1577/2756/1181 1578/2755/1181 1574/2757/1181 1573/2758/1181
f 1575/2759/1182 1579/2754/1182 1577/2756/1182 1573/2760/1182
f 1580/2753/1183 1576/2761/1183 1574/2762/1183 1578/2755/1183
o Product_2_0_2_2
v -4.500000 1.625000 -4.900000
v -4.500000 1.775000 -4.900000
v -4.500000 1.625000 -5.100000
v -4.500000 1.775000 -5.100000
v -4.300000 1.625000 -4.900000
v -4.300000 1.775000 -4.900000
v -4.300000 1.625000 -5.100000
v -4.300000 1.775000 -5.100000
vn -1.0000 -0.0000 -0.0000
vn -0.0000 -0.0000 -1.0000
vn 1.0000 -0.0000 -0.0000
vn -0.0000 -0.0000 1.0000
vn -0.0000 -1.0000 -0.0000
vn -0.0000 1.0000 -0.0000
vt 0.375000 0.000000
vt 0.625000 0.000000
vt 0.625000 0.250000
vt 0.375000 0.250000
vt 0.625000 0.500000
vt 0.375000 0.500000
vt 0.625000 0.750000
vt 0.375000 0.750000
vt 0.625000 1.000000
vt 0.375000 1.000000
vt 0.125000 0.500000
vt 0.125000 0.750000
vt 0.875000 0.500000
vt 0.875000 0.750000
s 0
usemtl Prod_2_0_2_2
f 1581/2763/1184 1582/2764/1184 1584/2765/1184 1583/2766/1184
f 1583/2766/1185 1584/2765/1185 1588/2767/1185 1587/2768/1185
f 1587/2768/1186 1588/2767/1186 1586/2769/1186 1585/2770/1186
f 1585/2770/1187 1586/2769/1187 1582/2771/1187 1581/2772/1187
f 1583/2773/1188 1587/2768/1188 1585/2770/1188 1581/2774/1188
f 1588/2767/1189 1584/2775/1189 1582/2776/1189 1586/2769/1189
o Product_2_0_2_3
v -4.200000 1.625000 -4.900000
v -4.200000 1.775000 -4.900000
v -4.200000 1.625000 -5.100000
v -4.200000 1.775000 -5.100000
v -4.000000 1.625000 -4.900000
v -4.000000 1.775000 -4.900000
v -4.000000 1.625000 -5.100000
v -4.000000 1.775000 -5.100000
vn -1.0000 -0.0000 -0.0000
vn -0.0000 -0.0000 -1.0000
vn 1.0000 -0.0000 -0.0000
vn -0.0000 -0.0000 1.0000
vn -0.0000 -1.0000 -0.0000
vn -0.0000 1.0000 -0.0000
vt 0.375000 0.000000
vt 0.625000 0.000000
vt 0.625000 0.250000
vt 0.375000 0.250000
vt 0.625000 0.500000
vt 0.375000 0.500000
vt 0.625000 0.750000
vt 0.375000 0.750000
vt 0.625000 1.000000
vt 0.375000 1.000000
vt 0.125000 0.500000
vt 0.125000 0.750000
vt 0.875000 0.500000
vt 0.875000 0.750000
s 0
usemtl Prod_2_0_2_3
f 1589/2777/1190 1590/2778/1190 1592/2779/1190 1591/2780/1190
f 1591/2780/1191 1592/2779/1191 1596/2781/1191 1595/2782/1191
f 1595/2782/1192 1596/2781/1192 1594/2783/1192 1593/2784/1192
f 1593/2784/1193 1594/2783/1193 1590/2785/1193 1589/2786/1193
f 1591/2787/1194 1595/2782/1194 1593/2784/1194 1589/2788/1194
f 1596/2781/1195 1592/2789/1195 1590/2790/1195 1594/2783/1195
o Product_2_0_3_0
v -5.100000 2.225000 -4.900000
v -5.100000 2.375000 -4.900000
v -5.100000 2.225000 -5.100000
v -5.100000 2.375000 -5.100000
v -4.900000 2.225000 -4.900000
v -4.900000 2.375000 -4.900000
v -4.900000 2.225000 -5.100000
v -4.900000 2.375000 -5.100000
vn -1.0000 -0.0000 -0.0000
vn -0.0000 -0.0000 -1.0000
vn 1.0000 -0.0000 -0.0000
vn -0.0000 -0.0000 1.0000
vn -0.0000 -1.0000 -0.0000
vn -0.0000 1.0000 -0.0000
vt 0.375000 0.000000
vt 0.625000 0.000000
vt 0.625000 0.250000
vt 0.375000 0.250000
vt 0.625000 0.500000
vt 0.375000 0.500000
vt 0.625000 0.750000
vt 0.375000 0.750000
vt 0.625000 1.000000
vt 0.375000 1.000000
vt 0.125000 0.500000
vt 0.125000 0.750000
vt 0.875000 0.500000
vt 0.875000 0.750000
s 0
usemtl Prod_2_0_3_0
f 1597/2791/1196 1598/2792/1196 1600/2793/1196 1599/2794/1196
f 1599/2794/1197 1600/2793/1197 1604/2795/1197 1603/2796/1197
f 1603/2796/1198 1604/2795/1198 1602/2797/1198 1601/2798/1198
f 1601/2798/1199 1602/2797/1199 1598/2799/1199 1597/2800/1199
f 1599/2801/1200 1603/2796/1200 1601/2798/1200 1597/2802/1200
f 1604/2795/1201 1600/2803/1201 1598/2804/1201 1602/2797/1201
o Product_2_0_3_1
v -4.800000 2.225000 -4.900000
v -4.800000 2.375000 -4.900000
v -4.800000 2.225000 -5.100000
v -4.800000 2.375000 -5.100000
v -4.600000 2.225000 -4.900000
v -4.600000 2.375000 -4.900000
v -4.600000 2.225000 -5.100000
v -4.600000 2.375000 -5.100000
vn -1.0000 -0.0000 -0.0000
vn -0.0000 -0.0000 -1.0000
vn 1.0000 -0.0000 -0.0000
vn -0.0000 -0.0000 1.0000
vn -0.0000 -1.0000 -0.0000
vn -0.0000 1.0000 -0.0000
vt 0.375000 0.000000
vt 0.625000 0.000000
vt 0.625000 0.250000
vt 0.375000 0.250000
vt 0.625000 0.500000
vt 0.375000 0.500000
vt 0.625000 0.750000
vt 0.375000 0.750000
vt 0.625000 1.000000
vt 0.375000 1.000000
vt 0.125000 0.500000
vt 0.125000 0.750000
vt 0.875000 0.500000
vt 0.875000 0.750000
s 0
usemtl Prod_2_0_3_1
f 1605/2805/1202 1606/2806/1202 1608/2807/1202 1607/2808/1202
f 1607/2808/1203 1608/2807/1203 1612/2809/1203 1611/2810/1203
f 1611/2810/1204 1612/2809/1204 1610/2811/1204 1609/2812/1204
f 1609/2812/1205 1610/2811/1205 1606/2813/1205 1605/2814/1205
f 1607/2815/1206 1611/2810/1206 1609/2812/1206 1605/2816/1206
f 1612/2809/1207 1608/2817/1207 1606/2818/1207 1610/2811/1207
o Product_2_0_3_2
v -4.500000 2.225000 -4.900000
v -4.500000 2.375000 -4.900000
v -4.500000 2.225000 -5.100000
v -4.500000 2.375000 -5.100000
v -4.300000 2.225000 -4.900000
v -4.300000 2.375000 -4.900000
v -4.300000 2.225000 -5.100000
v -4.300000 2.375000 -5.100000
vn -1.0000 -0.0000 -0.0000
vn -0.0000 -0.0000 -1.0000
vn 1.0000 -0.0000 -0.0000
vn -0.0000 -0.0000 1.0000
vn -0.0000 -1.0000 -0.0000
vn -0.0000 1.0000 -0.0000
vt 0.375000 0.000000
vt 0.625000 0.000000
vt 0.625000 0.250000
vt 0.375000 0.250000
vt 0.625000 0.500000
vt 0.375000 0.500000
vt 0.625000 0.750000
vt 0.375000 0.750000
vt 0.625000 1.000000
vt 0.375000 1.000000
vt 0.125000 0.500000
vt 0.125000 0.750000
vt 0.875000 0.500000
vt 0.875000 0.750000
s 0
usemtl Prod_2_0_3_2
f 1613/2819/1208 1614/2820/1208 1616/2821/1208 1615/2822/1208
f 1615/2822/1209 1616/2821/1209 1620/2823/1209 1619/2824/1209
f 1619/2824/1210 1620/2823/1210 1618/2825/1210 1617/2826/1210
f 1617/2826/1211 1618/2825/1211 1614/2827/1211 1613/2828/1211
f 1615/2829/1212 1619/2824/1212 1617/2826/1212 1613/2830/1212
f 1620/2823/1213 1616/2831/1213 1614/2832/1213 1618/2825/1213
o Product_2_0_3_3
v -4.200000 2.225000 -4.900000
v -4.200000 2.375000 -4.900000
v -4.200000 2.225000 -5.100000
v -4.200000 2.375000 -5.100000
v -4.000000 2.225000 -4.900000
v -4.000000 2.375000 -4.900000
v -4.000000 2.225000 -5.100000
v -4.000000 2.375000 -5.100000
vn -1.0000 -0.0000 -0.0000
vn -0.0000 -0.0000 -1.0000
vn 1.0000 -0.0000 -0.0000
vn -0.0000 -0.0000 1.0000
vn -0.0000 -1.0000 -0.0000
vn -0.0000 1.0000 -0.0000
vt 0.375000 0.000000
vt 0.625000 0.000000
vt 0.625000 0.250000
vt 0.375000 0.250000
vt 0.625000 0.500000
vt 0.375000 0.500000
vt 0.625000 0.750000
vt 0.375000 0.750000
vt 0.625000 1.000000
vt 0.375000 1.000000
vt 0.125000 0.500000
vt 0.125000 0.750000
vt 0.875000 0.500000
vt 0.875000 0.750000
s 0
usemtl Prod_2_0_3_3
f 1621/2833/1214 1622/2834/1214 1624/2835/1214 1623/2836/1214
f 1623/2836/1215 1624/2835/1215 1628/2837/1215 1627/2838/1215
f 1627/2838/1216 1628/2837/1216 1626/2839/1216 1625/2840/1216
f 1625/2840/1217 1626/2839/1217 1622/2841/1217 1621/2842/1217
f 1623/2843/1218 1627/2838/1218 1625/2840/1218 1621/2844/1218
f 1628/2837/1219 1624/2845/1219 1622/2846/1219 1626/2839/1219
o ShelfBase_2_1
v -2.250000 0.000000 -4.700000
v -2.250000 0.200000 -4.700000
v -2.250000 0.000000 -5.300000
v -2.250000 0.200000 -5.300000
v -0.750000 0.000000 -4.700000
v -0.750000 0.200000 -4.700000
v -0.750000 0.000000 -5.300000
v -0.750000 0.200000 -5.300000
vn -1.0000 -0.0000 -0.0000
vn -0.0000 -0.0000 -1.0000
vn 1.0000 -0.0000 -0.0000
vn -0.0000 -0.0000 1.0000
vn -0.0000 -1.0000 -0.0000
vn -0.0000 1.0000 -0.0000
vt 0.375000 0.000000
vt 0.625000 0.000000
vt 0.625000 0.250000
vt 0.375000 0.250000
vt 0.625000 0.500000
vt 0.375000 0.500000
vt 0.625000 0.750000
vt 0.375000 0.750000
vt 0.625000 1.000000
vt 0.375000 1.000000
vt 0.125000 0.500000
vt 0.125000 0.750000
vt 0.875000 0.500000
vt 0.875000 0.750000
s 0
usemtl ShelfMetal
f 1629/2847/1220 1630/2848/1220 1632/2849/1220 1631/2850/1220
f 1631/2850/1221 1632/2849/1221 1636/2851/1221 1635/2852/1221
f 1635/2852/1222 1636/2851/1222 1634/2853/1222 1633/2854/1222
f 1633/2854/1223 1634/2853/1223 1630/2855/1223 1629/2856/1223
f 1631/2857/1224 1635/2852/1224 1633/2854/1224 1629/2858/1224
f 1636/2851/1225 1632/2859/1225 1630/2860/1225 1634/2853/1225
o Shelf_2_1_0
v -2.250000 0.375000 -4.700000
v -2.250000 0.425000 -4.700000
v -2.250000 0.375000 -5.300000
v -2.250000 0.425000 -5.300000
v -0.750000 0.375000 -4.700000
v -0.750000 0.425000 -4.700000
v -0.750000 0.375000 -5.300000
v -0.750000 0.425000 -5.300000
vn -1.0000 -0.0000 -0.0000
vn -0.0000 -0.0000 -1.0000
vn 1.0000 -0.0000 -0.0000
vn -0.0000 -0.0000 1.0000
vn -0.0000 -1.0000 -0.0000
vn -0.0000 1.0000 -0.0000
vt 0.375000 0.000000
vt 0.625000 0.000000
vt 0.625000 0.250000
vt 0.375000 0.250000
vt 0.625000 0.500000
vt 0.375000 0.500000
vt 0.625000 0.750000
vt 0.375000 0.750000
vt 0.625000 1.000000
vt 0.375000 1.000000
vt 0.125000 0.500000
vt 0.125000 0.750000
vt 0.875000 0.500000
vt 0.875000 0.750000
s 0
usemtl ShelfMetal
f 1637/2861/1226 1638/2862/1226 1640/2863/1226 1639/2864/1226
f 1639/2864/1227 1640/2863/1227 1644/2865/1227 1643/2866/1227
f 1643/2866/1228 1644/2865/1228 1642/2867/1228 1641/2868/1228
f 1641/2868/1229 1642/2867/1229 1638/2869/1229 1637/2870/1229
f 1639/2871/1230 1643/2866/1230 1641/2868/1230 1637/2872/1230
f 1644/2865/1231 1640/2873/1231 1638/2874/1231 1642/2867/1231
o Shelf_2_1_1
v -2.250000 0.975000 -4.700000
v -2.250000 1.025000 -4.700000
v -2.250000 0.975000 -5.300000
v -2.250000 1.025000 -5.300000
v -0.750000 0.975000 -4.700000
v -0.750000 1.025000 -4.700000
v -0.750000 0.975000 -5.300000
v -0.750000 1.025000 -5.300000
vn -1.0000 -0.0000 -0.0000
vn -0.0000 -0.0000 -1.0000
vn 1.0000 -0.0000 -0.0000
vn -0.0000 -0.0000 1.0000
vn -0.0000 -1.0000 -0.0000
vn -0.0000 1.0000 -0.0000
vt 0.375000 0.000000
vt 0.625000 0.000000
vt 0.625000 0.250000
vt 0.375000 0.250000
vt 0.625000 0.500000
vt 0.375000 0.500000
vt 0.625000 0.750000
vt 0.375000 0.750000
vt 0.625000 1.000000
vt 0.375000 1.000000
vt 0.125000 0.500000
vt 0.125000 0.750000
vt 0.875000 0.500000
vt 0.875000 0.750000
s 0
usemtl ShelfMetal
f 1645/2875/1232 1646/2876/1232 1648/2877/1232 1647/2878/1232
f 1647/2878/1233 1648/2877/1233 1652/2879/1233 1651/2880/1233
f 1651/2880/1234 1652/2879/1234 1650/2881/1234 1649/2882/1234
f 1649/2882/1235 1650/2881/1235 1646/2883/1235 1645/2884/1235
f 1647/2885/1236 1651/2880/1236 1649/2882/1236 1645/2886/1236
f 1652/2879/1237 1648/2887/1237 1646/2888/1237 1650/2881/1237
o Shelf_2_1_2
v -2.250000 1.575000 -4.700000
v -2.250000 1.625000 -4.700000
v -2.250000 1.575000 -5.300000
v -2.250000 1.625000 -5.300000
v -0.750000 1.575000 -4.700000
v -0.750000 1.625000 -4.700000
v -0.750000 1.575000 -5.300000
v -0.750000 1.625000 -5.300000
vn -1.0000 -0.0000 -0.0000
vn -0.0000 -0.0000 -1.0000
vn 1.0000 -0.0000 -0.0000
vn -0.0000 -0.0000 1.0000
vn -0.0000 -1.0000 -0.0000
vn -0.0000 1.0000 -0.0000
vt 0.375000 0.000000
vt 0.625000 0.000000
vt 0.625000 0.250000
vt 0.375000 0.250000
vt 0.625000 0.500000
vt 0.375000 0.500000
vt 0.625000 0.750000
vt 0.375000 0.750000
vt 0.625000 1.000000
vt 0.375000 1.000000
vt 0.125000 0.500000
vt 0.125000 0.750000
vt 0.875000 0.500000
vt 0.875000 0.750000
s 0
usemtl ShelfMetal
f 1653/2889/1238 1654/2890/1238 1656/2891/1238 1655/2892/1238
f 1655/2892/1239 1656/2891/1239 1660/2893/1239 1659/2894/1239
f 1659/2894/1240 1660/2893/1240 1658/2895/1240 1657/2896/1240
f 1657/2896/1241 1658/2895/1241 1654/2897/1241 1653/2898/1241
f 1655/2899/1242 1659/2894/1242 1657/2896/1242 1653/2900/1242
f 1660/2893/1243 1656/2901/1243 1654/2902/1243 1658/2895/1243
o Shelf_2_1_3
v -2.250000 2.175000 -4.700000
v -2.250000 2.225000 -4.700000
v -2.250000 2.175000 -5.300000
v -2.250000 2.225000 -5.300000
v -0.750000 2.175000 -4.700000
v -0.750000 2.225000 -4.700000
v -0.750000 2.175000 -5.300000
v -0.750000 2.225000 -5.300000
vn -1.0000 -0.0000 -0.0000
vn -0.0000 -0.0000 -1.0000
vn 1.0000 -0.0000 -0.0000
vn -0.0000 -0.0000 1.0000
vn -0.0000 -1.0000 -0.0000
vn -0.0000 1.0000 -0.0000
vt 0.375000 0.000000
vt 0.625000 0.000000
vt 0.625000 0.250000
vt 0.375000 0.250000
vt 0.625000 0.500000
vt 0.375000 0.500000
vt 0.625000 0.750000
vt 0.375000 0.750000
vt 0.625000 1.000000
vt 0.375000 1.000000
vt 0.125000 0.500000
vt 0.125000 0.750000
vt 0.875000 0.500000
vt 0.875000 0.750000
s 0
usemtl ShelfMetal
f 1661/2903/1244 1662/2904/1244 1664/2905/1244 1663/2906/1244
f 1663/2906/1245 1664/2905/1245 1668/2907/1245 1667/2908/1245
f 1667/2908/1246 1668/2907/1246 1666/2909/1246 1665/2910/1246
f 1665/2910/1247 1666/2909/1247 1662/2911/1247 1661/2912/1247
f 1663/2913/1248 1667/2908/1248 1665/2910/1248 1661/2914/1248
f 1668/2907/1249 1664/2915/1249 1662/2916/1249 1666/2909/1249
o ShelfBack_2_1
v -2.250000 0.500000 -5.275000
v -2.250000 2.500000 -5.275000
v -2.250000 0.500000 -5.325000
v -2.250000 2.500000 -5.325000
v -0.750000 0.500000 -5.275000
v -0.750000 2.500000 -5.275000
v -0.750000 0.500000 -5.325000
v -0.750000 2.500000 -5.325000
vn -1.0000 -0.0000 -0.0000
vn -0.0000 -0.0000 -1.0000
vn 1.0000 -0.0000 -0.0000
vn -0.0000 -0.0000 1.0000
vn -0.0000 -1.0000 -0.0000
vn -0.0000 1.0000 -0.0000
vt 0.375000 0.000000
vt 0.625000 0.000000
vt 0.625000 0.250000
vt 0.375000 0.250000
vt 0.625000 0.500000
vt 0.375000 0.500000
vt 0.625000 0.750000
vt 0.375000 0.750000
vt 0.625000 1.000000
vt 0.375000 1.000000
vt 0.125000 0.500000
vt 0.125000 0.750000
vt 0.875000 0.500000
vt 0.875000 0.750000
s 0
usemtl ShelfMetal
f 1669/2917/1250 1670/2918/1250 1672/2919/1250 1671/2920/1250
f 1671/2920/1251 1672/2919/1251 1676/2921/1251 1675/2922/1251
f 1675/2922/1252 1676/2921/1252 1674/2923/1252 1673/2924/1252
f 1673/2924/1253 1674/2923/1253 1670/2925/1253 1669/2926/1253
f 1671/2927/1254 1675/2922/1254 1673/2924/1254 1669/2928/1254
f 1676/2921/1255 1672/2929/1255 1670/2930/1255 1674/2923/1255
o Product_2_1_0_0
v -2.100000 0.425000 -4.900000
v -2.100000 0.575000 -4.900000
v -2.100000 0.425000 -5.100000
v -2.100000 0.575000 -5.100000
v -1.900000 0.425000 -4.900000
v -1.900000 0.575000 -4.900000
v -1.900000 0.425000 -5.100000
v -1.900000 0.575000 -5.100000
vn -1.0000 -0.0000 -0.0000
vn -0.0000 -0.0000 -1.0000
vn 1.0000 -0.0000 -0.0000
vn -0.0000 -0.0000 1.0000
vn -0.0000 -1.0000 -0.0000
vn -0.0000 1.0000 -0.0000
vt 0.375000 0.000000
vt 0.625000 0.000000
vt 0.625000 0.250000
vt 0.375000 0.250000
vt 0.625000 0.500000
vt 0.375000 0.500000
vt 0.625000 0.750000
vt 0.375000 0.750000
vt 0.625000 1.000000
vt 0.375000 1.000000
vt 0.125000 0.500000
vt 0.125000 0.750000
vt 0.875000 0.500000
vt 0.875000 0.750000
s 0
usemtl Prod_2_1_0_0
f 1677/2931/1256 1678/2932/1256 1680/2933/1256 1679/2934/1256
f 1679/2934/1257 1680/2933/1257 1684/2935/1257 1683/2936/1257
f 1683/2936/1258 1684/2935/1258 1682/2937/1258 1681/2938/1258
f 1681/2938/1259 1682/2937/1259 1678/2939/1259 1677/2940/1259
f 1679/2941/1260 1683/2936/1260 1681/2938/1260 1677/2942/1260
f 1684/2935/1261 1680/2943/1261 1678/2944/1261 1682/2937/1261
o Product_2_1_0_1
v -1.800000 0.425000 -4.900000
v -1.800000 0.575000 -4.900000
v -1.800000 0.425000 -5.100000
v -1.800000 0.575000 -5.100000
v -1.600000 0.425000 -4.900000
v -1.600000 0.575000 -4.900000
v -1.600000 0.425000 -5.100000
v -1.600000 0.575000 -5.100000
vn -1.0000 -0.0000 -0.0000
vn -0.0000 -0.0000 -1.0000
vn 1.0000 -0.0000 -0.0000
vn -0.0000 -0.0000 1.0000
vn -0.0000 -1.0000 -0.0000
vn -0.0000 1.0000 -0.0000
vt 0.375000 0.000000
vt 0.625000 0.000000
vt 0.625000 0.250000
vt 0.375000 0.250000
vt 0.625000 0.500000
vt 0.375000 0.500000
vt 0.625000 0.750000
vt 0.375000 0.750000
vt 0.625000 1.000000
vt 0.375000 1.000000
vt 0.125000 0.500000
vt 0.125000 0.750000
vt 0.875000 0.500000
vt 0.875000 0.750000
s 0
usemtl Prod_2_1_0_1
f 1685/2945/1262 1686/2946/1262 1688/2947/1262 1687/2948/1262
f 1687/2948/1263 1688/2947/1263 1692/2949/1263 1691/2950/1263
f 1691/2950/1264 1692/2949/1264 1690/2951/1264 1689/2952/1264
f 1689/2952/1265 1690/2951/1265 1686/2953/1265 1685/2954/1265
f 1687/2955/1266 1691/2950/1266 1689/2952/1266 1685/2956/1266
f 1692/2949/1267 1688/2957/1267 1686/2958/1267 1690/2951/1267
o Product_2_1_0_2
v -1.500000 0.425000 -4.900000
v -1.500000 0.575000 -4.900000
v -1.500000 0.425000 -5.100000
v -1.500000 0.575000 -5.100000
v -1.300000 0.425000 -4.900000
v -1.300000 0.575000 -4.900000
v -1.300000 0.425000 -5.100000
v -1.300000 0.575000 -5.100000
vn -1.0000 -0.0000 -0.0000
vn -0.0000 -0.0000 -1.0000
vn 1.0000 -0.0000 -0.0000
vn -0.0000 -0.0000 1.0000
vn -0.0000 -1.0000 -0.0000
vn -0.0000 1.0000 -0.0000
vt 0.375000 0.000000
vt 0.625000 0.000000
vt 0.625000 0.250000
vt 0.375000 0.250000
vt 0.625000 0.500000
vt 0.375000 0.500000
vt 0.625000 0.750000
vt 0.375000 0.750000
vt 0.625000 1.000000
vt 0.375000 1.000000
vt 0.125000 0.500000
vt 0.125000 0.750000
vt 0.875000 0.500000
vt 0.875000 0.750000
s 0
usemtl Prod_2_1_0_2
f 1693/2959/1268 1694/2960/1268 1696/2961/1268 1695/2962/1268
f 1695/2962/1269 1696/2961/1269 1700/2963/1269 1699/2964/1269
f 1699/2964/1270 1700/2963/1270 1698/2965/1270 1697/2966/1270
f 1697/2966/1271 1698/2965/1271 1694/2967/1271 1693/2968/1271
f 1695/2969/1272 1699/2964/1272 1697/2966/1272 1693/2970/1272
f 1700/2963/1273 1696/2971/1273 1694/2972/1273 1698/2965/1273
o Product_2_1_0_3
v -1.200000 0.425000 -4.900000
v -1.200000 0.575000 -4.900000
v -1.200000 0.425000 -5.100000
v -1.200000 0.575000 -5.100000
v -1.000000 0.425000 -4.900000
v -1.000000 0.575000 -4.900000
v -1.000000 0.425000 -5.100000
v -1.000000 0.575000 -5.100000
vn -1.0000 -0.0000 -0.0000
vn -0.0000 -0.0000 -1.0000
vn 1.0000 -0.0000 -0.0000
vn -0.0000 -0.0000 1.0000
vn -0.0000 -1.0000 -0.0000
vn -0.0000 1.0000 -0.0000
vt 0.375000 0.000000
vt 0.625000 0.000000
vt 0.625000 0.250000
vt 0.375000 0.250000
vt 0.625000 0.500000
vt 0.375000 0.500000
vt 0.625000 0.750000
vt 0.375000 0.750000
vt 0.625000 1.000000
vt 0.375000 1.000000
vt 0.125000 0.500000
vt 0.125000 0.750000
vt 0.875000 0.500000
vt 0.875000 0.750000
s 0
usemtl Prod_2_1_0_3
f 1701/2973/1274 1702/2974/1274 1704/2975/1274 1703/2976/1274
f 1703/2976/1275 1704/2975/1275 1708/2977/1275 1707/2978/1275
f 1707/2978/1276 1708/2977/1276 1706/2979/1276 1705/2980/1276
f 1705/2980/1277 1706/2979/1277 1702/2981/1277 1701/2982/1277
f 1703/2983/1278 1707/2978/1278 1705/2980/1278 1701/2984/1278
f 1708/2977/1279 1704/2985/1279 1702/2986/1279 1706/2979/1279
o Product_2_1_1_0
v -2.100000 1.025000 -4.900000
v -2.100000 1.175000 -4.900000
v -2.100000 1.025000 -5.100000
v -2.100000 1.175000 -5.100000
v -1.900000 1.025000 -4.900000
v -1.900000 1.175000 -4.900000
v -1.900000 1.025000 -5.100000
v -1.900000 1.175000 -5.100000
vn -1.0000 -0.0000 -0.0000
vn -0.0000 -0.0000 -1.0000
vn 1.0000 -0.0000 -0.0000
vn -0.0000 -0.0000 1.0000
vn -0.0000 -1.0000 -0.0000
vn -0.0000 1.0000 -0.0000
vt 0.375000 0.000000
vt 0.625000 0.000000
vt 0.625000 0.250000
vt 0.375000 0.250000
vt 0.625000 0.500000
vt 0.375000 0.500000
vt 0.625000 0.750000
vt 0.375000 0.750000
vt 0.625000 1.000000
vt 0.375000 1.000000
vt 0.125000 0.500000
vt 0.125000 0.750000
vt 0.875000 0.500000
vt 0.875000 0.750000
s 0
usemtl Prod_2_1_1_0
f 1709/2987/1280 1710/2988/1280 1712/2989/1280 1711/2990/1280
f 1711/2990/1281 1712/2989/1281 1716/2991/1281 1715/2992/1281
f 1715/2992/1282 1716/2991/1282 1714/2993/1282 1713/2994/1282
f 1713/2994/1283 1714/2993/1283 1710/2995/1283 1709/2996/1283
f 1711/2997/1284 1715/2992/1284 1713/2994/1284 1709/2998/1284
f 1716/2991/1285 1712/2999/1285 1710/3000/1285 1714/2993/1285
o Product_2_1_1_1
v -1.800000 1.025000 -4.900000
v -1.800000 1.175000 -4.900000
v -1.800000 1.025000 -5.100000
v -1.800000 1.175000 -5.100000
v -1.600000 1.025000 -4.900000
v -1.600000 1.175000 -4.900000
v -1.600000 1.025000 -5.100000
v -1.600000 1.175000 -5.100000
vn -1.0000 -0.0000 -0.0000
vn -0.0000 -0.0000 -1.0000
vn 1.0000 -0.0000 -0.0000
vn -0.0000 -0.0000 1.0000
vn -0.0000 -1.0000 -0.0000
vn -0.0000 1.0000 -0.0000
vt 0.375000 0.000000
vt 0.625000 0.000000
vt 0.625000 0.250000
vt 0.375000 0.250000
vt 0.625000 0.500000
vt 0.375000 0.500000
vt 0.625000 0.750000
vt 0.375000 0.750000
vt 0.625000 1.000000
vt 0.375000 1.000000
vt 0.125000 0.500000
vt 0.125000 0.750000
vt 0.875000 0.500000
vt 0.875000 0.750000
s 0
usemtl Prod_2_1_1_1
f 1717/3001/1286 1718/3002/1286 1720/3003/1286 1719/3004/1286
f 1719/3004/1287 1720/3003/1287 1724/3005/1287 1723/3006/1287
f 1723/3006/1288 1724/3005/1288 1722/3007/1288 1721/3008/1288
f 1721/3008/1289 1722/3007/1289 1718/3009/1289 1717/3010/1289
f 1719/3011/1290 1723/3006/1290 1721/3008/1290 1717/3012/1290
f 1724/3005/1291 1720/3013/1291 1718/3014/1291 1722/3007/1291
o Product_2_1_1_2
v -1.500000 1.025000 -4.900000
v -1.500000 1.175000 -4.900000
v -1.500000 1.025000 -5.100000
v -1.500000 1.175000 -5.100000
v -1.300000 1.025000 -4.900000
v -1.300000 1.175000 -4.900000
v -1.300000 1.025000 -5.100000
v -1.300000 1.175000 -5.100000
vn -1.0000 -0.0000 -0.0000
vn -0.0000 -0.0000 -1.0000
vn 1.0000 -0.0000 -0.0000
vn -0.0000 -0.0000 1.0000
vn -0.0000 -1.0000 -0.0000
vn -0.0000 1.0000 -0.0000
vt 0.375000 0.000000
vt 0.625000 0.000000
vt 0.625000 0.250000
vt 0.375000 0.250000
vt 0.625000 0.500000
vt 0.375000 0.500000
vt 0.625000 0.750000
vt 0.375000 0.750000
vt 0.625000 1.000000
vt 0.375000 1.000000
vt 0.125000 0.500000
vt 0.125000 0.750000
vt 0.875000 0.500000
vt 0.875000 0.750000
s 0
usemtl Prod_2_1_1_2
f 1725/3015/1292 1726/3016/1292 1728/3017/1292 1727/3018/1292
f 1727/3018/1293 1728/3017/1293 1732/3019/1293 1731/3020/1293
f 1731/3020/1294 1732/3019/1294 1730/3021/1294 1729/3022/1294
f 1729/3022/1295 1730/3021/1295 1726/3023/1295 1725/3024/1295
f 1727/3025/1296 1731/3020/1296 1729/3022/1296 1725/3026/1296
f 1732/3019/1297 1728/3027/1297 1726/3028/1297 1730/3021/1297
o Product_2_1_1_3
v -1.200000 1.025000 -4.900000
v -1.200000 1.175000 -4.900000
v -1.200000 1.025000 -5.100000
v -1.200000 1.175000 -5.100000
v -1.000000 1.025000 -4.900000
v -1.000000 1.175000 -4.900000
v -1.000000 1.025000 -5.100000
v -1.000000 1.175000 -5.100000
vn -1.0000 -0.0000 -0.0000
vn -0.0000 -0.0000 -1.0000
vn 1.0000 -0.0000 -0.0000
vn -0.0000 -0.0000 1.0000
vn -0.0000 -1.0000 -0.0000
vn -0.0000 1.0000 -0.0000
vt 0.375000 0.000000
vt 0.625000 0.000000
vt 0.625000 0.250000
vt 0.375000 0.250000
vt 0.625000 0.500000
vt 0.375000 0.500000
vt 0.625000 0.750000
vt 0.375000 0.750000
vt 0.625000 1.000000
vt 0.375000 1.000000
vt 0.125000 0.500000
vt 0.125000 0.750000
vt 0.875000 0.500000
vt 0.875000 0.750000
s 0
usemtl Prod_2_1_1_3
f 1733/3029/1298 1734/3030/1298 1736/3031/1298 1735/3032/1298
f 1735/3032/1299 1736/3031/1299 1740/3033/1299 1739/3034/1299
f 1739/3034/1300 1740/3033/1300 1738/3035/1300 1737/3036/1300
f 1737/3036/1301 1738/3035/1301 1734/3037/1301 1733/3038/1301
f 1735/3039/1302 1739/3034/1302 1737/3036/1302 1733/3040/1302
f 1740/3033/1303 1736/3041/1303 1734/3042/1303 1738/3035/1303
o Product_2_1_2_0
v -2.100000 1.625000 -4.900000
v -2.100000 1.775000 -4.900000
v -2.100000 1.625000 -5.100000
v -2.100000 1.775000 -5.100000
v -1.900000 1.625000 -4.900000
v -1.900000 1.775000 -4.900000
v -1.900000 1.625000 -5.100000
v -1.900000 1.775000 -5.100000
vn -1.0000 -0.0000 -0.0000
vn -0.0000 -0.0000 -1.0000
vn 1.0000 -0.0000 -0.0000
vn -0.0000 -0.0000 1.0000
vn -0.0000 -1.0000 -0.0000
vn -0.0000 1.0000 -0.0000
vt 0.375000 0.000000
vt 0.625000 0.000000
vt 0.625000 0.250000
vt 0.375000 0.250000
vt 0.625000 0.500000
vt 0.375000 0.500000
vt 0.625000 0.750000
vt 0.375000 0.750000
vt 0.625000 1.000000
vt 0.375000 1.000000
vt 0.125000 0.500000
vt 0.125000 0.750000
vt 0.875000 0.500000
vt 0.875000 0.750000
s 0
usemtl Prod_2_1_2_0
f 1741/3043/1304 1742/3044/1304 1744/3045/1304 1743/3046/1304
f 1743/3046/1305 1744/3045/1305 1748/3047/1305 1747/3048/1305
f 1747/3048/1306 1748/3047/1306 1746/3049/1306 1745/3050/1306
f 1745/3050/1307 1746/3049/1307 1742/3051/1307 1741/3052/1307
f 1743/3053/1308 1747/3048/1308 1745/3050/1308 1741/3054/1308
f 1748/3047/1309 1744/3055/1309 1742/3056/1309 1746/3049/1309
o Product_2_1_2_1
v -1.800000 1.625000 -4.900000
v -1.800000 1.775000 -4.900000
v -1.800000 1.625000 -5.100000
v -1.800000 1.775000 -5.100000
v -1.600000 1.625000 -4.900000
v -1.600000 1.775000 -4.900000
v -1.600000 1.625000 -5.100000
v -1.600000 1.775000 -5.100000
vn -1.0000 -0.0000 -0.0000
vn -0.0000 -0.0000 -1.0000
vn 1.0000 -0.0000 -0.0000
vn -0.0000 -0.0000 1.0000
vn -0.0000 -1.0000 -0.0000
vn -0.0000 1.0000 -0.0000
vt 0.375000 0.000000
vt 0.625000 0.000000
vt 0.625000 0.250000
vt 0.375000 0.250000
vt 0.625000 0.500000
vt 0.375000 0.500000
vt 0.625000 0.750000
vt 0.375000 0.750000
vt 0.625000 1.000000
vt 0.375000 1.000000
vt 0.125000 0.500000
vt 0.125000 0.750000
vt 0.875000 0.500000
vt 0.875000 0.750000
s 0
usemtl Prod_2_1_2_1
f 1749/3057/1310 1750/3058/1310 1752/3059/1310 1751/3060/1310
f 1751/3060/1311 1752/3059/1311 1756/3061/1311 1755/3062/1311
f 1755/3062/1312 1756/3061/1312 1754/3063/1312 1753/3064/1312
f 1753/3064/1313 1754/3063/1313 1750/3065/1313 1749/3066/1313
f 1751/3067/1314 1755/3062/1314 1753/3064/1314 1749/3068/1314
f 1756/3061/1315 1752/3069/1315 1750/3070/1315 1754/3063/1315
o Product_2_1_2_2
v -1.500000 1.625000 -4.900000
v -1.500000 1.775000 -4.900000
v -1.500000 1.625000 -5.100000
v -1.500000 1.775000 -5.100000
v -1.300000 1.625000 -4.900000
v -1.300000 1.775000 -4.900000
v -1.300000 1.625000 -5.100000
v -1.300000 1.775000 -5.100000
vn -1.0000 -0.0000 -0.0000
vn -0.0000 -0.0000 -1.0000
vn 1.0000 -0.0000 -0.0000
vn -0.0000 -0.0000 1.0000
vn -0.0000 -1.0000 -0.0000
vn -0.0000 1.0000 -0.0000
vt 0.375000 0.000000
vt 0.625000 0.000000
vt 0.625000 0.250000
vt 0.375000 0.250000
vt 0.625000 0.500000
vt 0.375000 0.500000
vt 0.625000 0.750000
vt 0.375000 0.750000
vt 0.625000 1.000000
vt 0.375000 1.000000
vt 0.125000 0.500000
vt 0.125000 0.750000
vt 0.875000 0.500000
vt 0.875000 0.750000
s 0
usemtl Prod_2_1_2_2
f 1757/3071/1316 1758/3072/1316 1760/3073/1316 1759/3074/1316
f 1759/3074/1317 1760/3073/1317 1764/3075/1317 1763/3076/1317
f 1763/3076/1318 1764/3075/1318 1762/3077/1318 1761/3078/1318
f 1761/3078/1319 1762/3077/1319 1758/3079/1319 1757/3080/1319
f 1759/3081/1320 1763/3076/1320 1761/3078/1320 1757/3082/1320
f 1764/3075/1321 1760/3083/1321 1758/3084/1321 1762/3077/1321
o Product_2_1_2_3
v -1.200000 1.625000 -4.900000
v -1.200000 1.775000 -4.900000
v -1.200000 1.625000 -5.100000
v -1.200000 1.775000 -5.100000
v -1.000000 1.625000 -4.900000
v -1.000000 1.775000 -4.900000
v -1.000000 1.625000 -5.100000
v -1.000000 1.775000 -5.100000
vn -1.0000 -0.0000 -0.0000
vn -0.0000 -0.0000 -1.0000
vn 1.0000 -0.0000 -0.0000
vn -0.0000 -0.0000 1.0000
vn -0.0000 -1.0000 -0.0000
vn -0.0000 1.0000 -0.0000
vt 0.375000 0.000000
vt 0.625000 0.000000
vt 0.625000 0.250000
vt 0.375000 0.250000
vt 0.625000 0.500000
vt 0.375000 0.500000
vt 0.625000 0.750000
vt 0.375000 0.750000
vt 0.625000 1.000000
vt 0.375000 1.000000
vt 0.125000 0.500000
vt 0.125000 0.750000
vt 0.875000 0.500000
vt 0.875000 0.750000
s 0
usemtl Prod_2_1_2_3
f 1765/3085/1322 1766/3086/1322 1768/3087/1322 1767/3088/1322
f 1767/3088/1323 1768/3087/1323 1772/3089/1323 1771/3090/1323
f 1771/3090/1324 1772/3089/1324 1770/3091/1324 1769/3092/1324
f 1769/3092/1325 1770/3091/1325 1766/3093/1325 1765/3094/1325
f 1767/3095/1326 1771/3090/1326 1769/3092/1326 1765/3096/1326
f 1772/3089/1327 1768/3097/1327 1766/3098/1327 1770/3091/1327
o Product_2_1_3_0
v -2.100000 2.225000 -4.900000
v -2.100000 2.375000 -4.900000
v -2.100000 2.225000 -5.100000
v -2.100000 2.375000 -5.100000
v -1.900000 2.225000 -4.900000
v -1.900000 2.375000 -4.900000
v -1.900000 2.225000 -5.100000
v -1.900000 2.375000 -5.100000
vn -1.0000 -0.0000 -0.0000
vn -0.0000 -0.0000 -1.0000
vn 1.0000 -0.0000 -0.0000
vn -0.0000 -0.0000 1.0000
vn -0.0000 -1.0000 -0.0000
vn -0.0000 1.0000 -0.0000
vt 0.375000 0.000000
vt 0.625000 0.000000
vt 0.625000 0.250000
vt 0.375000 0.250000
vt 0.625000 0.500000
vt 0.375000 0.500000
vt 0.625000 0.750000
vt 0.375000 0.750000
vt 0.625000 1.000000
vt 0.375000 1.000000
vt 0.125000 0.500000
vt 0.125000 0.750000
vt 0.875000 0.500000
vt 0.875000 0.750000
s 0
usemtl Prod_2_1_3_0
f 1773/3099/1328 1774/3100/1328 1776/3101/1328 1775/3102/1328
f 1775/3102/1329 1776/3101/1329 1780/3103/1329 1779/3104/1329
f 1779/3104/1330 1780/3103/1330 1778/3105/1330 1777/3106/1330
f 1777/3106/1331 1778/3105/1331 1774/3107/1331 1773/3108/1331
f 1775/3109/1332 1779/3104/1332 1777/3106/1332 1773/3110/1332
f 1780/3103/1333 1776/3111/1333 1774/3112/1333 1778/3105/1333
o Product_2_1_3_1
v -1.800000 2.225000 -4.900000
v -1.800000 2.375000 -4.900000
v -1.800000 2.225000 -5.100000
v -1.800000 2.375000 -5.100000
v -1.600000 2.225000 -4.900000
v -1.600000 2.375000 -4.900000
v -1.600000 2.225000 -5.100000
v -1.600000 2.375000 -5.100000
vn -1.0000 -0.0000 -0.0000
vn -0.0000 -0.0000 -1.0000
vn 1.0000 -0.0000 -0.0000
vn -0.0000 -0.0000 1.0000
vn -0.0000 -1.0000 -0.0000
vn -0.0000 1.0000 -0.0000
vt 0.375000 0.000000
vt 0.625000 0.000000
vt 0.625000 0.250000
vt 0.375000 0.250000
vt 0.625000 0.500000
vt 0.375000 0.500000
vt 0.625000 0.750000
vt 0.375000 0.750000
vt 0.625000 1.000000
vt 0.375000 1.000000
vt 0.125000 0.500000
vt 0.125000 0.750000
vt 0.875000 0.500000
vt 0.875000 0.750000
s 0
usemtl Prod_2_1_3_1
f 1781/3113/1334 1782/3114/1334 1784/3115/1334 1783/3116/1334
f 1783/3116/1335 1784/3115/1335 1788/3117/1335 1787/3118/1335
f 1787/3118/1336 1788/3117/1336 1786/3119/1336 1785/3120/1336
f 1785/3120/1337 1786/3119/1337 1782/3121/1337 1781/3122/1337
f 1783/3123/1338 1787/3118/1338 1785/3120/1338 1781/3124/1338
f 1788/3117/1339 1784/3125/1339 1782/3126/1339 1786/3119/1339
o Product_2_1_3_2
v -1.500000 2.225000 -4.900000
v -1.500000 2.375000 -4.900000
v -1.500000 2.225000 -5.100000
v -1.500000 2.375000 -5.100000
v -1.300000 2.225000 -4.900000
v -1.300000 2.375000 -4.900000
v -1.300000 2.225000 -5.100000
v -1.300000 2.375000 -5.100000
vn -1.0000 -0.0000 -0.0000
vn -0.0000 -0.0000 -1.0000
vn 1.0000 -0.0000 -0.0000
vn -0.0000 -0.0000 1.0000
vn -0.0000 -1.0000 -0.0000
vn -0.0000 1.0000 -0.0000
vt 0.375000 0.000000
vt 0.625000 0.000000
vt 0.625000 0.250000
vt 0.375000 0.250000
vt 0.625000 0.500000
vt 0.375000 0.500000
vt 0.625000 0.750000
vt 0.375000 0.750000
vt 0.625000 1.000000
vt 0.375000 1.000000
vt 0.125000 0.500000
vt 0.125000 0.750000
vt 0.875000 0.500000
vt 0.875000 0.750000
s 0
usemtl Prod_2_1_3_2
f 1789/3127/1340 1790/3128/1340 1792/3129/1340 1791/3130/1340
f 1791/3130/1341 1792/3129/1341 1796/3131/1341 1795/3132/1341
f 1795/3132/1342 1796/3131/1342 1794/3133/1342 1793/3134/1342
f 1793/3134/1343 1794/3133/1343 1790/3135/1343 1789/3136/1343
f 1791/3137/1344 1795/3132/1344 1793/3134/1344 1789/3138/1344
f 1796/3131/1345 1792/3139/1345 1790/3140/1345 1794/3133/1345
o Product_2_1_3_3
v -1.200000 2.225000 -4.900000
v -1.200000 2.375000 -4.900000
v -1.200000 2.225000 -5.100000
v -1.200000 2.375000 -5.100000
v -1.000000 2.225000 -4.900000
v -1.000000 2.375000 -4.900000
v -1.000000 2.225000 -5.100000
v -1.000000 2.375000 -5.100000
vn -1.0000 -0.0000 -0.0000
vn -0.0000 -0.0000 -1.0000
vn 1.0000 -0.0000 -0.0000
vn -0.0000 -0.0000 1.0000
vn -0.0000 -1.0000 -0.0000
vn -0.0000 1.0000 -0.0000
vt 0.375000 0.000000
vt 0.625000 0.000000
vt 0.625000 0.250000
vt 0.375000 0.250000
vt 0.625000 0.500000
vt 0.375000 0.500000
vt 0.625000 0.750000
vt 0.375000 0.750000
vt 0.625000 1.000000
vt 0.375000 1.000000
vt 0.125000 0.500000
vt 0.125000 0.750000
vt 0.875000 0.500000
vt 0.875000 0.750000
s 0
usemtl Prod_2_1_3_3
f 1797/3141/1346 1798/3142/1346 1800/3143/1346 1799/3144/1346
f 1799/3144/1347 1800/3143/1347 1804/3145/1347 1803/3146/1347
f 1803/3146/1348 1804/3145/1348 1802/3147/1348 1801/3148/1348
f 1801/3148/1349 1802/3147/1349 1798/3149/1349 1797/3150/1349
f 1799/3151/1350 1803/3146/1350 1801/3148/1350 1797/3152/1350
f 1804/3145/1351 1800/3153/1351 1798/3154/1351 1802/3147/1351
o ShelfBase_2_2
v 0.750000 0.000000 -4.700000
v 0.750000 0.200000 -4.700000
v 0.750000 0.000000 -5.300000
v 0.750000 0.200000 -5.300000
v 2.250000 0.000000 -4.700000
v 2.250000 0.200000 -4.700000
v 2.250000 0.000000 -5.300000
v 2.250000 0.200000 -5.300000
vn -1.0000 -0.0000 -0.0000
vn -0.0000 -0.0000 -1.0000
vn 1.0000 -0.0000 -0.0000
vn -0.0000 -0.0000 1.0000
vn -0.0000 -1.0000 -0.0000
vn -0.0000 1.0000 -0.0000
vt 0.375000 0.000000
vt 0.625000 0.000000
vt 0.625000 0.250000
vt 0.375000 0.250000
vt 0.625000 0.500000
vt 0.375000 0.500000
vt 0.625000 0.750000
vt 0.375000 0.750000
vt 0.625000 1.000000
vt 0.375000 1.000000
vt 0.125000 0.500000
vt 0.125000 0.750000
vt 0.875000 0.500000
vt 0.875000 0.750000
s 0
usemtl ShelfMetal
f 1805/3155/1352 1806/3156/1352 1808/3157/1352 1807/3158/1352
f 1807/3158/1353 1808/3157/1353 1812/3159/1353 1811/3160/1353
f 1811/3160/1354 1812/3159/1354 1810/3161/1354 1809/3162/1354
f 1809/3162/1355 1810/3161/1355 1806/3163/1355 1805/3164/1355
f 1807/3165/1356 1811/3160/1356 1809/3162/1356 1805/3166/1356
f 1812/3159/1357 1808/3167/1357 1806/3168/1357 1810/3161/1357
o Shelf_2_2_0
v 0.750000 0.375000 -4.700000
v 0.750000 0.425000 -4.700000
v 0.750000 0.375000 -5.300000
v 0.750000 0.425000 -5.300000
v 2.250000 0.375000 -4.700000
v 2.250000 0.425000 -4.700000
v 2.250000 0.375000 -5.300000
v 2.250000 0.425000 -5.300000
vn -1.0000 -0.0000 -0.0000
vn -0.0000 -0.0000 -1.0000
vn 1.0000 -0.0000 -0.0000
vn -0.0000 -0.0000 1.0000
vn -0.0000 -1.0000 -0.0000
vn -0.0000 1.0000 -0.0000
vt 0.375000 0.000000
vt 0.625000 0.000000
vt 0.625000 0.250000
vt 0.375000 0.250000
vt 0.625000 0.500000
vt 0.375000 0.500000
vt 0.625000 0.750000
vt 0.375000 0.750000
vt 0.625000 1.000000
vt 0.375000 1.000000
vt 0.125000 0.500000
vt 0.125000 0.750000
vt 0.875000 0.500000
vt 0.875000 0.750000
s 0
usemtl ShelfMetal
f 1813/3169/1358 1814/3170/1358 1816/3171/1358 1815/3172/1358
f 1815/3172/1359 1816/3171/1359 1820/3173/1359 1819/3174/1359
f 1819/3174/1360 1820/3173/1360 1818/3175/1360 1817/3176/1360
f 1817/3176/1361 1818/3175/1361 1814/3177/1361 1813/3178/1361
f 1815/3179/1362 1819/3174/1362 1817/3176/1362 1813/3180/1362
f 1820/3173/1363 1816/3181/1363 1814/3182/1363 1818/3175/1363
o Shelf_2_2_1
v 0.750000 0.975000 -4.700000
v 0.750000 1.025000 -4.700000
v 0.750000 0.975000 -5.300000
v 0.750000 1.025000 -5.300000
v 2.250000 0.975000 -4.700000
v 2.250000 1.025000 -4.700000
v 2.250000 0.975000 -5.300000
v 2.250000 1.025000 -5.300000
vn -1.0000 -0.0000 -0.0000
vn -0.0000 -0.0000 -1.0000
vn 1.0000 -0.0000 -0.0000
vn -0.0000 -0.0000 1.0000
vn -0.0000 -1.0000 -0.0000
vn -0.0000 1.0000 -0.0000
vt 0.375000 0.000000
vt 0.625000 0.000000
vt 0.625000 0.250000
vt 0.375000 0.250000
vt 0.625000 0.500000
vt 0.375000 0.500000
vt 0.625000 0.750000
vt 0.375000 0.750000
vt 0.625000 1.000000
vt 0.375000 1.000000
vt 0.125000 0.500000
vt 0.125000 0.750000
vt 0.875000 0.500000
vt 0.875000 0.750000
s 0
usemtl ShelfMetal
f 1821/3183/1364 1822/3184/1364 1824/3185/1364 1823/3186/1364
f 1823/3186/1365 1824/3185/1365 1828/3187/1365 1827/3188/1365
f 1827/3188/1366 1828/3187/1366 1826/3189/1366 1825/3190/1366
f 1825/3190/1367 1826/3189/1367 1822/3191/1367 1821/3192/1367
f 1823/3193/1368 1827/3188/1368 1825/3190/1368 1821/3194/1368
f 1828/3187/1369 1824/3195/1369 1822/3196/1369 1826/3189/1369
o Shelf_2_2_2
v 0.750000 1.575000 -4.700000
v 0.750000 1.625000 -4.700000
v 0.750000 1.575000 -5.300000
v 0.750000 1.625000 -5.300000
v 2.250000 1.575000 -4.700000
v 2.250000 1.625000 -4.700000
v 2.250000 1.575000 -5.300000
v 2.250000 1.625000 -5.300000
vn -1.0000 -0.0000 -0.0000
vn -0.0000 -0.0000 -1.0000
vn 1.0000 -0.0000 -0.0000
vn -0.0000 -0.0000 1.0000
vn -0.0000 -1.0000 -0.0000
vn -0.0000 1.0000 -0.0000
vt 0.375000 0.000000
vt 0.625000 0.000000
vt 0.625000 0.250000
vt 0.375000 0.250000
vt 0.625000 0.500000
vt 0.375000 0.500000
vt 0.625000 0.750000
vt 0.375000 0.750000
vt 0.625000 1.000000
vt 0.375000 1.000000
vt 0.125000 0.500000
vt 0.125000 0.750000
vt 0.875000 0.500000
vt 0.875000 0.750000
s 0
usemtl ShelfMetal
f 1829/3197/1370 1830/3198/1370 1832/3199/1370 1831/3200/1370
f 1831/3200/1371 1832/3199/1371 1836/3201/1371 1835/3202/1371
f 1835/3202/1372 1836/3201/1372 1834/3203/1372 1833/3204/1372
f 1833/3204/1373 1834/3203/1373 1830/3205/1373 1829/3206/1373
f 1831/3207/1374 1835/3202/1374 1833/3204/1374 1829/3208/1374
f 1836/3201/1375 1832/3209/1375 1830/3210/1375 1834/3203/1375
o Shelf_2_2_3
v 0.750000 2.175000 -4.700000
v 0.750000 2.225000 -4.700000
v 0.750000 2.175000 -5.300000
v 0.750000 2.225000 -5.300000
v 2.250000 2.175000 -4.700000
v 2.250000 2.225000 -4.700000
v 2.250000 2.175000 -5.300000
v 2.250000 2.225000 -5.300000
vn -1.0000 -0.0000 -0.0000
vn -0.0000 -0.0000 -1.0000
vn 1.0000 -0.0000 -0.0000
vn -0.0000 -0.0000 1.0000
vn -0.0000 -1.0000 -0.0000
vn -0.0000 1.0000 -0.0000
vt 0.375000 0.000000
vt 0.625000 0.000000
vt 0.625000 0.250000
vt 0.375000 0.250000
vt 0.625000 0.500000
vt 0.375000 0.500000
vt 0.625000 0.750000
vt 0.375000 0.750000
vt 0.625000 1.000000
vt 0.375000 1.000000
vt 0.125000 0.500000
vt 0.125000 0.750000
vt 0.875000 0.500000
vt 0.875000 0.750000
s 0
usemtl ShelfMetal
f 1837/3211/1376 1838/3212/1376 1840/3213/1376 1839/3214/1376
f 1839/3214/1377 1840/3213/1377 1844/3215/1377 1843/3216/1377
f 1843/3216/1378 1844/3215/1378 1842/3217/1378 1841/3218/1378
f 1841/3218/1379 1842/3217/1379 1838/3219/1379 1837/3220/1379
f 1839/3221/1380 1843/3216/1380 1841/3218/1380 1837/3222/1380
f 1844/3215/1381 1840/3223/1381 1838/3224/1381 1842/3217/1381
o ShelfBack_2_2
v 0.750000 0.500000 -5.275000
v 0.750000 2.500000 -5.275000
v 0.750000 0.500000 -5.325000
v 0.750000 2.500000 -5.325000
v 2.250000 0.500000 -5.275000
v 2.250000 2.500000 -5.275000
v 2.250000 0.500000 -5.325000
v 2.250000 2.500000 -5.325000
vn -1.0000 -0.0000 -0.0000
vn -0.0000 -0.0000 -1.0000
vn 1.0000 -0.0000 -0.0000
vn -0.0000 -0.0000 1.0000
vn -0.0000 -1.0000 -0.0000
vn -0.0000 1.0000 -0.0000
vt 0.375000 0.000000
vt 0.625000 0.000000
vt 0.625000 0.250000
vt 0.375000 0.250000
vt 0.625000 0.500000
vt 0.375000 0.500000
vt 0.625000 0.750000
vt 0.375000 0.750000
vt 0.625000 1.000000
vt 0.375000 1.000000
vt 0.125000 0.500000
vt 0.125000 0.750000
vt 0.875000 0.500000
vt 0.875000 0.750000
s 0
usemtl ShelfMetal
f 1845/3225/1382 1846/3226/1382 1848/3227/1382 1847/3228/1382
f 1847/3228/1383 1848/3227/1383 1852/3229/1383 1851/3230/1383
f 1851/3230/1384 1852/3229/1384 1850/3231/1384 1849/3232/1384
f 1849/3232/1385 1850/3231/1385 1846/3233/1385 1845/3234/1385
f 1847/3235/1386 1851/3230/1386 1849/3232/1386 1845/3236/1386
f 1852/3229/1387 1848/3237/1387 1846/3238/1387 1850/3231/1387
o Product_2_2_0_0
v 0.900000 0.425000 -4.900000
v 0.900000 0.575000 -4.900000
v 0.900000 0.425000 -5.100000
v 0.900000 0.575000 -5.100000
v 1.100000 0.425000 -4.900000
v 1.100000 0.575000 -4.900000
v 1.100000 0.425000 -5.100000
v 1.100000 0.575000 -5.100000
vn -1.0000 -0.0000 -0.0000
vn -0.0000 -0.0000 -1.0000
vn 1.0000 -0.0000 -0.0000
vn -0.0000 -0.0000 1.0000
vn -0.0000 -1.0000 -0.0000
vn -0.0000 1.0000 -0.0000
vt 0.375000 0.000000
vt 0.625000 0.000000
vt 0.625000 0.250000
vt 0.375000 0.250000
vt 0.625000 0.500000
vt 0.375000 0.500000
vt 0.625000 0.750000
vt 0.375000 0.750000
vt 0.625000 1.000000
vt 0.375000 1.000000
vt 0.125000 0.500000
vt 0.125000 0.750000
vt 0.875000 0.500000
vt 0.875000 0.750000
s 0
usemtl Prod_2_2_0_0
f 1853/3239/1388 1854/3240/1388 1856/3241/1388 1855/3242/1388
f 1855/3242/1389 1856/3241/1389 1860/3243/1389 1859/3244/1389
f 1859/3244/1390 1860/3243/1390 1858/3245/1390 1857/3246/1390
f 1857/3246/1391 1858/3245/1391 1854/3247/1391 1853/3248/1391
f 1855/3249/1392 1859/3244/1392 1857/3246/1392 1853/3250/1392
f 1860/3243/1393 1856/3251/1393 1854/3252/1393 1858/3245/1393
o Product_2_2_0_1
v 1.200000 0.425000 -4.900000
v 1.200000 0.575000 -4.900000
v 1.200000 0.425000 -5.100000
v 1.200000 0.575000 -5.100000
v 1.400000 0.425000 -4.900000
v 1.400000 0.575000 -4.900000
v 1.400000 0.425000 -5.100000
v 1.400000 0.575000 -5.100000
vn -1.0000 -0.0000 -0.0000
vn -0.0000 -0.0000 -1.0000
vn 1.0000 -0.0000 -0.0000
vn -0.0000 -0.0000 1.0000
vn -0.0000 -1.0000 -0.0000
vn -0.0000 1.0000 -0.0000
vt 0.375000 0.000000
vt 0.625000 0.000000
vt 0.625000 0.250000
vt 0.375000 0.250000
vt 0.625000 0.500000
vt 0.375000 0.500000
vt 0.625000 0.750000
vt 0.375000 0.750000
vt 0.625000 1.000000
vt 0.375000 1.000000
vt 0.125000 0.500000
vt 0.125000 0.750000
vt 0.875000 0.500000
vt 0.875000 0.750000
s 0
usemtl Prod_2_2_0_1
f 1861/3253/1394 1862/3254/1394 1864/3255/1394 1863/3256/1394
f 1863/3256/1395 1864/3255/1395 1868/3257/1395 1867/3258/1395
f 1867/3258/1396 1868/3257/1396 1866/3259/1396 1865/3260/1396
f 1865/3260/1397 1866/3259/1397 1862/3261/1397 1861/3262/1397
f 1863/3263/1398 1867/3258/1398 1865/3260/1398 1861/3264/1398
f 1868/3257/1399 1864/3265/1399 1862/3266/1399 1866/3259/1399
o Product_2_2_0_2
v 1.500000 0.425000 -4.900000
v 1.500000 0.575000 -4.900000
v 1.500000 0.425000 -5.100000
v 1.500000 0.575000 -5.100000
v 1.700000 0.425000 -4.900000
v 1.700000 0.575000 -4.900000
v 1.700000 0.425000 -5.100000
v 1.700000 0.575000 -5.100000
vn -1.0000 -0.0000 -0.0000
vn -0.0000 -0.0000 -1.0000
vn 1.0000 -0.0000 -0.0000
vn -0.0000 -0.0000 1.0000
vn -0.0000 -1.0000 -0.0000
vn -0.0000 1.0000 -0.0000
vt 0.375000 0.000000
vt 0.625000 0.000000
vt 0.625000 0.250000
vt 0.375000 0.250000
vt 0.625000 0.500000
vt 0.375000 0.500000
vt 0.625000 0.750000
vt 0.375000 0.750000
vt 0.625000 1.000000
vt 0.375000 1.000000
vt 0.125000 0.500000
vt 0.125000 0.750000
vt 0.875000 0.500000
vt 0.875000 0.750000
s 0
usemtl Prod_2_2_0_2
f 1869/3267/1400 1870/3268/1400 1872/3269/1400 1871/3270/1400
f 1871/3270/1401 1872/3269/1401 1876/3271/1401 1875/3272/1401
f 1875/3272/1402 1876/3271/1402 1874/3273/1402 1873/3274/1402
f 1873/3274/1403 1874/3273/1403 1870/3275/1403 1869/3276/1403
f 1871/3277/1404 1875/3272/1404 1873/3274/1404 1869/3278/1404
f 1876/3271/1405 1872/3279/1405 1870/3280/1405 1874/3273/1405
o Product_2_2_0_3
v 1.800000 0.425000 -4.900000
v 1.800000 0.575000 -4.900000
v 1.800000 0.425000 -5.100000
v 1.800000 0.575000 -5.100000
v 2.000000 0.425000 -4.900000
v 2.000000 0.575000 -4.900000
v 2.000000 0.425000 -5.100000
v 2.000000 0.575000 -5.100000
vn -1.0000 -0.0000 -0.0000
vn -0.0000 -0.0000 -1.0000
vn 1.0000 -0.0000 -0.0000
vn -0.0000 -0.0000 1.0000
vn -0.0000 -1.0000 -0.0000
vn -0.0000 1.0000 -0.0000
vt 0.375000 0.000000
vt 0.625000 0.000000
vt 0.625000 0.250000
vt 0.375000 0.250000
vt 0.625000 0.500000
vt 0.375000 0.500000
vt 0.625000 0.750000
vt 0.375000 0.750000
vt 0.625000 1.000000
vt 0.375000 1.000000
vt 0.125000 0.500000
vt 0.125000 0.750000
vt 0.875000 0.500000
vt 0.875000 0.750000
s 0
usemtl Prod_2_2_0_3
f 1877/3281/1406 1878/3282/1406 1880/3283/1406 1879/3284/1406
f 1879/3284/1407 1880/3283/1407 1884/3285/1407 1883/3286/1407
f 1883/3286/1408 1884/3285/1408 1882/3287/1408 1881/3288/1408
f 1881/3288/1409 1882/3287/1409 1878/3289/1409 1877/3290/1409
f 1879/3291/1410 1883/3286/1410 1881/3288/1410 1877/3292/1410
f 1884/3285/1411 1880/3293/1411 1878/3294/1411 1882/3287/1411
o Product_2_2_1_0
v 0.900000 1.025000 -4.900000
v 0.900000 1.175000 -4.900000
v 0.900000 1.025000 -5.100000
v 0.900000 1.175000 -5.100000
v 1.100000 1.025000 -4.900000
v 1.100000 1.175000 -4.900000
v 1.100000 1.025000 -5.100000
v 1.100000 1.175000 -5.100000
vn -1.0000 -0.0000 -0.0000
vn -0.0000 -0.0000 -1.0000
vn 1.0000 -0.0000 -0.0000
vn -0.0000 -0.0000 1.0000
vn -0.0000 -1.0000 -0.0000
vn -0.0000 1.0000 -0.0000
vt 0.375000 0.000000
vt 0.625000 0.000000
vt 0.625000 0.250000
vt 0.375000 0.250000
vt 0.625000 0.500000
vt 0.375000 0.500000
vt 0.625000 0.750000
vt 0.375000 0.750000
vt 0.625000 1.000000
vt 0.375000 1.000000
vt 0.125000 0.500000
vt 0.125000 0.750000
vt 0.875000 0.500000
vt 0.875000 0.750000
s 0
usemtl Prod_2_2_1_0
f 1885/3295/1412 1886/3296/1412 1888/3297/1412 1887/3298/1412
f 1887/3298/1413 1888/3297/1413 1892/3299/1413 1891/3300/1413
f 1891/3300/1414 1892/3299/1414 1890/3301/1414 1889/3302/1414
f 1889/3302/1415 1890/3301/1415 1886/3303/1415 1885/3304/1415
f 1887/3305/1416 1891/3300/1416 1889/3302/1416 1885/3306/1416
f 1892/3299/1417 1888/3307/1417 1886/3308/1417 1890/3301/1417
o Product_2_2_1_1
v 1.200000 1.025000 -4.900000
v 1.200000 1.175000 -4.900000
v 1.200000 1.025000 -5.100000
v 1.200000 1.175000 -5.100000
v 1.400000 1.025000 -4.900000
v 1.400000 1.175000 -4.900000
v 1.400000 1.025000 -5.100000
v 1.400000 1.175000 -5.100000
vn -1.0000 -0.0000 -0.0000
vn -0.0000 -0.0000 -1.0000
vn 1.0000 -0.0000 -0.0000
vn -0.0000 -0.0000 1.0000
vn -0.0000 -1.0000 -0.0000
vn -0.0000 1.0000 -0.0000
vt 0.375000 0.000000
vt 0.625000 0.000000
vt 0.625000 0.250000
vt 0.375000 0.250000
vt 0.625000 0.500000
vt 0.375000 0.500000
vt 0.625000 0.750000
vt 0.375000 0.750000
vt 0.625000 1.000000
vt 0.375000 1.000000
vt 0.125000 0.500000
vt 0.125000 0.750000
vt 0.875000 0.500000
vt 0.875000 0.750000
s 0
usemtl Prod_2_2_1_1
f 1893/3309/1418 1894/3310/1418 1896/3311/1418 1895/3312/1418
f 1895/3312/1419 1896/3311/1419 1900/3313/1419 1899/3314/1419
f 1899/3314/1420 1900/3313/1420 1898/3315/1420 1897/3316/1420
f 1897/3316/1421 1898/3315/1421 1894/3317/1421 1893/3318/1421
f 1895/3319/1422 1899/3314/1422 1897/3316/1422 1893/3320/1422
f 1900/3313/1423 1896/3321/1423 1894/3322/1423 1898/3315/1423
o Product_2_2_1_2
v 1.500000 1.025000 -4.900000
v 1.500000 1.175000 -4.900000
v 1.500000 1.025000 -5.100000
v 1.500000 1.175000 -5.100000
v 1.700000 1.025000 -4.900000
v 1.700000 1.175000 -4.900000
v 1.700000 1.025000 -5.100000
v 1.700000 1.175000 -5.100000
vn -1.0000 -0.0000 -0.0000
vn -0.0000 -0.0000 -1.0000
vn 1.0000 -0.0000 -0.0000
vn -0.0000 -0.0000 1.0000
vn -0.0000 -1.0000 -0.0000
vn -0.0000 1.0000 -0.0000
vt 0.375000 0.000000
vt 0.625000 0.000000
vt 0.625000 0.250000
vt 0.375000 0.250000
vt 0.625000 0.500000
vt 0.375000 0.500000
vt 0.625000 0.750000
vt 0.375000 0.750000
vt 0.625000 1.000000
vt 0.375000 1.000000
vt 0.125000 0.500000
vt 0.125000 0.750000
vt 0.875000 0.500000
vt 0.875000 0.750000
s 0
usemtl Prod_2_2_1_2
f 1901/3323/1424 1902/3324/1424 1904/3325/1424 1903/3326/1424
f 1903/3326/1425 1904/3325/1425 1908/3327/1425 1907/3328/1425
f 1907/3328/1426 1908/3327/1426 1906/3329/1426 1905/3330/1426
f 1905/3330/1427 1906/3329/1427 1902/3331/1427 1901/3332/1427
f 1903/3333/1428 1907/3328/1428 1905/3330/1428 1901/3334/1428
f 1908/3327/1429 1904/3335/1429 1902/3336/1429 1906/3329/1429
o Product_2_2_1_3
v 1.800000 1.025000 -4.900000
v 1.800000 1.175000 -4.900000
v 1.800000 1.025000 -5.100000
v 1.800000 1.175000 -5.100000
v 2.000000 1.025000 -4.900000
v 2.000000 1.175000 -4.900000
v 2.000000 1.025000 -5.100000
v 2.000000 1.175000 -5.100000
vn -1.0000 -0.0000 -0.0000
vn -0.0000 -0.0000 -1.0000
vn 1.0000 -0.0000 -0.0000
vn -0.0000 -0.0000 1.0000
vn -0.0000 -1.0000 -0.0000
vn -0.0000 1.0000 -0.0000
vt 0.375000 0.000000
vt 0.625000 0.000000
vt 0.625000 0.250000
vt 0.375000 0.250000
vt 0.625000 0.500000
vt 0.375000 0.500000
vt 0.625000 0.750000
vt 0.375000 0.750000
vt 0.625000 1.000000
vt 0.375000 1.000000
vt 0.125000 0.500000
vt 0.125000 0.750000
vt 0.875000 0.500000
vt 0.875000 0.750000
s 0
usemtl Prod_2_2_1_3
f 1909/3337/1430 1910/3338/1430 1912/3339/1430 1911/3340/1430
f 1911/3340/1431 1912/3339/1431 1916/3341/1431 1915/3342/1431
f 1915/3342/1432 1916/3341/1432 1914/3343/1432 1913/3344/1432
f 1913/3344/1433 1914/3343/1433 1910/3345/1433 1909/3346/1433
f 1911/3347/1434 1915/3342/1434 1913/3344/1434 1909/3348/1434
f 1916/3341/1435 1912/3349/1435 1910/3350/1435 1914/3343/1435
o Product_2_2_2_0
v 0.900000 1.625000 -4.900000
v 0.900000 1.775000 -4.900000
v 0.900000 1.625000 -5.100000
v 0.900000 1.775000 -5.100000
v 1.100000 1.625000 -4.900000
v 1.100000 1.775000 -4.900000
v 1.100000 1.625000 -5.100000
v 1.100000 1.775000 -5.100000
vn -1.0000 -0.0000 -0.0000
vn -0.0000 -0.0000 -1.0000
vn 1.0000 -0.0000 -0.0000
vn -0.0000 -0.0000 1.0000
vn -0.0000 -1.0000 -0.0000
vn -0.0000 1.0000 -0.0000
vt 0.375000 0.000000
vt 0.625000 0.000000
vt 0.625000 0.250000
vt 0.375000 0.250000
vt 0.625000 0.500000
vt 0.375000 0.500000
vt 0.625000 0.750000
vt 0.375000 0.750000
vt 0.625000 1.000000
vt 0.375000 1.000000
vt 0.125000 0.500000
vt 0.125000 0.750000
vt 0.875000 0.500000
vt 0.875000 0.750000
s 0
usemtl Prod_2_2_2_0
f 1917/3351/1436 1918/3352/1436 1920/3353/1436 1919/3354/1436
f 1919/3354/1437 1920/3353/1437 1924/3355/1437 1923/3356/1437
f 1923/3356/1438 1924/3355/1438 1922/3357/1438 1921/3358/1438
f 1921/3358/1439 1922/3357/1439 1918/3359/1439 1917/3360/1439
f 1919/3361/1440 1923/3356/1440 1921/3358/1440 1917/3362/1440
f 1924/3355/1441 1920/3363/1441 1918/3364/1441 1922/3357/1441
o Product_2_2_2_1
v 1.200000 1.625000 -4.900000
v 1.200000 1.775000 -4.900000
v 1.200000 1.625000 -5.100000
v 1.200000 1.775000 -5.100000
v 1.400000 1.625000 -4.900000
v 1.400000 1.775000 -4.900000
v 1.400000 1.625000 -5.100000
v 1.400000 1.775000 -5.100000
vn -1.0000 -0.0000 -0.0000
vn -0.0000 -0.0000 -1.0000
vn 1.0000 -0.0000 -0.0000
vn -0.0000 -0.0000 1.0000
vn -0.0000 -1.0000 -0.0000
vn -0.0000 1.0000 -0.0000
vt 0.375000 0.000000
vt 0.625000 0.000000
vt 0.625000 0.250000
vt 0.375000 0.250000
vt 0.625000 0.500000
vt 0.375000 0.500000
vt 0.625000 0.750000
vt 0.375000 0.750000
vt 0.625000 1.000000
vt 0.375000 1.000000
vt 0.125000 0.500000
vt 0.125000 0.750000
vt 0.875000 0.500000
vt 0.875000 0.750000
s 0
usemtl Prod_2_2_2_1
f 1925/3365/1442 1926/3366/1442 1928/3367/1442 1927/3368/1442
f 1927/3368/1443 1928/3367/1443 1932/3369/1443 1931/3370/1443
f 1931/3370/1444 1932/3369/1444 1930/3371/1444 1929/3372/1444
f 1929/3372/1445 1930/3371/1445 1926/3373/1445 1925/3374/1445
f 1927/3375/1446 1931/3370/1446 1929/3372/1446 1925/3376/1446
f 1932/3369/1447 1928/3377/1447 1926/3378/1447 1930/3371/1447
o Product_2_2_2_2
v 1.500000 1.625000 -4.900000
v 1.500000 1.775000 -4.900000
v 1.500000 1.625000 -5.100000
v 1.500000 1.775000 -5.100000
v 1.700000 1.625000 -4.900000
v 1.700000 1.775000 -4.900000
v 1.700000 1.625000 -5.100000
v 1.700000 1.775000 -5.100000
vn -1.0000 -0.0000 -0.0000
vn -0.0000 -0.0000 -1.0000
vn 1.0000 -0.0000 -0.0000
vn -0.0000 -0.0000 1.0000
vn -0.0000 -1.0000 -0.0000
vn -0.0000 1.0000 -0.0000
vt 0.375000 0.000000
vt 0.625000 0.000000
vt 0.625000 0.250000
vt 0.375000 0.250000
vt 0.625000 0.500000
vt 0.375000 0.500000
vt 0.625000 0.750000
vt 0.375000 0.750000
vt 0.625000 1.000000
vt 0.375000 1.000000
vt 0.125000 0.500000
vt 0.125000 0.750000
vt 0.875000 0.500000
vt 0.875000 0.750000
s 0
usemtl Prod_2_2_2_2
f 1933/3379/1448 1934/3380/1448 1936/3381/1448 1935/3382/1448
f 1935/3382/1449 1936/3381/1449 1940/3383/1449 1939/3384/1449
f 1939/3384/1450 1940/3383/1450 1938/3385/1450 1937/3386/1450
f 1937/3386/1451 1938/3385/1451 1934/3387/1451 1933/3388/1451
f 1935/3389/1452 1939/3384/1452 1937/3386/1452 1933/3390/1452
f 1940/3383/1453 1936/3391/1453 1934/3392/1453 1938/3385/1453
o Product_2_2_2_3
v 1.800000 1.625000 -4.900000
v 1.800000 1.775000 -4.900000
v 1.800000 1.625000 -5.100000
v 1.800000 1.775000 -5.100000
v 2.000000 1.625000 -4.900000
v 2.000000 1.775000 -4.900000
v 2.000000 1.625000 -5.100000
v 2.000000 1.775000 -5.100000
vn -1.0000 -0.0000 -0.0000
vn -0.0000 -0.0000 -1.0000
vn 1.0000 -0.0000 -0.0000
vn -0.0000 -0.0000 1.0000
vn -0.0000 -1.0000 -0.0000
vn -0.0000 1.0000 -0.0000
vt 0.375000 0.000000
vt 0.625000 0.000000
vt 0.625000 0.250000
vt 0.375000 0.250000
vt 0.625000 0.500000
vt 0.375000 0.500000
vt 0.625000 0.750000
vt 0.375000 0.750000
vt 0.625000 1.000000
vt 0.375000 1.000000
vt 0.125000 0.500000
vt 0.125000 0.750000
vt 0.875000 0.500000
vt 0.875000 0.750000
s 0
usemtl Prod_2_2_2_3
f 1941/3393/1454 1942/3394/1454 1944/3395/1454 1943/3396/1454
f 1943/3396/1455 1944/3395/1455 1948/3397/1455 1947/3398/1455
f 1947/3398/1456 1948/3397/1456 1946/3399/1456 1945/3400/1456
f 1945/3400/1457 1946/3399/1457 1942/3401/1457 1941/3402/1457
f 1943/3403/1458 1947/3398/1458 1945/3400/1458 1941/3404/1458
f 1948/3397/1459 1944/3405/1459 1942/3406/1459 1946/3399/1459
o Product_2_2_3_0
v 0.900000 2.225000 -4.900000
v 0.900000 2.375000 -4.900000
v 0.900000 2.225000 -5.100000
v 0.900000 2.375000 -5.100000
v 1.100000 2.225000 -4.900000
v 1.100000 2.375000 -4.900000
v 1.100000 2.225000 -5.100000
v 1.100000 2.375000 -5.100000
vn -1.0000 -0.0000 -0.0000
vn -0.0000 -0.0000 -1.0000
vn 1.0000 -0.0000 -0.0000
vn -0.0000 -0.0000 1.0000
vn -0.0000 -1.0000 -0.0000
vn -0.0000 1.0000 -0.0000
vt 0.375000 0.000000
vt 0.625000 0.000000
vt 0.625000 0.250000
vt 0.375000 0.250000
vt 0.625000 0.500000
vt 0.375000 0.500000
vt 0.625000 0.750000
vt 0.375000 0.750000
vt 0.625000 1.000000
vt 0.375000 1.000000
vt 0.125000 0.500000
vt 0.125000 0.750000
vt 0.875000 0.500000
vt 0.875000 0.750000
s 0
usemtl Prod_2_2_3_0
f 1949/3407/1460 1950/3408/1460 1952/3409/1460 1951/3410/1460
f 1951/3410/1461 1952/3409/1461 1956/3411/1461 1955/3412/1461
f 1955/3412/1462 1956/3411/1462 1954/3413/1462 1953/3414/1462
f 1953/3414/1463 1954/3413/1463 1950/3415/1463 1949/3416/1463
f 1951/3417/1464 1955/3412/1464 1953/3414/1464 1949/3418/1464
f 1956/3411/1465 1952/3419/1465 1950/3420/1465 1954/3413/1465
o Product_2_2_3_1
v 1.200000 2.225000 -4.900000
v 1.200000 2.375000 -4.900000
v 1.200000 2.225000 -5.100000
v 1.200000 2.375000 -5.100000
v 1.400000 2.225000 -4.900000
v 1.400000 2.375000 -4.900000
v 1.400000 2.225000 -5.100000
v 1.400000 2.375000 -5.100000
vn -1.0000 -0.0000 -0.0000
vn -0.0000 -0.0000 -1.0000
vn 1.0000 -0.0000 -0.0000
vn -0.0000 -0.0000 1.0000
vn -0.0000 -1.0000 -0.0000
vn -0.0000 1.0000 -0.0000
vt 0.375000 0.000000
vt 0.625000 0.000000
vt 0.625000 0.250000
vt 0.375000 0.250000
vt 0.625000 0.500000
vt 0.375000 0.500000
vt 0.625000 0.750000
vt 0.375000 0.750000
vt 0.625000 1.000000
vt 0.375000 1.000000
vt 0.125000 0.500000
vt 0.125000 0.750000
vt 0.875000 0.500000
vt 0.875000 0.750000
s 0
usemtl Prod_2_2_3_1
f 1957/3421/1466 1958/3422/1466 1960/3423/1466 1959/3424/1466
f 1959/3424/1467 1960/3423/1467 1964/3425/1467 1963/3426/1467
f 1963/3426/1468 1964/3425/1468 1962/3427/1468 1961/3428/1468
f 1961/3428/1469 1962/3427/1469 1958/3429/1469 1957/3430/1469
f 1959/3431/1470 1963/3426/1470 1961/3428/1470 1957/3432/1470
f 1964/3425/1471 1960/3433/1471 1958/3434/1471 1962/3427/1471
o Product_2_2_3_2
v 1.500000 2.225000 -4.900000
v 1.500000 2.375000 -4.900000
v 1.500000 2.225000 -5.100000
v 1.500000 2.375000 -5.100000
v 1.700000 2.225000 -4.900000
v 1.700000 2.375000 -4.900000
v 1.700000 2.225000 -5.100000
v 1.700000 2.375000 -5.100000
vn -1.0000 -0.0000 -0.0000
vn -0.0000 -0.0000 -1.0000
vn 1.0000 -0.0000 -0.0000
vn -0.0000 -0.0000 1.0000
vn -0.0000 -1.0000 -0.0000
vn -0.0000 1.0000 -0.0000
vt 0.375000 0.000000
vt 0.625000 0.000000
vt 0.625000 0.250000
vt 0.375000 0.250000
vt 0.625000 0.500000
vt 0.375000 0.500000
vt 0.625000 0.750000
vt 0.375000 0.750000
vt 0.625000 1.000000
vt 0.375000 1.000000
vt 0.125000 0.500000
vt 0.125000 0.750000
vt 0.875000 0.500000
vt 0.875000 0.750000
s 0
usemtl Prod_2_2_3_2
f 1965/3435/1472 1966/3436/1472 1968/3437/1472 1967/3438/1472
f 1967/3438/1473 1968/3437/1473 1972/3439/1473 1971/3440/1473
f 1971/3440/1474 1972/3439/1474 1970/3441/1474 1969/3442/1474
f 1969/3442/1475 1970/3441/1475 1966/3443/1475 1965/3444/1475
f 1967/3445/1476 1971/3440/1476 1969/3442/1476 1965/3446/1476
f 1972/3439/1477 1968/3447/1477 1966/3448/1477 1970/3441/1477
o Product_2_2_3_3
v 1.800000 2.225000 -4.900000
v 1.800000 2.375000 -4.900000
v 1.800000 2.225000 -5.100000
v 1.800000 2.375000 -5.100000
v 2.000000 2.225000 -4.900000
v 2.000000 2.375000 -4.900000
v 2.000000 2.225000 -5.100000
v 2.000000 2.375000 -5.100000
vn -1.0000 -0.0000 -0.0000
vn -0.0000 -0.0000 -1.0000
vn 1.0000 -0.0000 -0.0000
vn -0.0000 -0.0000 1.0000
vn -0.0000 -1.0000 -0.0000
vn -0.0000 1.0000 -0.0000
vt 0.375000 0.000000
vt 0.625000 0.000000
vt 0.625000 0.250000
vt 0.375000 0.250000
vt 0.625000 0.500000
vt 0.375000 0.500000
vt 0.625000 0.750000
vt 0.375000 0.750000
vt 0.625000 1.000000
vt 0.375000 1.000000
vt 0.125000 0.500000
vt 0.125000 0.750000
vt 0.875000 0.500000
vt 0.875000 0.750000
s 0
usemtl Prod_2_2_3_3
f 1973/3449/1478 1974/3450/1478 1976/3451/1478 1975/3452/1478
f 1975/3452/1479 1976/3451/1479 1980/3453/1479 1979/3454/1479
f 1979/3454/1480 1980/3453/1480 1978/3455/1480 1977/3456/1480
f 1977/3456/1481 1978/3455/1481 1974/3457/1481 1973/3458/1481
f 1975/3459/1482 1979/3454/1482 1977/3456/1482 1973/3460/1482
f 1980/3453/1483 1976/3461/1483 1974/3462/1483 1978/3455/1483
o ShelfBase_2_3
v 3.750000 0.000000 -4.700000
v 3.750000 0.200000 -4.700000
v 3.750000 0.000000 -5.300000
v 3.750000 0.200000 -5.300000
v 5.250000 0.000000 -4.700000
v 5.250000 0.200000 -4.700000
v 5.250000 0.000000 -5.300000
v 5.250000 0.200000 -5.300000
vn -1.0000 -0.0000 -0.0000
vn -0.0000 -0.0000 -1.0000
vn 1.0000 -0.0000 -0.0000
vn -0.0000 -0.0000 1.0000
vn -0.0000 -1.0000 -0.0000
vn -0.0000 1.0000 -0.0000
vt 0.375000 0.000000
vt 0.625000 0.000000
vt 0.625000 0.250000
vt 0.375000 0.250000
vt 0.625000 0.500000
vt 0.375000 0.500000
vt 0.625000 0.750000
vt 0.375000 0.750000
vt 0.625000 1.000000
vt 0.375000 1.000000
vt 0.125000 0.500000
vt 0.125000 0.750000
vt 0.875000 0.500000
vt 0.875000 0.750000
s 0
usemtl ShelfMetal
f 1981/3463/1484 1982/3464/1484 1984/3465/1484 1983/3466/1484
f 1983/3466/1485 1984/3465/1485 1988/3467/1485 1987/3468/1485
f 1987/3468/1486 1988/3467/1486 1986/3469/1486 1985/3470/1486
f 1985/3470/1487 1986/3469/1487 1982/3471/1487 1981/3472/1487
f 1983/3473/1488 1987/3468/1488 1985/3470/1488 1981/3474/1488
f 1988/3467/1489 1984/3475/1489 1982/3476/1489 1986/3469/1489
o Shelf_2_3_0
v 3.750000 0.375000 -4.700000
v 3.750000 0.425000 -4.700000
v 3.750000 0.375000 -5.300000
v 3.750000 0.425000 -5.300000
v 5.250000 0.375000 -4.700000
v 5.250000 0.425000 -4.700000
v 5.250000 0.375000 -5.300000
v 5.250000 0.425000 -5.300000
vn -1.0000 -0.0000 -0.0000
vn -0.0000 -0.0000 -1.0000
vn 1.0000 -0.0000 -0.0000
vn -0.0000 -0.0000 1.0000
vn -0.0000 -1.0000 -0.0000
vn -0.0000 1.0000 -0.0000
vt 0.375000 0.000000
vt 0.625000 0.000000
vt 0.625000 0.250000
vt 0.375000 0.250000
vt 0.625000 0.500000
vt 0.375000 0.500000
vt 0.625000 0.750000
vt 0.375000 0.750000
vt 0.625000 1.000000
vt 0.375000 1.000000
vt 0.125000 0.500000
vt 0.125000 0.750000
vt 0.875000 0.500000
vt 0.875000 0.750000
s 0
usemtl ShelfMetal
f 1989/3477/1490 1990/3478/1490 1992/3479/1490 1991/3480/1490
f 1991/3480/1491 1992/3479/1491 1996/3481/1491 1995/3482/1491
f 1995/3482/1492 1996/3481/1492 1994/3483/1492 1993/3484/1492
f 1993/3484/1493 1994/3483/1493 1990/3485/1493 1989/3486/1493
f 1991/3487/1494 1995/3482/1494 1993/3484/1494 1989/3488/1494
f 1996/3481/1495 1992/3489/1495 1990/3490/1495 1994/3483/1495
o Shelf_2_3_1
v 3.750000 0.975000 -4.700000
v 3.750000 1.025000 -4.700000
v 3.750000 0.975000 -5.300000
v 3.750000 1.025000 -5.300000
v 5.250000 0.975000 -4.700000
v 5.250000 1.025000 -4.700000
v 5.250000 0.975000 -5.300000
v 5.250000 1.025000 -5.300000
vn -1.0000 -0.0000 -0.0000
vn -0.0000 -0.0000 -1.0000
vn 1.0000 -0.0000 -0.0000
vn -0.0000 -0.0000 1.0000
vn -0.0000 -1.0000 -0.0000
vn -0.0000 1.0000 -0.0000
vt 0.375000 0.000000
vt 0.625000 0.000000
vt 0.625000 0.250000
vt 0.375000 0.250000
vt 0.625000 0.500000
vt 0.375000 0.500000
vt 0.625000 0.750000
vt 0.375000 0.750000
vt 0.625000 1.000000
vt 0.375000 1.000000
vt 0.125000 0.500000
vt 0.125000 0.750000
vt 0.875000 0.500000
vt 0.875000 0.750000
s 0
usemtl ShelfMetal
f 1997/3491/1496 1998/3492/1496 2000/3493/1496 1999/3494/1496
f 1999/3494/1497 2000/3493/1497 2004/3495/1497 2003/3496/1497
f 2003/3496/1498 2004/3495/1498 2002/3497/1498 2001/3498/1498
f 2001/3498/1499 2002/3497/1499 1998/3499/1499 1997/3500/1499
f 1999/3501/1500 2003/3496/1500 2001/3498/1500 1997/3502/1500
f 2004/3495/1501 2000/3503/1501 1998/3504/1501 2002/3497/1501
o Shelf_2_3_2
v 3.750000 1.575000 -4.700000
v 3.750000 1.625000 -4.700000
v 3.750000 1.575000 -5.300000
v 3.750000 1.625000 -5.300000
v 5.250000 1.575000 -4.700000
v 5.250000 1.625000 -4.700000
v 5.250000 1.575000 -5.300000
v 5.250000 1.625000 -5.300000
vn -1.0000 -0.0000 -0.0000
vn -0.0000 -0.0000 -1.0000
vn 1.0000 -0.0000 -0.0000
vn -0.0000 -0.0000 1.0000
vn -0.0000 -1.0000 -0.0000
vn -0.0000 1.0000 -0.0000
vt 0.375000 0.000000
vt 0.625000 0.000000
vt 0.625000 0.250000
vt 0.375000 0.250000
vt 0.625000 0.500000
vt 0.375000 0.500000
vt 0.625000 0.750000
vt 0.375000 0.750000
vt 0.625000 1.000000
vt 0.375000 1.000000
vt 0.125000 0.500000
vt 0.125000 0.750000
vt 0.875000 0.500000
vt 0.875000 0.750000
s 0
usemtl ShelfMetal
f 2005/3505/1502 2006/3506/1502 2008/3507/1502 2007/3508/1502
f 2007/3508/1503 2008/3507/1503 2012/3509/1503 2011/3510/1503
f 2011/3510/1504 2012/3509/1504 2010/3511/1504 2009/3512/1504
f 2009/3512/1505 2010/3511/1505 2006/3513/1505 2005/3514/1505
f 2007/3515/1506 2011/3510/1506 2009/3512/1506 2005/3516/1506
f 2012/3509/1507 2008/3517/1507 2006/3518/1507 2010/3511/1507
o Shelf_2_3_3
v 3.750000 2.175000 -4.700000
v 3.750000 2.225000 -4.700000
v 3.750000 2.175000 -5.300000
v 3.750000 2.225000 -5.300000
v 5.250000 2.175000 -4.700000
v 5.250000 2.225000 -4.700000
v 5.250000 2.175000 -5.300000
v 5.250000 2.225000 -5.300000
vn -1.0000 -0.0000 -0.0000
vn -0.0000 -0.0000 -1.0000
vn 1.0000 -0.0000 -0.0000
vn -0.0000 -0.0000 1.0000
vn -0.0000 -1.0000 -0.0000
vn -0.0000 1.0000 -0.0000
vt 0.375000 0.000000
vt 0.625000 0.000000
vt 0.625000 0.250000
vt 0.375000 0.250000
vt 0.625000 0.500000
vt 0.375000 0.500000
vt 0.625000 0.750000
vt 0.375000 0.750000
vt 0.625000 1.000000
vt 0.375000 1.000000
vt 0.125000 0.500000
vt 0.125000 0.750000
vt 0.875000 0.500000
vt 0.875000 0.750000
s 0
usemtl ShelfMetal
f 2013/3519/1508 2014/3520/1508 2016/3521/1508 2015/3522/1508
f 2015/3522/1509 2016/3521/1509 2020/3523/1509 2019/3524/1509
f 2019/3524/1510 2020/3523/1510 2018/3525/1510 2017/3526/1510
f 2017/3526/1511 2018/3525/1511 2014/3527/1511 2013/3528/1511
f 2015/3529/1512 2019/3524/1512 2017/3526/1512 2013/3530/1512
f 2020/3523/1513 2016/3531/1513 2014/3532/1513 2018/3525/1513
o ShelfBack_2_3
v 3.750000 0.500000 -5.275000
v 3.750000 2.500000 -5.275000
v 3.750000 0.500000 -5.325000
v 3.750000 2.500000 -5.325000
v 5.250000 0.500000 -5.275000
v 5.250000 2.500000 -5.275000
v 5.250000 0.500000 -5.325000
v 5.250000 2.500000 -5.325000
vn -1.0000 -0.0000 -0.0000
vn -0.0000 -0.0000 -1.0000
vn 1.0000 -0.0000 -0.0000
vn -0.0000 -0.0000 1.0000
vn -0.0000 -1.0000 -0.0000
vn -0.0000 1.0000 -0.0000
vt 0.375000 0.000000
vt 0.625000 0.000000
vt 0.625000 0.250000
vt 0.375000 0.250000
vt 0.625000 0.500000
vt 0.375000 0.500000
vt 0.625000 0.750000
vt 0.375000 0.750000
vt 0.625000 1.000000
vt 0.375000 1.000000
vt 0.125000 0.500000
vt 0.125000 0.750000
vt 0.875000 0.500000
vt 0.875000 0.750000
s 0
usemtl ShelfMetal
f 2021/3533/1514 2022/3534/1514 2024/3535/1514 2023/3536/1514
f 2023/3536/1515 2024/3535/1515 2028/3537/1515 2027/3538/1515
f 2027/3538/1516 2028/3537/1516 2026/3539/1516 2025/3540/1516
f 2025/3540/1517 2026/3539/1517 2022/3541/1517 2021/3542/1517
f 2023/3543/1518 2027/3538/1518 2025/3540/1518 2021/3544/1518
f 2028/3537/1519 2024/3545/1519 2022/3546/1519 2026/3539/1519
o Product_2_3_0_0
v 3.900000 0.425000 -4.900000
v 3.900000 0.575000 -4.900000
v 3.900000 0.425000 -5.100000
v 3.900000 0.575000 -5.100000
v 4.100000 0.425000 -4.900000
v 4.100000 0.575000 -4.900000
v 4.100000 0.425000 -5.100000
v 4.100000 0.575000 -5.100000
vn -1.0000 -0.0000 -0.0000
vn -0.0000 -0.0000 -1.0000
vn 1.0000 -0.0000 -0.0000
vn -0.0000 -0.0000 1.0000
vn -0.0000 -1.0000 -0.0000
vn -0.0000 1.0000 -0.0000
vt 0.375000 0.000000
vt 0.625000 0.000000
vt 0.625000 0.250000
vt 0.375000 0.250000
vt 0.625000 0.500000
vt 0.375000 0.500000
vt 0.625000 0.750000
vt 0.375000 0.750000
vt 0.625000 1.000000
vt 0.375000 1.000000
vt 0.125000 0.500000
vt 0.125000 0.750000
vt 0.875000 0.500000
vt 0.875000 0.750000
s 0
usemtl Prod_2_3_0_0
f 2029/3547/1520 2030/3548/1520 2032/3549/1520 2031/3550/1520
f 2031/3550/1521 2032/3549/1521 2036/3551/1521 2035/3552/1521
f 2035/3552/1522 2036/3551/1522 2034/3553/1522 2033/3554/1522
f 2033/3554/1523 2034/3553/1523 2030/3555/1523 2029/3556/1523
f 2031/3557/1524 2035/3552/1524 2033/3554/1524 2029/3558/1524
f 2036/3551/1525 2032/3559/1525 2030/3560/1525 2034/3553/1525
o Product_2_3_0_1
v 4.200000 0.425000 -4.900000
v 4.200000 0.575000 -4.900000
v 4.200000 0.425000 -5.100000
v 4.200000 0.575000 -5.100000
v 4.400000 0.425000 -4.900000
v 4.400000 0.575000 -4.900000
v 4.400000 0.425000 -5.100000
v 4.400000 0.575000 -5.100000
vn -1.0000 -0.0000 -0.0000
vn -0.0000 -0.0000 -1.0000
vn 1.0000 -0.0000 -0.0000
vn -0.0000 -0.0000 1.0000
vn -0.0000 -1.0000 -0.0000
vn -0.0000 1.0000 -0.0000
vt 0.375000 0.000000
vt 0.625000 0.000000
vt 0.625000 0.250000
vt 0.375000 0.250000
vt 0.625000 0.500000
vt 0.375000 0.500000
vt 0.625000 0.750000
vt 0.375000 0.750000
vt 0.625000 1.000000
vt 0.375000 1.000000
vt 0.125000 0.500000
vt 0.125000 0.750000
vt 0.875000 0.500000
vt 0.875000 0.750000
s 0
usemtl Prod_2_3_0_1
f 2037/3561/1526 2038/3562/1526 2040/3563/1526 2039/3564/1526
f 2039/3564/1527 2040/3563/1527 2044/3565/1527 2043/3566/1527
f 2043/3566/1528 2044/3565/1528 2042/3567/1528 2041/3568/1528
f 2041/3568/1529 2042/3567/1529 2038/3569/1529 2037/3570/1529
f 2039/3571/1530 2043/3566/1530 2041/3568/1530 2037/3572/1530
f 2044/3565/1531 2040/3573/1531 2038/3574/1531 2042/3567/1531
o Product_2_3_0_2
v 4.500000 0.425000 -4.900000
v 4.500000 0.575000 -4.900000
v 4.500000 0.425000 -5.100000
v 4.500000 0.575000 -5.100000
v 4.700000 0.425000 -4.900000
v 4.700000 0.575000 -4.900000
v 4.700000 0.425000 -5.100000
v 4.700000 0.575000 -5.100000
vn -1.0000 -0.0000 -0.0000
vn -0.0000 -0.0000 -1.0000
vn 1.0000 -0.0000 -0.0000
vn -0.0000 -0.0000 1.0000
vn -0.0000 -1.0000 -0.0000
vn -0.0000 1.0000 -0.0000
vt 0.375000 0.000000
vt 0.625000 0.000000
vt 0.625000 0.250000
vt 0.375000 0.250000
vt 0.625000 0.500000
vt 0.375000 0.500000
vt 0.625000 0.750000
vt 0.375000 0.750000
vt 0.625000 1.000000
vt 0.375000 1.000000
vt 0.125000 0.500000
vt 0.125000 0.750000
vt 0.875000 0.500000
vt 0.875000 0.750000
s 0
usemtl Prod_2_3_0_2
f 2045/3575/1532 2046/3576/1532 2048/3577/1532 2047/3578/1532
f 2047/3578/1533 2048/3577/1533 2052/3579/1533 2051/3580/1533
f 2051/3580/1534 2052/3579/1534 2050/3581/1534 2049/3582/1534
f 2049/3582/1535 2050/3581/1535 2046/3583/1535 2045/3584/1535
f 2047/3585/1536 2051/3580/1536 2049/3582/1536 2045/3586/1536
f 2052/3579/1537 2048/3587/1537 2046/3588/1537 2050/3581/1537
o Product_2_3_0_3
v 4.800000 0.425000 -4.900000
v 4.800000 0.575000 -4.900000
v 4.800000 0.425000 -5.100000
v 4.800000 0.575000 -5.100000
v 5.000000 0.425000 -4.900000
v 5.000000 0.575000 -4.900000
v 5.000000 0.425000 -5.100000
v 5.000000 0.575000 -5.100000
vn -1.0000 -0.0000 -0.0000
vn -0.0000 -0.0000 -1.0000
vn 1.0000 -0.0000 -0.0000
vn -0.0000 -0.0000 1.0000
vn -0.0000 -1.0000 -0.0000
vn -0.0000 1.0000 -0.0000
vt 0.375000 0.000000
vt 0.625000 0.000000
vt 0.625000 0.250000
vt 0.375000 0.250000
vt 0.625000 0.500000
vt 0.375000 0.500000
vt 0.625000 0.750000
vt 0.375000 0.750000
vt 0.625000 1.000000
vt 0.375000 1.000000
vt 0.125000 0.500000
vt 0.125000 0.750000
vt 0.875000 0.500000
vt 0.875000 0.750000
s 0
usemtl Prod_2_3_0_3
f 2053/3589/1538 2054/3590/1538 2056/3591/1538 2055/3592/1538
f 2055/3592/1539 2056/3591/1539 2060/3593/1539 2059/3594/1539
f 2059/3594/1540 2060/3593/1540 2058/3595/1540 2057/3596/1540
f 2057/3596/1541 2058/3595/1541 2054/3597/1541 2053/3598/1541
f 2055/3599/1542 2059/3594/1542 2057/3596/1542 2053/3600/1542
f 2060/3593/1543 2056/3601/1543 2054/3602/1543 2058/3595/1543
o Product_2_3_1_0
v 3.900000 1.025000 -4.900000
v 3.900000 1.175000 -4.900000
v 3.900000 1.025000 -5.100000
v 3.900000 1.175000 -5.100000
v 4.100000 1.025000 -4.900000
v 4.100000 1.175000 -4.900000
v 4.100000 1.025000 -5.100000
v 4.100000 1.175000 -5.100000
vn -1.0000 -0.0000 -0.0000
vn -0.0000 -0.0000 -1.0000
vn 1.0000 -0.0000 -0.0000
vn -0.0000 -0.0000 1.0000
vn -0.0000 -1.0000 -0.0000
vn -0.0000 1.0000 -0.0000
vt 0.375000 0.000000
vt 0.625000 0.000000
vt 0.625000 0.250000
vt 0.375000 0.250000
vt 0.625000 0.500000
vt 0.375000 0.500000
vt 0.625000 0.750000
vt 0.375000 0.750000
vt 0.625000 1.000000
vt 0.375000 1.000000
vt 0.125000 0.500000
vt 0.125000 0.750000
vt 0.875000 0.500000
vt 0.875000 0.750000
s 0
usemtl Prod_2_3_1_0
f 2061/3603/1544 2062/3604/1544 2064/3605/1544 2063/3606/1544
f 2063/3606/1545 2064/3605/1545 2068/3607/1545 2067/3608/1545
f 2067/3608/1546 2068/3607/1546 2066/3609/1546 2065/3610/1546
f 2065/3610/1547 2066/3609/1547 2062/3611/1547 2061/3612/1547
f 2063/3613/1548 2067/3608/1548 2065/3610/1548 2061/3614/1548
f 2068/3607/1549 2064/3615/1549 2062/3616/1549 2066/3609/1549
o Product_2_3_1_1
v 4.200000 1.025000 -4.900000
v 4.200000 1.175000 -4.900000
v 4.200000 1.025000 -5.100000
v 4.200000 1.175000 -5.100000
v 4.400000 1.025000 -4.900000
v 4.400000 1.175000 -4.900000
v 4.400000 1.025000 -5.100000
v 4.400000 1.175000 -5.100000
vn -1.0000 -0.0000 -0.0000
vn -0.0000 -0.0000 -1.0000
vn 1.0000 -0.0000 -0.0000
vn -0.0000 -0.0000 1.0000
vn -0.0000 -1.0000 -0.0000
vn -0.0000 1.0000 -0.0000
vt 0.375000 0.000000
vt 0.625000 0.000000
vt 0.625000 0.250000
vt 0.375000 0.250000
vt 0.625000 0.500000
vt 0.375000 0.500000
vt 0.625000 0.750000
vt 0.375000 0.750000
vt 0.625000 1.000000
vt 0.375000 1.000000
vt 0.125000 0.500000
vt 0.125000 0.750000
vt 0.875000 0.500000
vt 0.875000 0.750000
s 0
usemtl Prod_2_3_1_1
f 2069/3617/1550 2070/3618/1550 2072/3619/1550 2071/3620/1550
f 2071/3620/1551 2072/3619/1551 2076/3621/1551 2075/3622/1551
f 2075/3622/1552 2076/3621/1552 2074/3623/1552 2073/3624/1552
f 2073/3624/1553 2074/3623/1553 2070/3625/1553 2069/3626/1553
f 2071/3627/1554 2075/3622/1554 2073/3624/1554 2069/3628/1554
f 2076/3621/1555 2072/3629/1555 2070/3630/1555 2074/3623/1555
o Product_2_3_1_2
v 4.500000 1.025000 -4.900000
v 4.500000 1.175000 -4.900000
v 4.500000 1.025000 -5.100000
v 4.500000 1.175000 -5.100000
v 4.700000 1.025000 -4.900000
v 4.700000 1.175000 -4.900000
v 4.700000 1.025000 -5.100000
v 4.700000 1.175000 -5.100000
vn -1.0000 -0.0000 -0.0000
vn -0.0000 -0.0000 -1.0000
vn 1.0000 -0.0000 -0.0000
vn -0.0000 -0.0000 1.0000
vn -0.0000 -1.0000 -0.0000
vn -0.0000 1.0000 -0.0000
vt 0.375000 0.000000
vt 0.625000 0.000000
vt 0.625000 0.250000
vt 0.375000 0.250000
vt 0.625000 0.500000
vt 0.375000 0.500000
vt 0.625000 0.750000
vt 0.375000 0.750000
vt 0.625000 1.000000
vt 0.375000 1.000000
vt 0.125000 0.500000
vt 0.125000 0.750000
vt 0.875000 0.500000
vt 0.875000 0.750000
s 0
usemtl Prod_2_3_1_2
f 2077/3631/1556 2078/3632/1556 2080/3633/1556 2079/3634/1556
f 2079/3634/1557 2080/3633/1557 2084/3635/1557 2083/3636/1557
f 2083/3636/1558 2084/3635/1558 2082/3637/1558 2081/3638/1558
f 2081/3638/1559 2082/3637/1559 2078/3639/1559 2077/3640/1559
f 2079/3641/1560 2083/3636/1560 2081/3638/1560 2077/3642/1560
f 2084/3635/1561 2080/3643/1561 2078/3644/1561 2082/3637/1561
o Product_2_3_1_3
v 4.800000 1.025000 -4.900000
v 4.800000 1.175000 -4.900000
v 4.800000 1.025000 -5.100000
v 4.800000 1.175000 -5.100000
v 5.000000 1.025000 -4.900000
v 5.000000 1.175000 -4.900000
v 5.000000 1.025000 -5.100000
v 5.000000 1.175000 -5.100000
vn -1.0000 -0.0000 -0.0000
vn -0.0000 -0.0000 -1.0000
vn 1.0000 -0.0000 -0.0000
vn -0.0000 -0.0000 1.0000
vn -0.0000 -1.0000 -0.0000
vn -0.0000 1.0000 -0.0000
vt 0.375000 0.000000
vt 0.625000 0.000000
vt 0.625000 0.250000
vt 0.375000 0.250000
vt 0.625000 0.500000
vt 0.375000 0.500000
vt 0.625000 0.750000
vt 0.375000 0.750000
vt 0.625000 1.000000
vt 0.375000 1.000000
vt 0.125000 0.500000
vt 0.125000 0.750000
vt 0.875000 0.500000
vt 0.875000 0.750000
s 0
usemtl Prod_2_3_1_3
f 2085/3645/1562 2086/3646/1562 2088/3647/1562 2087/3648/1562
f 2087/3648/1563 2088/3647/1563 2092/3649/1563 2091/3650/1563
f 2091/3650/1564 2092/3649/1564 2090/3651/1564 2089/3652/1564
f 2089/3652/1565 2090/3651/1565 2086/3653/1565 2085/3654/1565
f 2087/3655/1566 2091/3650/1566 2089/3652/1566 2085/3656/1566
f 2092/3649/1567 2088/3657/1567 2086/3658/1567 2090/3651/1567
o Product_2_3_2_0
v 3.900000 1.625000 -4.900000
v 3.900000 1.775000 -4.900000
v 3.900000 1.625000 -5.100000
v 3.900000 1.775000 -5.100000
v 4.100000 1.625000 -4.900000
v 4.100000 1.775000 -4.900000
v 4.100000 1.625000 -5.100000
v 4.100000 1.775000 -5.100000
vn -1.0000 -0.0000 -0.0000
vn -0.0000 -0.0000 -1.0000
vn 1.0000 -0.0000 -0.0000
vn -0.0000 -0.0000 1.0000
vn -0.0000 -1.0000 -0.0000
vn -0.0000 1.0000 -0.0000
vt 0.375000 0.000000
vt 0.625000 0.000000
vt 0.625000 0.250000
vt 0.375000 0.250000
vt 0.625000 0.500000
vt 0.375000 0.500000
vt 0.625000 0.750000
vt 0.375000 0.750000
vt 0.625000 1.000000
vt 0.375000 1.000000
vt 0.125000 0.500000
vt 0.125000 0.750000
vt 0.875000 0.500000
vt 0.875000 0.750000
s 0
usemtl Prod_2_3_2_0
f 2093/3659/1568 2094/3660/1568 2096/3661/1568 2095/3662/1568
f 2095/3662/1569 2096/3661/1569 2100/3663/1569 2099/3664/1569
f 2099/3664/1570 2100/3663/1570 2098/3665/1570 2097/3666/1570
f 2097/3666/1571 2098/3665/1571 2094/3667/1571 2093/3668/1571
f 2095/3669/1572 2099/3664/1572 2097/3666/1572 2093/3670/1572
f 2100/3663/1573 2096/3671/1573 2094/3672/1573 2098/3665/1573
o Product_2_3_2_1
v 4.200000 1.625000 -4.900000
v 4.200000 1.775000 -4.900000
v 4.200000 1.625000 -5.100000
v 4.200000 1.775000 -5.100000
v 4.400000 1.625000 -4.900000
v 4.400000 1.775000 -4.900000
v 4.400000 1.625000 -5.100000
v 4.400000 1.775000 -5.100000
vn -1.0000 -0.0000 -0.0000
vn -0.0000 -0.0000 -1.0000
vn 1.0000 -0.0000 -0.0000
vn -0.0000 -0.0000 1.0000
vn -0.0000 -1.0000 -0.0000
vn -0.0000 1.0000 -0.0000
vt 0.375000 0.000000
vt 0.625000 0.000000
vt 0.625000 0.250000
vt 0.375000 0.250000
vt 0.625000 0.500000
vt 0.375000 0.500000
vt 0.625000 0.750000
vt 0.375000 0.750000
vt 0.625000 1.000000
vt 0.375000 1.000000
vt 0.125000 0.500000
vt 0.125000 0.750000
vt 0.875000 0.500000
vt 0.875000 0.750000
s 0
usemtl Prod_2_3_2_1
f 2101/3673/1574 2102/3674/1574 2104/3675/1574 2103/3676/1574
f 2103/3676/1575 2104/3675/1575 2108/3677/1575 2107/3678/1575
f 2107/3678/1576 2108/3677/1576 2106/3679/1576 2105/3680/1576
f 2105/3680/1577 2106/3679/1577 2102/3681/1577 2101/3682/1577
f 2103/3683/1578 2107/3678/1578 2105/3680/1578 2101/3684/1578
f 2108/3677/1579 2104/3685/1579 2102/3686/1579 2106/3679/1579
o Product_2_3_2_2
v 4.500000 1.625000 -4.900000
v 4.500000 1.775000 -4.900000
v 4.500000 1.625000 -5.100000
v 4.500000 1.775000 -5.100000
v 4.700000 1.625000 -4.900000
v 4.700000 1.775000 -4.900000
v 4.700000 1.625000 -5.100000
v 4.700000 1.775000 -5.100000
vn -1.0000 -0.0000 -0.0000
vn -0.0000 -0.0000 -1.0000
vn 1.0000 -0.0000 -0.0000
vn -0.0000 -0.0000 1.0000
vn -0.0000 -1.0000 -0.0000
vn -0.0000 1.0000 -0.0000
vt 0.375000 0.000000
vt 0.625000 0.000000
vt 0.625000 0.250000
vt 0.375000 0.250000
vt 0.625000 0.500000
vt 0.375000 0.500000
vt 0.625000 0.750000
vt 0.375000 0.750000
vt 0.625000 1.000000
vt 0.375000 1.000000
vt 0.125000 0.500000
vt 0.125000 0.750000
vt 0.875000 0.500000
vt 0.875000 0.750000
s 0
usemtl Prod_2_3_2_2
f 2109/3687/1580 2110/3688/1580 2112/3689/1580 2111/3690/1580
f 2111/3690/1581 2112/3689/1581 2116/3691/1581 2115/3692/1581
f 2115/3692/1582 2116/3691/1582 2114/3693/1582 2113/3694/1582
f 2113/3694/1583 2114/3693/1583 2110/3695/1583 2109/3696/1583
f 2111/3697/1584 2115/3692/1584 2113/3694/1584 2109/3698/1584
f 2116/3691/1585 2112/3699/1585 2110/3700/1585 2114/3693/1585
o Product_2_3_2_3
v 4.800000 1.625000 -4.900000
v 4.800000 1.775000 -4.900000
v 4.800000 1.625000 -5.100000
v 4.800000 1.775000 -5.100000
v 5.000000 1.625000 -4.900000
v 5.000000 1.775000 -4.900000
v 5.000000 1.625000 -5.100000
v 5.000000 1.775000 -5.100000
vn -1.0000 -0.0000 -0.0000
vn -0.0000 -0.0000 -1.0000
vn 1.0000 -0.0000 -0.0000
vn -0.0000 -0.0000 1.0000
vn -0.0000 -1.0000 -0.0000
vn -0.0000 1.0000 -0.0000
vt 0.375000 0.000000
vt 0.625000 0.000000
vt 0.625000 0.250000
vt 0.375000 0.250000
vt 0.625000 0.500000
vt 0.375000 0.500000
vt 0.625000 0.750000
vt 0.375000 0.750000
vt 0.625000 1.000000
vt 0.375000 1.000000
vt 0.125000 0.500000
vt 0.125000 0.750000
vt 0.875000 0.500000
vt 0.875000 0.750000
s 0
usemtl Prod_2_3_2_3
f 2117/3701/1586 2118/3702/1586 2120/3703/1586 2119/3704/1586
f 2119/3704/1587 2120/3703/1587 2124/3705/1587 2123/3706/1587
f 2123/3706/1588 2124/3705/1588 2122/3707/1588 2121/3708/1588
f 2121/3708/1589 2122/3707/1589 2118/3709/1589 2117/3710/1589
f 2119/3711/1590 2123/3706/1590 2121/3708/1590 2117/3712/1590
f 2124/3705/1591 2120/3713/1591 2118/3714/1591 2122/3707/1591
o Product_2_3_3_0
v 3.900000 2.225000 -4.900000
v 3.900000 2.375000 -4.900000
v 3.900000 2.225000 -5.100000
v 3.900000 2.375000 -5.100000
v 4.100000 2.225000 -4.900000
v 4.100000 2.375000 -4.900000
v 4.100000 2.225000 -5.100000
v 4.100000 2.375000 -5.100000
vn -1.0000 -0.0000 -0.0000
vn -0.0000 -0.0000 -1.0000
vn 1.0000 -0.0000 -0.0000
vn -0.0000 -0.0000 1.0000
vn -0.0000 -1.0000 -0.0000
vn -0.0000 1.0000 -0.0000
vt 0.375000 0.000000
vt 0.625000 0.000000
vt 0.625000 0.250000
vt 0.375000 0.250000
vt 0.625000 0.500000
vt 0.375000 0.500000
vt 0.625000 0.750000
vt 0.375000 0.750000
vt 0.625000 1.000000
vt 0.375000 1.000000
vt 0.125000 0.500000
vt 0.125000 0.750000
vt 0.875000 0.500000
vt 0.875000 0.750000
s 0
usemtl Prod_2_3_3_0
f 2125/3715/1592 2126/3716/1592 2128/3717/1592 2127/3718/1592
f 2127/3718/1593 2128/3717/1593 2132/3719/1593 2131/3720/1593
f 2131/3720/1594 2132/3719/1594 2130/3721/1594 2129/3722/1594
f 2129/3722/1595 2130/3721/1595 2126/3723/1595 2125/3724/1595
f 2127/3725/1596 2131/3720/1596 2129/3722/1596 2125/3726/1596
f 2132/3719/1597 2128/3727/1597 2126/3728/1597 2130/3721/1597
o Product_2_3_3_1
v 4.200000 2.225000 -4.900000
v 4.200000 2.375000 -4.900000
v 4.200000 2.225000 -5.100000
v 4.200000 2.375000 -5.100000
v 4.400000 2.225000 -4.900000
v 4.400000 2.375000 -4.900000
v 4.400000 2.225000 -5.100000
v 4.400000 2.375000 -5.100000
vn -1.0000 -0.0000 -0.0000
vn -0.0000 -0.0000 -1.0000
vn 1.0000 -0.0000 -0.0000
vn -0.0000 -0.0000 1.0000
vn -0.0000 -1.0000 -0.0000
vn -0.0000 1.0000 -0.0000
vt 0.375000 0.000000
vt 0.625000 0.000000
vt 0.625000 0.250000
vt 0.375000 0.250000
vt 0.625000 0.500000
vt 0.375000 0.500000
vt 0.625000 0.750000
vt 0.375000 0.750000
vt 0.625000 1.000000
vt 0.375000 1.000000
vt 0.125000 0.500000
vt 0.125000 0.750000
vt 0.875000 0.500000
vt 0.875000 0.750000
s 0
usemtl Prod_2_3_3_1
f 2133/3729/1598 2134/3730/1598 2136/3731/1598 2135/3732/1598
f 2135/3732/1599 2136/3731/1599 2140/3733/1599 2139/3734/1599
f 2139/3734/1600 2140/3733/1600 2138/3735/1600 2137/3736/1600
f 2137/3736/1601 2138/3735/1601 2134/3737/1601 2133/3738/1601
f 2135/3739/1602 2139/3734/1602 2137/3736/1602 2133/3740/1602
f 2140/3733/1603 2136/3741/1603 2134/3742/1603 2138/3735/1603
o Product_2_3_3_2
v 4.500000 2.225000 -4.900000
v 4.500000 2.375000 -4.900000
v 4.500000 2.225000 -5.100000
v 4.500000 2.375000 -5.100000
v 4.700000 2.225000 -4.900000
v 4.700000 2.375000 -4.900000
v 4.700000 2.225000 -5.100000
v 4.700000 2.375000 -5.100000
vn -1.0000 -0.0000 -0.0000
vn -0.0000 -0.0000 -1.0000
vn 1.0000 -0.0000 -0.0000
vn -0.0000 -0.0000 1.0000
vn -0.0000 -1.0000 -0.0000
vn -0.0000 1.0000 -0.0000
vt 0.375000 0.000000
vt 0.625000 0.000000
vt 0.625000 0.250000
vt 0.375000 0.250000
vt 0.625000 0.500000
vt 0.375000 0.500000
vt 0.625000 0.750000
vt 0.375000 0.750000
vt 0.625000 1.000000
vt 0.375000 1.000000
vt 0.125000 0.500000
vt 0.125000 0.750000
vt 0.875000 0.500000
vt 0.875000 0.750000
s 0
usemtl Prod_2_3_3_2
f 2141/3743/1604 2142/3744/1604 2144/3745/1604 2143/3746/1604
f 2143/3746/1605 2144/3745/1605 2148/3747/1605 2147/3748/1605
f 2147/3748/1606 2148/3747/1606 2146/3749/1606 2145/3750/1606
f 2145/3750/1607 2146/3749/1607 2142/3751/1607 2141/3752/1607
f 2143/3753/1608 2147/3748/1608 2145/3750/1608 2141/3754/1608
f 2148/3747/1609 2144/3755/1609 2142/3756/1609 2146/3749/1609
o Product_2_3_3_3
v 4.800000 2.225000 -4.900000
v 4.800000 2.375000 -4.900000
v 4.800000 2.225000 -5.100000
v 4.800000 2.375000 -5.100000
v 5.000000 2.225000 -4.900000
v 5.000000 2.375000 -4.900000
v 5.000000 2.225000 -5.100000
v 5.000000 2.375000 -5.100000
vn -1.0000 -0.0000 -0.0000
vn -0.0000 -0.0000 -1.0000
vn 1.0000 -0.0000 -0.0000
vn -0.0000 -0.0000 1.0000
vn -0.0000 -1.0000 -0.0000
vn -0.0000 1.0000 -0.0000
vt 0.375000 0.000000
vt 0.625000 0.000000
vt 0.625000 0.250000
vt 0.375000 0.250000
vt 0.625000 0.500000
vt 0.375000 0.500000
vt 0.625000 0.750000
vt 0.375000 0.750000
vt 0.625000 1.000000
vt 0.375000 1.000000
vt 0.125000 0.500000
vt 0.125000 0.750000
vt 0.875000 0.500000
vt 0.875000 0.750000
s 0
usemtl Prod_2_3_3_3
f 2149/3757/1610 2150/3758/1610 2152/3759/1610 2151/3760/1610
f 2151/3760/1611 2152/3759/1611 2156/3761/1611 2155/3762/1611
f 2155/3762/1612 2156/3761/1612 2154/3763/1612 2153/3764/1612
f 2153/3764/1613 2154/3763/1613 2150/3765/1613 2149/3766/1613
f 2151/3767/1614 2155/3762/1614 2153/3764/1614 2149/3768/1614
f 2156/3761/1615 2152/3769/1615 2150/3770/1615 2154/3763/1615
o Cooler_0
v -6.250000 0.000000 -7.200000
v -6.250000 2.400000 -7.200000
v -6.250000 0.000000 -7.800000
v -6.250000 2.400000 -7.800000
v -3.750000 0.000000 -7.200000
v -3.750000 2.400000 -7.200000
v -3.750000 0.000000 -7.800000
v -3.750000 2.400000 -7.800000
vn -1.0000 -0.0000 -0.0000
vn -0.0000 -0.0000 -1.0000
vn 1.0000 -0.0000 -0.0000
vn -0.0000 -0.0000 1.0000
vn -0.0000 -1.0000 -0.0000
vn -0.0000 1.0000 -0.0000
vt 0.375000 0.000000
vt 0.625000 0.000000
vt 0.625000 0.250000
vt 0.375000 0.250000
vt 0.625000 0.500000
vt 0.375000 0.500000
vt 0.625000 0.750000
vt 0.375000 0.750000
vt 0.625000 1.000000
vt 0.375000 1.000000
vt 0.125000 0.500000
vt 0.125000 0.750000
vt 0.875000 0.500000
vt 0.875000 0.750000
s 0
usemtl Cooler
f 2157/3771/1616 2158/3772/1616 2160/3773/1616 2159/3774/1616
f 2159/3774/1617 2160/3773/1617 2164/3775/1617 2163/3776/1617
f 2163/3776/1618 2164/3775/1618 2162/3777/1618 2161/3778/1618
f 2161/3778/1619 2162/3777/1619 2158/3779/1619 2157/3780/1619
f 2159/3781/1620 2163/3776/1620 2161/3778/1620 2157/3782/1620
f 2164/3775/1621 2160/3783/1621 2158/3784/1621 2162/3777/1621
o CoolerGlass_0
v -6.200000 1.200000 -6.050000
v -3.800000 1.200000 -6.050000
v -6.200000 1.200000 -8.349999
v -3.800000 1.200000 -8.349999
vn -0.0000 1.0000 -0.0000
vt 0.000000 0.000000
vt 1.000000 0.000000
vt 1.000000 1.000000
vt 0.000000 1.000000
s 0
usemtl GlassDoor
f 2165/3785/1622 2166/3786/1622 2168/3787/1622 2167/3788/1622
o Cooler_1
v -3.250000 0.000000 -7.200000
v -3.250000 2.400000 -7.200000
v -3.250000 0.000000 -7.800000
v -3.250000 2.400000 -7.800000
v -0.750000 0.000000 -7.200000
v -0.750000 2.400000 -7.200000
v -0.750000 0.000000 -7.800000
v -0.750000 2.400000 -7.800000
vn -1.0000 -0.0000 -0.0000
vn -0.0000 -0.0000 -1.0000
vn 1.0000 -0.0000 -0.0000
vn -0.0000 -0.0000 1.0000
vn -0.0000 -1.0000 -0.0000
vn -0.0000 1.0000 -0.0000
vt 0.375000 0.000000
vt 0.625000 0.000000
vt 0.625000 0.250000
vt 0.375000 0.250000
vt 0.625000 0.500000
vt 0.375000 0.500000
vt 0.625000 0.750000
vt 0.375000 0.750000
vt 0.625000 1.000000
vt 0.375000 1.000000
vt 0.125000 0.500000
vt 0.125000 0.750000
vt 0.875000 0.500000
vt 0.875000 0.750000
s 0
usemtl Cooler
f 2169/3789/1623 2170/3790/1623 2172/3791/1623 2171/3792/1623
f 2171/3792/1624 2172/3791/1624 2176/3793/1624 2175/3794/1624
f 2175/3794/1625 2176/3793/1625 2174/3795/1625 2173/3796/1625
f 2173/3796/1626 2174/3795/1626 2170/3797/1626 2169/3798/1626
f 2171/3799/1627 2175/3794/1627 2173/3796/1627 2169/3800/1627
f 2176/3793/1628 2172/3801/1628 2170/3802/1628 2174/3795/1628
o CoolerGlass_1
v -3.200000 1.200000 -6.050000
v -0.800000 1.200000 -6.050000
v -3.200000 1.200000 -8.349999
v -0.800000 1.200000 -8.349999
vn -0.0000 1.0000 -0.0000
vt 0.000000 0.000000
vt 1.000000 0.000000
vt 1.000000 1.000000
vt 0.000000 1.000000
s 0
usemtl GlassDoor
f 2177/3803/1629 2178/3804/1629 2180/3805/1629 2179/3806/1629
o Cooler_2
v -0.250000 0.000000 -7.200000
v -0.250000 2.400000 -7.200000
v -0.250000 0.000000 -7.800000
v -0.250000 2.400000 -7.800000
v 2.250000 0.000000 -7.200000
v 2.250000 2.400000 -7.200000
v 2.250000 0.000000 -7.800000
v 2.250000 2.400000 -7.800000
vn -1.0000 -0.0000 -0.0000
vn -0.0000 -0.0000 -1.0000
vn 1.0000 -0.0000 -0.0000
vn -0.0000 -0.0000 1.0000
vn -0.0000 -1.0000 -0.0000
vn -0.0000 1.0000 -0.0000
vt 0.375000 0.000000
vt 0.625000 0.000000
vt 0.625000 0.250000
vt 0.375000 0.250000
vt 0.625000 0.500000
vt 0.375000 0.500000
vt 0.625000 0.750000
vt 0.375000 0.750000
vt 0.625000 1.000000
vt 0.375000 1.000000
vt 0.125000 0.500000
vt 0.125000 0.750000
vt 0.875000 0.500000
vt 0.875000 0.750000
s 0
usemtl Cooler
f 2181/3807/1630 2182/3808/1630 2184/3809/1630 2183/3810/1630
f 2183/3810/1631 2184/3809/1631 2188/3811/1631 2187/3812/1631
f 2187/3812/1632 2188/3811/1632 2186/3813/1632 2185/3814/1632
f 2185/3814/1633 2186/3813/1633 2182/3815/1633 2181/3816/1633
f 2183/3817/1634 2187/3812/1634 2185/3814/1634 2181/3818/1634
f 2188/3811/1635 2184/3819/1635 2182/3820/1635 2186/3813/1635
o CoolerGlass_2
v -0.200000 1.200000 -6.050000
v 2.200000 1.200000 -6.050000
v -0.200000 1.200000 -8.349999
v 2.200000 1.200000 -8.349999
vn -0.0000 1.0000 -0.0000
vt 0.000000 0.000000
vt 1.000000 0.000000
vt 1.000000 1.000000
vt 0.000000 1.000000
s 0
usemtl GlassDoor
f 2189/3821/1636 2190/3822/1636 2192/3823/1636 2191/3824/1636
o Cooler_3
v 2.750000 0.000000 -7.200000
v 2.750000 2.400000 -7.200000
v 2.750000 0.000000 -7.800000
v 2.750000 2.400000 -7.800000
v 5.250000 0.000000 -7.200000
v 5.250000 2.400000 -7.200000
v 5.250000 0.000000 -7.800000
v 5.250000 2.400000 -7.800000
vn -1.0000 -0.0000 -0.0000
vn -0.0000 -0.0000 -1.0000
vn 1.0000 -0.0000 -0.0000
vn -0.0000 -0.0000 1.0000
vn -0.0000 -1.0000 -0.0000
vn -0.0000 1.0000 -0.0000
vt 0.375000 0.000000
vt 0.625000 0.000000
vt 0.625000 0.250000
vt 0.375000 0.250000
vt 0.625000 0.500000
vt 0.375000 0.500000
vt 0.625000 0.750000
vt 0.375000 0.750000
vt 0.625000 1.000000
vt 0.375000 1.000000
vt 0.125000 0.500000
vt 0.125000 0.750000
vt 0.875000 0.500000
vt 0.875000 0.750000
s 0
usemtl Cooler
f 2193/3825/1637 2194/3826/1637 2196/3827/1637 2195/3828/1637
f 2195/3828/1638 2196/3827/1638 2200/3829/1638 2199/3830/1638
f 2199/3830/1639 2200/3829/1639 2198/3831/1639 2197/3832/1639
f 2197/3832/1640 2198/3831/1640 2194/3833/1640 2193/3834/1640
f 2195/3835/1641 2199/3830/1641 2197/3832/1641 2193/3836/1641
f 2200/3829/1642 2196/3837/1642 2194/3838/1642 2198/3831/1642
o CoolerGlass_3
v 2.800000 1.200000 -6.050000
v 5.200000 1.200000 -6.050000
v 2.800000 1.200000 -8.349999
v 5.200000 1.200000 -8.349999
vn -0.0000 1.0000 -0.0000
vt 0.000000 0.000000
vt 1.000000 0.000000
vt 1.000000 1.000000
vt 0.000000 1.000000
s 0
usemtl GlassDoor
f 2201/3839/1643 2202/3840/1643 2204/3841/1643 2203/3842/1643
o CheckoutCounter
v 2.250000 0.000000 6.300000
v 2.250000 1.000000 6.300000
v 2.250000 0.000000 5.700000
v 2.250000 1.000000 5.700000
v 3.750000 0.000000 6.300000
v 3.750000 1.000000 6.300000
v 3.750000 0.000000 5.700000
v 3.750000 1.000000 5.700000
vn -1.0000 -0.0000 -0.0000
vn -0.0000 -0.0000 -1.0000
vn 1.0000 -0.0000 -0.0000
vn -0.0000 -0.0000 1.0000
vn -0.0000 -1.0000 -0.0000
vn -0.0000 1.0000 -0.0000
vt 0.375000 0.000000
vt 0.625000 0.000000
vt 0.625000 0.250000
vt 0.375000 0.250000
vt 0.625000 0.500000
vt 0.375000 0.500000
vt 0.625000 0.750000
vt 0.375000 0.750000
vt 0.625000 1.000000
vt 0.375000 1.000000
vt 0.125000 0.500000
vt 0.125000 0.750000
vt 0.875000 0.500000
vt 0.875000 0.750000
s 0
usemtl Checkout
f 2205/3843/1644 2206/3844/1644 2208/3845/1644 2207/3846/1644
f 2207/3846/1645 2208/3845/1645 2212/3847/1645 2211/3848/1645
f 2211/3848/1646 2212/3847/1646 2210/3849/1646 2209/3850/1646
f 2209/3850/1647 2210/3849/1647 2206/3851/1647 2205/3852/1647
f 2207/3853/1648 2211/3848/1648 2209/3850/1648 2205/3854/1648
f 2212/3847/1649 2208/3855/1649 2206/3856/1649 2210/3849/1649
o Register
v 2.800000 1.025000 5.850000
v 2.800000 1.175000 5.850000
v 2.800000 1.025000 5.550000
v 2.800000 1.175000 5.550000
v 3.200000 1.025000 5.850000
v 3.200000 1.175000 5.850000
v 3.200000 1.025000 5.550000
v 3.200000 1.175000 5.550000
vn -1.0000 -0.0000 -0.0000
vn -0.0000 -0.0000 -1.0000
vn 1.0000 -0.0000 -0.0000
vn -0.0000 -0.0000 1.0000
vn -0.0000 -1.0000 -0.0000
vn -0.0000 1.0000 -0.0000
vt 0.375000 0.000000
vt 0.625000 0.000000
vt 0.625000 0.250000
vt 0.375000 0.250000
vt 0.625000 0.500000
vt 0.375000 0.500000
vt 0.625000 0.750000
vt 0.375000 0.750000
vt 0.625000 1.000000
vt 0.375000 1.000000
vt 0.125000 0.500000
vt 0.125000 0.750000
vt 0.875000 0.500000
vt 0.875000 0.750000
s 0
usemtl ShelfMetal
f 2213/3857/1650 2214/3858/1650 2216/3859/1650 2215/3860/1650
f 2215/3860/1651 2216/3859/1651 2220/3861/1651 2219/3862/1651
f 2219/3862/1652 2220/3861/1652 2218/3863/1652 2217/3864/1652
f 2217/3864/1653 2218/3863/1653 2214/3865/1653 2213/3866/1653
f 2215/3867/1654 2219/3862/1654 2217/3864/1654 2213/3868/1654
f 2220/3861/1655 2216/3869/1655 2214/3870/1655 2218/3863/1655
